<gpx xmlns="http://www.topografix.com/GPX/1/1" xmlns:xsi="http://www.w3.org/2001/XMLSchema-instance" xsi:schemaLocation="http://www.topografix.com/GPX/1/1 http://www.topografix.com/GPX/1/1/gpx.xsd" version="1.1" creator="togpx"><trk><name>Трек 1</name><desc>name=Трек 1</desc><trkseg><trkpt lat="56.3729035" lon="84.5485789"><ele>98.2</ele><time>1970-01-01T00:00:00.000Z</time></trkpt><trkpt lat="56.3729115" lon="84.5485968"><ele>97.6</ele><time>1970-01-01T00:00:00.000Z</time></trkpt><trkpt lat="56.3729787" lon="84.5486916"><ele>98</ele><time>1970-01-01T00:00:00.000Z</time></trkpt><trkpt lat="56.3729677" lon="84.5487023"><ele>97.9</ele><time>1970-01-01T00:00:00.000Z</time></trkpt><trkpt lat="56.3729567" lon="84.5487063"><ele>97</ele><time>1970-01-01T00:00:00.000Z</time></trkpt><trkpt lat="56.3729393" lon="84.5487124"><ele>97.6</ele><time>1970-01-01T00:00:00.000Z</time></trkpt><trkpt lat="56.3729386" lon="84.5486748"><ele>98.6</ele><time>1970-01-01T00:00:00.000Z</time></trkpt><trkpt lat="56.3729356" lon="84.5486772"><ele>98.5</ele><time>1970-01-01T00:00:00.000Z</time></trkpt><trkpt lat="56.3729437" lon="84.5486528"><ele>97.2</ele><time>1970-01-01T00:00:00.000Z</time></trkpt><trkpt lat="56.3729487" lon="84.5486267"><ele>97</ele><time>1970-01-01T00:00:00.000Z</time></trkpt><trkpt lat="56.3729442" lon="84.5486266"><ele>97.4</ele><time>1970-01-01T00:00:00.000Z</time></trkpt><trkpt lat="56.3729417" lon="84.5486202"><ele>96.8</ele><time>1970-01-01T00:00:00.000Z</time></trkpt><trkpt lat="56.3729406" lon="84.5486231"><ele>96.6</ele><time>1970-01-01T00:00:00.000Z</time></trkpt><trkpt lat="56.3729406" lon="84.5486224"><ele>96.6</ele><time>1970-01-01T00:00:00.000Z</time></trkpt><trkpt lat="56.3729408" lon="84.5486212"><ele>96.5</ele><time>1970-01-01T00:00:00.000Z</time></trkpt><trkpt lat="56.3729406" lon="84.5486204"><ele>96.5</ele><time>1970-01-01T00:00:00.000Z</time></trkpt><trkpt lat="56.3729413" lon="84.5486191"><ele>96.3</ele><time>1970-01-01T00:00:00.000Z</time></trkpt><trkpt lat="56.3729433" lon="84.548619"><ele>96.7</ele><time>1970-01-01T00:00:00.000Z</time></trkpt><trkpt lat="56.3729421" lon="84.5486196"><ele>96.9</ele><time>1970-01-01T00:00:00.000Z</time></trkpt><trkpt lat="56.372942" lon="84.548619"><ele>96.9</ele><time>1970-01-01T00:00:00.000Z</time></trkpt><trkpt lat="56.37294" lon="84.5486172"><ele>97.2</ele><time>1970-01-01T00:00:00.000Z</time></trkpt><trkpt lat="56.3729336" lon="84.5486132"><ele>98.6</ele><time>1970-01-01T00:00:00.000Z</time></trkpt><trkpt lat="56.3729356" lon="84.5486149"><ele>99</ele><time>1970-01-01T00:00:00.000Z</time></trkpt><trkpt lat="56.372934" lon="84.5486114"><ele>99</ele><time>1970-01-01T00:00:00.000Z</time></trkpt><trkpt lat="56.3729332" lon="84.5486083"><ele>99</ele><time>1970-01-01T00:00:00.000Z</time></trkpt><trkpt lat="56.3729309" lon="84.5486001"><ele>100</ele><time>1970-01-01T00:00:00.000Z</time></trkpt><trkpt lat="56.3729244" lon="84.5485959"><ele>100</ele><time>1970-01-01T00:00:00.000Z</time></trkpt><trkpt lat="56.3729183" lon="84.5485963"><ele>99.8</ele><time>1970-01-01T00:00:00.000Z</time></trkpt><trkpt lat="56.3728961" lon="84.5485691"><ele>99.1</ele><time>1970-01-01T00:00:00.000Z</time></trkpt><trkpt lat="56.3728636" lon="84.5485242"><ele>97.8</ele><time>1970-01-01T00:00:00.000Z</time></trkpt><trkpt lat="56.3728165" lon="84.5484554"><ele>97.4</ele><time>1970-01-01T00:00:00.000Z</time></trkpt><trkpt lat="56.3727888" lon="84.5483929"><ele>97.5</ele><time>1970-01-01T00:00:00.000Z</time></trkpt><trkpt lat="56.3727296" lon="84.5483225"><ele>97.2</ele><time>1970-01-01T00:00:00.000Z</time></trkpt><trkpt lat="56.372681" lon="84.5482567"><ele>95.8</ele><time>1970-01-01T00:00:00.000Z</time></trkpt><trkpt lat="56.3726441" lon="84.548176"><ele>95.6</ele><time>1970-01-01T00:00:00.000Z</time></trkpt><trkpt lat="56.3725916" lon="84.5481124"><ele>96</ele><time>1970-01-01T00:00:00.000Z</time></trkpt><trkpt lat="56.3725448" lon="84.548058"><ele>94.9</ele><time>1970-01-01T00:00:00.000Z</time></trkpt><trkpt lat="56.3725036" lon="84.5479917"><ele>95.1</ele><time>1970-01-01T00:00:00.000Z</time></trkpt><trkpt lat="56.372454" lon="84.5479152"><ele>96.4</ele><time>1970-01-01T00:00:00.000Z</time></trkpt><trkpt lat="56.3723749" lon="84.5478214"><ele>97.4</ele><time>1970-01-01T00:00:00.000Z</time></trkpt><trkpt lat="56.3723006" lon="84.5477105"><ele>97.5</ele><time>1970-01-01T00:00:00.000Z</time></trkpt><trkpt lat="56.372234" lon="84.5476269"><ele>97.9</ele><time>1970-01-01T00:00:00.000Z</time></trkpt><trkpt lat="56.372179" lon="84.547566"><ele>97.6</ele><time>1970-01-01T00:00:00.000Z</time></trkpt><trkpt lat="56.3721202" lon="84.5474876"><ele>96.8</ele><time>1970-01-01T00:00:00.000Z</time></trkpt><trkpt lat="56.3720618" lon="84.5474133"><ele>96.4</ele><time>1970-01-01T00:00:00.000Z</time></trkpt><trkpt lat="56.372008" lon="84.5473465"><ele>96.5</ele><time>1970-01-01T00:00:00.000Z</time></trkpt><trkpt lat="56.3719537" lon="84.547278"><ele>96.7</ele><time>1970-01-01T00:00:00.000Z</time></trkpt><trkpt lat="56.3718902" lon="84.5472186"><ele>96.5</ele><time>1970-01-01T00:00:00.000Z</time></trkpt><trkpt lat="56.3718287" lon="84.5471539"><ele>95.9</ele><time>1970-01-01T00:00:00.000Z</time></trkpt><trkpt lat="56.371767" lon="84.5470736"><ele>94.6</ele><time>1970-01-01T00:00:00.000Z</time></trkpt><trkpt lat="56.3716936" lon="84.546982"><ele>94.1</ele><time>1970-01-01T00:00:00.000Z</time></trkpt><trkpt lat="56.3716386" lon="84.5469043"><ele>94.1</ele><time>1970-01-01T00:00:00.000Z</time></trkpt><trkpt lat="56.3715755" lon="84.5468205"><ele>94.3</ele><time>1970-01-01T00:00:00.000Z</time></trkpt><trkpt lat="56.3715095" lon="84.5467489"><ele>93.3</ele><time>1970-01-01T00:00:00.000Z</time></trkpt><trkpt lat="56.3714437" lon="84.5466661"><ele>93.4</ele><time>1970-01-01T00:00:00.000Z</time></trkpt><trkpt lat="56.3713805" lon="84.5465873"><ele>93.7</ele><time>1970-01-01T00:00:00.000Z</time></trkpt><trkpt lat="56.3713137" lon="84.5465237"><ele>93.7</ele><time>1970-01-01T00:00:00.000Z</time></trkpt><trkpt lat="56.3712513" lon="84.5464652"><ele>93.2</ele><time>1970-01-01T00:00:00.000Z</time></trkpt><trkpt lat="56.3712021" lon="84.5464117"><ele>92.7</ele><time>1970-01-01T00:00:00.000Z</time></trkpt><trkpt lat="56.3711423" lon="84.546347"><ele>93</ele><time>1970-01-01T00:00:00.000Z</time></trkpt><trkpt lat="56.3710734" lon="84.5462619"><ele>93.9</ele><time>1970-01-01T00:00:00.000Z</time></trkpt><trkpt lat="56.3710145" lon="84.5461968"><ele>93.2</ele><time>1970-01-01T00:00:00.000Z</time></trkpt><trkpt lat="56.3709572" lon="84.5461382"><ele>93.7</ele><time>1970-01-01T00:00:00.000Z</time></trkpt><trkpt lat="56.3708968" lon="84.5460306"><ele>94.2</ele><time>1970-01-01T00:00:00.000Z</time></trkpt><trkpt lat="56.3708235" lon="84.5459642"><ele>94.2</ele><time>1970-01-01T00:00:00.000Z</time></trkpt><trkpt lat="56.3707408" lon="84.5458928"><ele>95.1</ele><time>1970-01-01T00:00:00.000Z</time></trkpt><trkpt lat="56.370675" lon="84.5458376"><ele>94.7</ele><time>1970-01-01T00:00:00.000Z</time></trkpt><trkpt lat="56.3706058" lon="84.5457633"><ele>95.1</ele><time>1970-01-01T00:00:00.000Z</time></trkpt><trkpt lat="56.3705349" lon="84.5457203"><ele>95.4</ele><time>1970-01-01T00:00:00.000Z</time></trkpt><trkpt lat="56.3704693" lon="84.5456529"><ele>94.7</ele><time>1970-01-01T00:00:00.000Z</time></trkpt><trkpt lat="56.370412" lon="84.5455785"><ele>93.7</ele><time>1970-01-01T00:00:00.000Z</time></trkpt><trkpt lat="56.3703484" lon="84.5455207"><ele>94.7</ele><time>1970-01-01T00:00:00.000Z</time></trkpt><trkpt lat="56.3702798" lon="84.5454492"><ele>93.7</ele><time>1970-01-01T00:00:00.000Z</time></trkpt><trkpt lat="56.3702034" lon="84.5453771"><ele>95.5</ele><time>1970-01-01T00:00:00.000Z</time></trkpt><trkpt lat="56.3701338" lon="84.5453221"><ele>96.2</ele><time>1970-01-01T00:00:00.000Z</time></trkpt><trkpt lat="56.3700581" lon="84.545267"><ele>95.5</ele><time>1970-01-01T00:00:00.000Z</time></trkpt><trkpt lat="56.3699876" lon="84.5452174"><ele>94.7</ele><time>1970-01-01T00:00:00.000Z</time></trkpt><trkpt lat="56.3699167" lon="84.5451902"><ele>96.5</ele><time>1970-01-01T00:00:00.000Z</time></trkpt><trkpt lat="56.3698583" lon="84.5452026"><ele>95.6</ele><time>1970-01-01T00:00:00.000Z</time></trkpt><trkpt lat="56.3697757" lon="84.5451475"><ele>95.2</ele><time>1970-01-01T00:00:00.000Z</time></trkpt><trkpt lat="56.3696998" lon="84.5451178"><ele>95.1</ele><time>1970-01-01T00:00:00.000Z</time></trkpt><trkpt lat="56.3696243" lon="84.5450843"><ele>95</ele><time>1970-01-01T00:00:00.000Z</time></trkpt><trkpt lat="56.3695551" lon="84.5450292"><ele>93.9</ele><time>1970-01-01T00:00:00.000Z</time></trkpt><trkpt lat="56.369487" lon="84.5449909"><ele>96</ele><time>1970-01-01T00:00:00.000Z</time></trkpt><trkpt lat="56.3694182" lon="84.5449452"><ele>97.5</ele><time>1970-01-01T00:00:00.000Z</time></trkpt><trkpt lat="56.3693409" lon="84.544919"><ele>97.7</ele><time>1970-01-01T00:00:00.000Z</time></trkpt><trkpt lat="56.3692585" lon="84.544878"><ele>96.4</ele><time>1970-01-01T00:00:00.000Z</time></trkpt><trkpt lat="56.3692466" lon="84.5448743"><ele>96.8</ele><time>1970-01-01T00:00:00.000Z</time></trkpt><trkpt lat="56.3692465" lon="84.5448405"><ele>96.7</ele><time>1970-01-01T00:00:00.000Z</time></trkpt><trkpt lat="56.3692384" lon="84.5448171"><ele>96.7</ele><time>1970-01-01T00:00:00.000Z</time></trkpt><trkpt lat="56.3692121" lon="84.5448083"><ele>96.5</ele><time>1970-01-01T00:00:00.000Z</time></trkpt><trkpt lat="56.369139" lon="84.5448055"><ele>97.5</ele><time>1970-01-01T00:00:00.000Z</time></trkpt><trkpt lat="56.3690657" lon="84.5447663"><ele>98.2</ele><time>1970-01-01T00:00:00.000Z</time></trkpt><trkpt lat="56.3689963" lon="84.5447357"><ele>98.7</ele><time>1970-01-01T00:00:00.000Z</time></trkpt><trkpt lat="56.3689367" lon="84.5447096"><ele>98.3</ele><time>1970-01-01T00:00:00.000Z</time></trkpt><trkpt lat="56.3688764" lon="84.5446524"><ele>96.2</ele><time>1970-01-01T00:00:00.000Z</time></trkpt><trkpt lat="56.3688172" lon="84.5446246"><ele>96.7</ele><time>1970-01-01T00:00:00.000Z</time></trkpt><trkpt lat="56.3687484" lon="84.5445884"><ele>98.2</ele><time>1970-01-01T00:00:00.000Z</time></trkpt><trkpt lat="56.3686826" lon="84.5445517"><ele>101</ele><time>1970-01-01T00:00:00.000Z</time></trkpt><trkpt lat="56.3686255" lon="84.5444892"><ele>101.2</ele><time>1970-01-01T00:00:00.000Z</time></trkpt><trkpt lat="56.3685677" lon="84.5444498"><ele>99.7</ele><time>1970-01-01T00:00:00.000Z</time></trkpt><trkpt lat="56.368505" lon="84.5444043"><ele>100.1</ele><time>1970-01-01T00:00:00.000Z</time></trkpt><trkpt lat="56.3684318" lon="84.5443819"><ele>99.2</ele><time>1970-01-01T00:00:00.000Z</time></trkpt><trkpt lat="56.3683622" lon="84.5443709"><ele>99.3</ele><time>1970-01-01T00:00:00.000Z</time></trkpt><trkpt lat="56.3682978" lon="84.5443422"><ele>100.4</ele><time>1970-01-01T00:00:00.000Z</time></trkpt><trkpt lat="56.3682399" lon="84.5443216"><ele>100</ele><time>1970-01-01T00:00:00.000Z</time></trkpt><trkpt lat="56.3682047" lon="84.5443222"><ele>99</ele><time>1970-01-01T00:00:00.000Z</time></trkpt><trkpt lat="56.3681779" lon="84.5443237"><ele>100.4</ele><time>1970-01-01T00:00:00.000Z</time></trkpt><trkpt lat="56.3680974" lon="84.5442875"><ele>99.3</ele><time>1970-01-01T00:00:00.000Z</time></trkpt><trkpt lat="56.3680398" lon="84.5442436"><ele>101.1</ele><time>1970-01-01T00:00:00.000Z</time></trkpt><trkpt lat="56.3680078" lon="84.544248"><ele>100.5</ele><time>1970-01-01T00:00:00.000Z</time></trkpt><trkpt lat="56.3679882" lon="84.5442378"><ele>101.4</ele><time>1970-01-01T00:00:00.000Z</time></trkpt><trkpt lat="56.3679361" lon="84.5441846"><ele>99.4</ele><time>1970-01-01T00:00:00.000Z</time></trkpt><trkpt lat="56.3678722" lon="84.5441124"><ele>99.1</ele><time>1970-01-01T00:00:00.000Z</time></trkpt><trkpt lat="56.3678167" lon="84.5440405"><ele>99.6</ele><time>1970-01-01T00:00:00.000Z</time></trkpt><trkpt lat="56.3677747" lon="84.5439621"><ele>101</ele><time>1970-01-01T00:00:00.000Z</time></trkpt><trkpt lat="56.3677389" lon="84.5438735"><ele>100.3</ele><time>1970-01-01T00:00:00.000Z</time></trkpt><trkpt lat="56.3676892" lon="84.5437603"><ele>100.8</ele><time>1970-01-01T00:00:00.000Z</time></trkpt><trkpt lat="56.3676355" lon="84.5436262"><ele>102.4</ele><time>1970-01-01T00:00:00.000Z</time></trkpt><trkpt lat="56.3675698" lon="84.5435502"><ele>102</ele><time>1970-01-01T00:00:00.000Z</time></trkpt><trkpt lat="56.3675653" lon="84.5434441"><ele>106.5</ele><time>1970-01-01T00:00:00.000Z</time></trkpt><trkpt lat="56.3675166" lon="84.5433482"><ele>106.8</ele><time>1970-01-01T00:00:00.000Z</time></trkpt><trkpt lat="56.3674619" lon="84.5432572"><ele>105.8</ele><time>1970-01-01T00:00:00.000Z</time></trkpt><trkpt lat="56.3674064" lon="84.54317"><ele>106</ele><time>1970-01-01T00:00:00.000Z</time></trkpt><trkpt lat="56.3673525" lon="84.5430907"><ele>103.5</ele><time>1970-01-01T00:00:00.000Z</time></trkpt><trkpt lat="56.3672988" lon="84.5430447"><ele>103.2</ele><time>1970-01-01T00:00:00.000Z</time></trkpt><trkpt lat="56.3672401" lon="84.5429411"><ele>103.6</ele><time>1970-01-01T00:00:00.000Z</time></trkpt><trkpt lat="56.3671923" lon="84.542834"><ele>102.1</ele><time>1970-01-01T00:00:00.000Z</time></trkpt><trkpt lat="56.3671404" lon="84.54274"><ele>102.4</ele><time>1970-01-01T00:00:00.000Z</time></trkpt><trkpt lat="56.3670882" lon="84.5426465"><ele>99.9</ele><time>1970-01-01T00:00:00.000Z</time></trkpt><trkpt lat="56.3670449" lon="84.5425689"><ele>99.5</ele><time>1970-01-01T00:00:00.000Z</time></trkpt><trkpt lat="56.3669897" lon="84.5424597"><ele>98.1</ele><time>1970-01-01T00:00:00.000Z</time></trkpt><trkpt lat="56.3669484" lon="84.5423666"><ele>98.7</ele><time>1970-01-01T00:00:00.000Z</time></trkpt><trkpt lat="56.3669107" lon="84.5423045"><ele>99.3</ele><time>1970-01-01T00:00:00.000Z</time></trkpt><trkpt lat="56.3668947" lon="84.5421916"><ele>100.1</ele><time>1970-01-01T00:00:00.000Z</time></trkpt><trkpt lat="56.3668723" lon="84.5420879"><ele>98.8</ele><time>1970-01-01T00:00:00.000Z</time></trkpt><trkpt lat="56.3668575" lon="84.5419824"><ele>98</ele><time>1970-01-01T00:00:00.000Z</time></trkpt><trkpt lat="56.3668517" lon="84.5418676"><ele>97.9</ele><time>1970-01-01T00:00:00.000Z</time></trkpt><trkpt lat="56.3668637" lon="84.5417639"><ele>98.4</ele><time>1970-01-01T00:00:00.000Z</time></trkpt><trkpt lat="56.3668836" lon="84.541789"><ele>98.4</ele><time>1970-01-01T00:00:00.000Z</time></trkpt><trkpt lat="56.3668886" lon="84.5418062"><ele>98.4</ele><time>1970-01-01T00:00:00.000Z</time></trkpt><trkpt lat="56.3668907" lon="84.5418087"><ele>99.2</ele><time>1970-01-01T00:00:00.000Z</time></trkpt><trkpt lat="56.3668846" lon="84.5418096"><ele>99.2</ele><time>1970-01-01T00:00:00.000Z</time></trkpt><trkpt lat="56.3668892" lon="84.5418409"><ele>98.6</ele><time>1970-01-01T00:00:00.000Z</time></trkpt><trkpt lat="56.3668931" lon="84.5419275"><ele>99.3</ele><time>1970-01-01T00:00:00.000Z</time></trkpt><trkpt lat="56.3669005" lon="84.5420814"><ele>99.3</ele><time>1970-01-01T00:00:00.000Z</time></trkpt><trkpt lat="56.3668984" lon="84.542222"><ele>98.3</ele><time>1970-01-01T00:00:00.000Z</time></trkpt><trkpt lat="56.3669385" lon="84.5423197"><ele>97.3</ele><time>1970-01-01T00:00:00.000Z</time></trkpt><trkpt lat="56.3669674" lon="84.5424398"><ele>89.8</ele><time>1970-01-01T00:00:00.000Z</time></trkpt><trkpt lat="56.3669519" lon="84.5425652"><ele>86.8</ele><time>1970-01-01T00:00:00.000Z</time></trkpt><trkpt lat="56.3669532" lon="84.5426424"><ele>89.2</ele><time>1970-01-01T00:00:00.000Z</time></trkpt><trkpt lat="56.3669328" lon="84.5426668"><ele>90.7</ele><time>1970-01-01T00:00:00.000Z</time></trkpt><trkpt lat="56.3668696" lon="84.5426482"><ele>93.9</ele><time>1970-01-01T00:00:00.000Z</time></trkpt><trkpt lat="56.3668037" lon="84.5425922"><ele>98.1</ele><time>1970-01-01T00:00:00.000Z</time></trkpt><trkpt lat="56.3667792" lon="84.542591"><ele>100.6</ele><time>1970-01-01T00:00:00.000Z</time></trkpt><trkpt lat="56.366702" lon="84.5425223"><ele>99.6</ele><time>1970-01-01T00:00:00.000Z</time></trkpt><trkpt lat="56.3666231" lon="84.542414"><ele>102</ele><time>1970-01-01T00:00:00.000Z</time></trkpt><trkpt lat="56.3665691" lon="84.54233"><ele>102.1</ele><time>1970-01-01T00:00:00.000Z</time></trkpt><trkpt lat="56.3665148" lon="84.5422579"><ele>102.2</ele><time>1970-01-01T00:00:00.000Z</time></trkpt><trkpt lat="56.3664478" lon="84.5421945"><ele>101.7</ele><time>1970-01-01T00:00:00.000Z</time></trkpt><trkpt lat="56.3663883" lon="84.5421563"><ele>102.4</ele><time>1970-01-01T00:00:00.000Z</time></trkpt><trkpt lat="56.366323" lon="84.5421081"><ele>98.8</ele><time>1970-01-01T00:00:00.000Z</time></trkpt><trkpt lat="56.3662712" lon="84.5420443"><ele>98.9</ele><time>1970-01-01T00:00:00.000Z</time></trkpt><trkpt lat="56.3662125" lon="84.5419902"><ele>98.8</ele><time>1970-01-01T00:00:00.000Z</time></trkpt><trkpt lat="56.3661407" lon="84.5419264"><ele>99.7</ele><time>1970-01-01T00:00:00.000Z</time></trkpt><trkpt lat="56.3660717" lon="84.5418598"><ele>100.6</ele><time>1970-01-01T00:00:00.000Z</time></trkpt><trkpt lat="56.3659988" lon="84.541806"><ele>99.6</ele><time>1970-01-01T00:00:00.000Z</time></trkpt><trkpt lat="56.3659349" lon="84.5417517"><ele>100</ele><time>1970-01-01T00:00:00.000Z</time></trkpt><trkpt lat="56.3658615" lon="84.5416946"><ele>101</ele><time>1970-01-01T00:00:00.000Z</time></trkpt><trkpt lat="56.3657971" lon="84.5416506"><ele>99.7</ele><time>1970-01-01T00:00:00.000Z</time></trkpt><trkpt lat="56.365727" lon="84.5416092"><ele>99</ele><time>1970-01-01T00:00:00.000Z</time></trkpt><trkpt lat="56.365666" lon="84.5415345"><ele>98.6</ele><time>1970-01-01T00:00:00.000Z</time></trkpt><trkpt lat="56.3656159" lon="84.5414746"><ele>97.8</ele><time>1970-01-01T00:00:00.000Z</time></trkpt><trkpt lat="56.3655525" lon="84.5414206"><ele>96.8</ele><time>1970-01-01T00:00:00.000Z</time></trkpt><trkpt lat="56.3654931" lon="84.5413871"><ele>97.7</ele><time>1970-01-01T00:00:00.000Z</time></trkpt><trkpt lat="56.3654212" lon="84.5413351"><ele>96.6</ele><time>1970-01-01T00:00:00.000Z</time></trkpt><trkpt lat="56.3653579" lon="84.5412823"><ele>94.1</ele><time>1970-01-01T00:00:00.000Z</time></trkpt><trkpt lat="56.3652892" lon="84.541217"><ele>91.6</ele><time>1970-01-01T00:00:00.000Z</time></trkpt><trkpt lat="56.3652226" lon="84.5411534"><ele>91.9</ele><time>1970-01-01T00:00:00.000Z</time></trkpt><trkpt lat="56.3651565" lon="84.5410814"><ele>92.1</ele><time>1970-01-01T00:00:00.000Z</time></trkpt><trkpt lat="56.365095" lon="84.5410311"><ele>92.7</ele><time>1970-01-01T00:00:00.000Z</time></trkpt><trkpt lat="56.3650354" lon="84.5409866"><ele>91.3</ele><time>1970-01-01T00:00:00.000Z</time></trkpt><trkpt lat="56.3649711" lon="84.5409377"><ele>92.5</ele><time>1970-01-01T00:00:00.000Z</time></trkpt><trkpt lat="56.3649044" lon="84.5408824"><ele>93.1</ele><time>1970-01-01T00:00:00.000Z</time></trkpt><trkpt lat="56.3648379" lon="84.5408353"><ele>94.5</ele><time>1970-01-01T00:00:00.000Z</time></trkpt><trkpt lat="56.3647639" lon="84.540783"><ele>95.6</ele><time>1970-01-01T00:00:00.000Z</time></trkpt><trkpt lat="56.3646905" lon="84.5407189"><ele>96.2</ele><time>1970-01-01T00:00:00.000Z</time></trkpt><trkpt lat="56.3646287" lon="84.5406665"><ele>97.9</ele><time>1970-01-01T00:00:00.000Z</time></trkpt><trkpt lat="56.3645688" lon="84.5406067"><ele>98.3</ele><time>1970-01-01T00:00:00.000Z</time></trkpt><trkpt lat="56.3645117" lon="84.5405441"><ele>98.4</ele><time>1970-01-01T00:00:00.000Z</time></trkpt><trkpt lat="56.3644362" lon="84.5404838"><ele>100</ele><time>1970-01-01T00:00:00.000Z</time></trkpt><trkpt lat="56.3643623" lon="84.5404363"><ele>100.5</ele><time>1970-01-01T00:00:00.000Z</time></trkpt><trkpt lat="56.364283" lon="84.5403969"><ele>102.9</ele><time>1970-01-01T00:00:00.000Z</time></trkpt><trkpt lat="56.3642151" lon="84.5403637"><ele>102.7</ele><time>1970-01-01T00:00:00.000Z</time></trkpt><trkpt lat="56.3641439" lon="84.5403228"><ele>102.7</ele><time>1970-01-01T00:00:00.000Z</time></trkpt><trkpt lat="56.3640798" lon="84.5402661"><ele>102.6</ele><time>1970-01-01T00:00:00.000Z</time></trkpt><trkpt lat="56.3640266" lon="84.5402057"><ele>100.6</ele><time>1970-01-01T00:00:00.000Z</time></trkpt><trkpt lat="56.3639649" lon="84.5401392"><ele>100.5</ele><time>1970-01-01T00:00:00.000Z</time></trkpt><trkpt lat="56.3639097" lon="84.5401021"><ele>101.6</ele><time>1970-01-01T00:00:00.000Z</time></trkpt><trkpt lat="56.3638522" lon="84.5400701"><ele>100.7</ele><time>1970-01-01T00:00:00.000Z</time></trkpt><trkpt lat="56.3637852" lon="84.5400315"><ele>100.3</ele><time>1970-01-01T00:00:00.000Z</time></trkpt><trkpt lat="56.3637301" lon="84.539979"><ele>99.4</ele><time>1970-01-01T00:00:00.000Z</time></trkpt><trkpt lat="56.3636689" lon="84.5399244"><ele>100.8</ele><time>1970-01-01T00:00:00.000Z</time></trkpt><trkpt lat="56.3636005" lon="84.5398715"><ele>100.4</ele><time>1970-01-01T00:00:00.000Z</time></trkpt><trkpt lat="56.3635357" lon="84.5398025"><ele>99.7</ele><time>1970-01-01T00:00:00.000Z</time></trkpt><trkpt lat="56.3634676" lon="84.539726"><ele>99.8</ele><time>1970-01-01T00:00:00.000Z</time></trkpt><trkpt lat="56.363394" lon="84.5396509"><ele>99.4</ele><time>1970-01-01T00:00:00.000Z</time></trkpt><trkpt lat="56.3633389" lon="84.5395789"><ele>98.7</ele><time>1970-01-01T00:00:00.000Z</time></trkpt><trkpt lat="56.3632675" lon="84.5395026"><ele>98.1</ele><time>1970-01-01T00:00:00.000Z</time></trkpt><trkpt lat="56.3632073" lon="84.5394625"><ele>98.3</ele><time>1970-01-01T00:00:00.000Z</time></trkpt><trkpt lat="56.3631496" lon="84.5394156"><ele>96.4</ele><time>1970-01-01T00:00:00.000Z</time></trkpt><trkpt lat="56.3630939" lon="84.5393603"><ele>97.3</ele><time>1970-01-01T00:00:00.000Z</time></trkpt><trkpt lat="56.3630359" lon="84.5392905"><ele>96.4</ele><time>1970-01-01T00:00:00.000Z</time></trkpt><trkpt lat="56.3629849" lon="84.5392217"><ele>95</ele><time>1970-01-01T00:00:00.000Z</time></trkpt><trkpt lat="56.3629271" lon="84.539146"><ele>95.2</ele><time>1970-01-01T00:00:00.000Z</time></trkpt><trkpt lat="56.3628526" lon="84.5390891"><ele>95.1</ele><time>1970-01-01T00:00:00.000Z</time></trkpt><trkpt lat="56.3627808" lon="84.5390392"><ele>93.3</ele><time>1970-01-01T00:00:00.000Z</time></trkpt><trkpt lat="56.3627212" lon="84.5389645"><ele>93.4</ele><time>1970-01-01T00:00:00.000Z</time></trkpt><trkpt lat="56.3626744" lon="84.5389111"><ele>94.6</ele><time>1970-01-01T00:00:00.000Z</time></trkpt><trkpt lat="56.3626036" lon="84.5388419"><ele>95.9</ele><time>1970-01-01T00:00:00.000Z</time></trkpt><trkpt lat="56.3625289" lon="84.5387714"><ele>97.1</ele><time>1970-01-01T00:00:00.000Z</time></trkpt><trkpt lat="56.3624594" lon="84.5387152"><ele>98.9</ele><time>1970-01-01T00:00:00.000Z</time></trkpt><trkpt lat="56.3623933" lon="84.5386873"><ele>100.2</ele><time>1970-01-01T00:00:00.000Z</time></trkpt><trkpt lat="56.3623182" lon="84.5386219"><ele>99.8</ele><time>1970-01-01T00:00:00.000Z</time></trkpt><trkpt lat="56.362255" lon="84.5385499"><ele>97.1</ele><time>1970-01-01T00:00:00.000Z</time></trkpt><trkpt lat="56.3621962" lon="84.5384893"><ele>98.7</ele><time>1970-01-01T00:00:00.000Z</time></trkpt><trkpt lat="56.3621246" lon="84.5384344"><ele>101</ele><time>1970-01-01T00:00:00.000Z</time></trkpt><trkpt lat="56.3620524" lon="84.5383621"><ele>99.4</ele><time>1970-01-01T00:00:00.000Z</time></trkpt><trkpt lat="56.3619975" lon="84.5382942"><ele>100.2</ele><time>1970-01-01T00:00:00.000Z</time></trkpt><trkpt lat="56.3619378" lon="84.5382222"><ele>99.3</ele><time>1970-01-01T00:00:00.000Z</time></trkpt><trkpt lat="56.361868" lon="84.5381787"><ele>97</ele><time>1970-01-01T00:00:00.000Z</time></trkpt><trkpt lat="56.3618004" lon="84.5381364"><ele>96.3</ele><time>1970-01-01T00:00:00.000Z</time></trkpt><trkpt lat="56.361732" lon="84.5380753"><ele>94.4</ele><time>1970-01-01T00:00:00.000Z</time></trkpt><trkpt lat="56.3616698" lon="84.5380115"><ele>94.3</ele><time>1970-01-01T00:00:00.000Z</time></trkpt><trkpt lat="56.3616246" lon="84.5379627"><ele>94.3</ele><time>1970-01-01T00:00:00.000Z</time></trkpt><trkpt lat="56.3615487" lon="84.5378955"><ele>95.3</ele><time>1970-01-01T00:00:00.000Z</time></trkpt><trkpt lat="56.3614958" lon="84.5378465"><ele>94.6</ele><time>1970-01-01T00:00:00.000Z</time></trkpt><trkpt lat="56.3614311" lon="84.5377959"><ele>95.6</ele><time>1970-01-01T00:00:00.000Z</time></trkpt><trkpt lat="56.361365" lon="84.537761"><ele>95.2</ele><time>1970-01-01T00:00:00.000Z</time></trkpt><trkpt lat="56.3612999" lon="84.5376942"><ele>95.1</ele><time>1970-01-01T00:00:00.000Z</time></trkpt><trkpt lat="56.3612414" lon="84.5376281"><ele>96.5</ele><time>1970-01-01T00:00:00.000Z</time></trkpt><trkpt lat="56.3611759" lon="84.5375818"><ele>98.8</ele><time>1970-01-01T00:00:00.000Z</time></trkpt><trkpt lat="56.361108" lon="84.5375297"><ele>97.2</ele><time>1970-01-01T00:00:00.000Z</time></trkpt><trkpt lat="56.3610479" lon="84.5374742"><ele>97.6</ele><time>1970-01-01T00:00:00.000Z</time></trkpt><trkpt lat="56.360988" lon="84.5374221"><ele>95.3</ele><time>1970-01-01T00:00:00.000Z</time></trkpt><trkpt lat="56.3609238" lon="84.5373524"><ele>93.8</ele><time>1970-01-01T00:00:00.000Z</time></trkpt><trkpt lat="56.3608475" lon="84.5372691"><ele>93.3</ele><time>1970-01-01T00:00:00.000Z</time></trkpt><trkpt lat="56.3607854" lon="84.5372204"><ele>94.5</ele><time>1970-01-01T00:00:00.000Z</time></trkpt><trkpt lat="56.3607123" lon="84.5371457"><ele>94.3</ele><time>1970-01-01T00:00:00.000Z</time></trkpt><trkpt lat="56.3606609" lon="84.5370862"><ele>96.3</ele><time>1970-01-01T00:00:00.000Z</time></trkpt><trkpt lat="56.3605997" lon="84.5370367"><ele>94.9</ele><time>1970-01-01T00:00:00.000Z</time></trkpt><trkpt lat="56.3605259" lon="84.53697"><ele>96</ele><time>1970-01-01T00:00:00.000Z</time></trkpt><trkpt lat="56.3604665" lon="84.5369002"><ele>97</ele><time>1970-01-01T00:00:00.000Z</time></trkpt><trkpt lat="56.3604091" lon="84.5368436"><ele>95.9</ele><time>1970-01-01T00:00:00.000Z</time></trkpt><trkpt lat="56.3603471" lon="84.536798"><ele>95.6</ele><time>1970-01-01T00:00:00.000Z</time></trkpt><trkpt lat="56.3602837" lon="84.53674"><ele>97.9</ele><time>1970-01-01T00:00:00.000Z</time></trkpt><trkpt lat="56.360207" lon="84.5366754"><ele>96.5</ele><time>1970-01-01T00:00:00.000Z</time></trkpt><trkpt lat="56.3601392" lon="84.5366193"><ele>95.9</ele><time>1970-01-01T00:00:00.000Z</time></trkpt><trkpt lat="56.3600657" lon="84.5365505"><ele>93.1</ele><time>1970-01-01T00:00:00.000Z</time></trkpt><trkpt lat="56.3599989" lon="84.5364667"><ele>91.7</ele><time>1970-01-01T00:00:00.000Z</time></trkpt><trkpt lat="56.3599345" lon="84.5363943"><ele>89.8</ele><time>1970-01-01T00:00:00.000Z</time></trkpt><trkpt lat="56.3598808" lon="84.5363005"><ele>89.9</ele><time>1970-01-01T00:00:00.000Z</time></trkpt><trkpt lat="56.3598285" lon="84.5362279"><ele>91.4</ele><time>1970-01-01T00:00:00.000Z</time></trkpt><trkpt lat="56.3597729" lon="84.5361515"><ele>89.8</ele><time>1970-01-01T00:00:00.000Z</time></trkpt><trkpt lat="56.3597095" lon="84.5360893"><ele>90.6</ele><time>1970-01-01T00:00:00.000Z</time></trkpt><trkpt lat="56.3596554" lon="84.5360303"><ele>91.5</ele><time>1970-01-01T00:00:00.000Z</time></trkpt><trkpt lat="56.3596032" lon="84.5359641"><ele>92.9</ele><time>1970-01-01T00:00:00.000Z</time></trkpt><trkpt lat="56.3595609" lon="84.5359003"><ele>93.9</ele><time>1970-01-01T00:00:00.000Z</time></trkpt><trkpt lat="56.3595123" lon="84.5358285"><ele>94.3</ele><time>1970-01-01T00:00:00.000Z</time></trkpt><trkpt lat="56.3594519" lon="84.5357317"><ele>93.5</ele><time>1970-01-01T00:00:00.000Z</time></trkpt><trkpt lat="56.3594094" lon="84.5356499"><ele>93.7</ele><time>1970-01-01T00:00:00.000Z</time></trkpt><trkpt lat="56.3593577" lon="84.5355644"><ele>92.8</ele><time>1970-01-01T00:00:00.000Z</time></trkpt><trkpt lat="56.3592954" lon="84.5354668"><ele>95.2</ele><time>1970-01-01T00:00:00.000Z</time></trkpt><trkpt lat="56.3592315" lon="84.5353809"><ele>95</ele><time>1970-01-01T00:00:00.000Z</time></trkpt><trkpt lat="56.3591637" lon="84.5353105"><ele>94.4</ele><time>1970-01-01T00:00:00.000Z</time></trkpt><trkpt lat="56.3591086" lon="84.5352296"><ele>93.3</ele><time>1970-01-01T00:00:00.000Z</time></trkpt><trkpt lat="56.3590579" lon="84.5351409"><ele>92.2</ele><time>1970-01-01T00:00:00.000Z</time></trkpt><trkpt lat="56.3590037" lon="84.5350656"><ele>92.4</ele><time>1970-01-01T00:00:00.000Z</time></trkpt><trkpt lat="56.3589575" lon="84.5349738"><ele>93.4</ele><time>1970-01-01T00:00:00.000Z</time></trkpt><trkpt lat="56.3589218" lon="84.5348573"><ele>93.6</ele><time>1970-01-01T00:00:00.000Z</time></trkpt><trkpt lat="56.3588761" lon="84.5347599"><ele>90.9</ele><time>1970-01-01T00:00:00.000Z</time></trkpt><trkpt lat="56.3588312" lon="84.5346702"><ele>90.7</ele><time>1970-01-01T00:00:00.000Z</time></trkpt><trkpt lat="56.3587826" lon="84.5345911"><ele>89.9</ele><time>1970-01-01T00:00:00.000Z</time></trkpt><trkpt lat="56.358734" lon="84.5344757"><ele>93.5</ele><time>1970-01-01T00:00:00.000Z</time></trkpt><trkpt lat="56.3586979" lon="84.5343776"><ele>92.2</ele><time>1970-01-01T00:00:00.000Z</time></trkpt><trkpt lat="56.3586611" lon="84.5342754"><ele>93.7</ele><time>1970-01-01T00:00:00.000Z</time></trkpt><trkpt lat="56.3586006" lon="84.5341926"><ele>92.8</ele><time>1970-01-01T00:00:00.000Z</time></trkpt><trkpt lat="56.3585502" lon="84.534095"><ele>92.8</ele><time>1970-01-01T00:00:00.000Z</time></trkpt><trkpt lat="56.3585119" lon="84.534"><ele>91.5</ele><time>1970-01-01T00:00:00.000Z</time></trkpt><trkpt lat="56.3584611" lon="84.5339038"><ele>92.8</ele><time>1970-01-01T00:00:00.000Z</time></trkpt><trkpt lat="56.3584153" lon="84.5337952"><ele>93</ele><time>1970-01-01T00:00:00.000Z</time></trkpt><trkpt lat="56.3583733" lon="84.5337091"><ele>93.3</ele><time>1970-01-01T00:00:00.000Z</time></trkpt><trkpt lat="56.358316" lon="84.5336161"><ele>91.4</ele><time>1970-01-01T00:00:00.000Z</time></trkpt><trkpt lat="56.358263" lon="84.5335307"><ele>91.8</ele><time>1970-01-01T00:00:00.000Z</time></trkpt><trkpt lat="56.3582217" lon="84.5334415"><ele>93.2</ele><time>1970-01-01T00:00:00.000Z</time></trkpt><trkpt lat="56.358174" lon="84.5333495"><ele>96.2</ele><time>1970-01-01T00:00:00.000Z</time></trkpt><trkpt lat="56.3581329" lon="84.5332494"><ele>97.8</ele><time>1970-01-01T00:00:00.000Z</time></trkpt><trkpt lat="56.3580924" lon="84.5331574"><ele>95.2</ele><time>1970-01-01T00:00:00.000Z</time></trkpt><trkpt lat="56.3580453" lon="84.5330499"><ele>94.5</ele><time>1970-01-01T00:00:00.000Z</time></trkpt><trkpt lat="56.3579946" lon="84.5329483"><ele>94.1</ele><time>1970-01-01T00:00:00.000Z</time></trkpt><trkpt lat="56.3579551" lon="84.5328704"><ele>95.7</ele><time>1970-01-01T00:00:00.000Z</time></trkpt><trkpt lat="56.3579081" lon="84.5327939"><ele>96.3</ele><time>1970-01-01T00:00:00.000Z</time></trkpt><trkpt lat="56.3578705" lon="84.532703"><ele>95.6</ele><time>1970-01-01T00:00:00.000Z</time></trkpt><trkpt lat="56.3578364" lon="84.5326025"><ele>93.6</ele><time>1970-01-01T00:00:00.000Z</time></trkpt><trkpt lat="56.3577923" lon="84.5325038"><ele>93.5</ele><time>1970-01-01T00:00:00.000Z</time></trkpt><trkpt lat="56.3577353" lon="84.5324037"><ele>94.2</ele><time>1970-01-01T00:00:00.000Z</time></trkpt><trkpt lat="56.3576692" lon="84.5323054"><ele>94.7</ele><time>1970-01-01T00:00:00.000Z</time></trkpt><trkpt lat="56.3576157" lon="84.5322191"><ele>95</ele><time>1970-01-01T00:00:00.000Z</time></trkpt><trkpt lat="56.3575684" lon="84.5321132"><ele>94.7</ele><time>1970-01-01T00:00:00.000Z</time></trkpt><trkpt lat="56.3575174" lon="84.5319958"><ele>93.1</ele><time>1970-01-01T00:00:00.000Z</time></trkpt><trkpt lat="56.3574725" lon="84.5319029"><ele>92.9</ele><time>1970-01-01T00:00:00.000Z</time></trkpt><trkpt lat="56.357414" lon="84.5318055"><ele>93.1</ele><time>1970-01-01T00:00:00.000Z</time></trkpt><trkpt lat="56.3573597" lon="84.5317011"><ele>92.8</ele><time>1970-01-01T00:00:00.000Z</time></trkpt><trkpt lat="56.3573074" lon="84.5315994"><ele>91.4</ele><time>1970-01-01T00:00:00.000Z</time></trkpt><trkpt lat="56.3572611" lon="84.5315155"><ele>91.5</ele><time>1970-01-01T00:00:00.000Z</time></trkpt><trkpt lat="56.3572209" lon="84.5314117"><ele>91.2</ele><time>1970-01-01T00:00:00.000Z</time></trkpt><trkpt lat="56.3571923" lon="84.5313058"><ele>91.1</ele><time>1970-01-01T00:00:00.000Z</time></trkpt><trkpt lat="56.3571555" lon="84.5312095"><ele>92.1</ele><time>1970-01-01T00:00:00.000Z</time></trkpt><trkpt lat="56.3571115" lon="84.5311171"><ele>92.3</ele><time>1970-01-01T00:00:00.000Z</time></trkpt><trkpt lat="56.3570538" lon="84.5310138"><ele>92.8</ele><time>1970-01-01T00:00:00.000Z</time></trkpt><trkpt lat="56.3569995" lon="84.5309168"><ele>94</ele><time>1970-01-01T00:00:00.000Z</time></trkpt><trkpt lat="56.356939" lon="84.5308325"><ele>94</ele><time>1970-01-01T00:00:00.000Z</time></trkpt><trkpt lat="56.3568828" lon="84.530738"><ele>94.6</ele><time>1970-01-01T00:00:00.000Z</time></trkpt><trkpt lat="56.3568306" lon="84.5306395"><ele>93.6</ele><time>1970-01-01T00:00:00.000Z</time></trkpt><trkpt lat="56.3567798" lon="84.5305471"><ele>94.3</ele><time>1970-01-01T00:00:00.000Z</time></trkpt><trkpt lat="56.3567302" lon="84.5304553"><ele>94.7</ele><time>1970-01-01T00:00:00.000Z</time></trkpt><trkpt lat="56.356682" lon="84.5303649"><ele>94.1</ele><time>1970-01-01T00:00:00.000Z</time></trkpt><trkpt lat="56.3566524" lon="84.5302712"><ele>93.7</ele><time>1970-01-01T00:00:00.000Z</time></trkpt><trkpt lat="56.3565804" lon="84.5302379"><ele>95.3</ele><time>1970-01-01T00:00:00.000Z</time></trkpt><trkpt lat="56.3565178" lon="84.5301659"><ele>96.2</ele><time>1970-01-01T00:00:00.000Z</time></trkpt><trkpt lat="56.3564669" lon="84.5300739"><ele>96.6</ele><time>1970-01-01T00:00:00.000Z</time></trkpt><trkpt lat="56.3564156" lon="84.5299727"><ele>96.6</ele><time>1970-01-01T00:00:00.000Z</time></trkpt><trkpt lat="56.3563751" lon="84.529883"><ele>95.6</ele><time>1970-01-01T00:00:00.000Z</time></trkpt><trkpt lat="56.3563201" lon="84.5298043"><ele>96.3</ele><time>1970-01-01T00:00:00.000Z</time></trkpt><trkpt lat="56.356247" lon="84.5297185"><ele>95.7</ele><time>1970-01-01T00:00:00.000Z</time></trkpt><trkpt lat="56.3561961" lon="84.5296712"><ele>95.8</ele><time>1970-01-01T00:00:00.000Z</time></trkpt><trkpt lat="56.356148" lon="84.529603"><ele>95.8</ele><time>1970-01-01T00:00:00.000Z</time></trkpt><trkpt lat="56.3560971" lon="84.5295312"><ele>95.1</ele><time>1970-01-01T00:00:00.000Z</time></trkpt><trkpt lat="56.3560365" lon="84.529465"><ele>93.4</ele><time>1970-01-01T00:00:00.000Z</time></trkpt><trkpt lat="56.3559843" lon="84.5294022"><ele>92.8</ele><time>1970-01-01T00:00:00.000Z</time></trkpt><trkpt lat="56.3559317" lon="84.5293161"><ele>91.7</ele><time>1970-01-01T00:00:00.000Z</time></trkpt><trkpt lat="56.355878" lon="84.5292251"><ele>91.3</ele><time>1970-01-01T00:00:00.000Z</time></trkpt><trkpt lat="56.3558282" lon="84.5291741"><ele>90.8</ele><time>1970-01-01T00:00:00.000Z</time></trkpt><trkpt lat="56.3557568" lon="84.5291242"><ele>89.4</ele><time>1970-01-01T00:00:00.000Z</time></trkpt><trkpt lat="56.3557021" lon="84.5290627"><ele>89.4</ele><time>1970-01-01T00:00:00.000Z</time></trkpt><trkpt lat="56.3556521" lon="84.528985"><ele>87.7</ele><time>1970-01-01T00:00:00.000Z</time></trkpt><trkpt lat="56.3556031" lon="84.528914"><ele>87.1</ele><time>1970-01-01T00:00:00.000Z</time></trkpt><trkpt lat="56.3555478" lon="84.528857"><ele>86.5</ele><time>1970-01-01T00:00:00.000Z</time></trkpt><trkpt lat="56.3554919" lon="84.5288029"><ele>86.1</ele><time>1970-01-01T00:00:00.000Z</time></trkpt><trkpt lat="56.3554284" lon="84.5287557"><ele>86.7</ele><time>1970-01-01T00:00:00.000Z</time></trkpt><trkpt lat="56.3553547" lon="84.5287177"><ele>86.9</ele><time>1970-01-01T00:00:00.000Z</time></trkpt><trkpt lat="56.3552941" lon="84.5286727"><ele>87.4</ele><time>1970-01-01T00:00:00.000Z</time></trkpt><trkpt lat="56.3552393" lon="84.5285999"><ele>88.2</ele><time>1970-01-01T00:00:00.000Z</time></trkpt><trkpt lat="56.355185" lon="84.5285201"><ele>89.7</ele><time>1970-01-01T00:00:00.000Z</time></trkpt><trkpt lat="56.3551268" lon="84.5284579"><ele>89.6</ele><time>1970-01-01T00:00:00.000Z</time></trkpt><trkpt lat="56.3550561" lon="84.5284054"><ele>88.5</ele><time>1970-01-01T00:00:00.000Z</time></trkpt><trkpt lat="56.3549747" lon="84.5283571"><ele>87.6</ele><time>1970-01-01T00:00:00.000Z</time></trkpt><trkpt lat="56.3549071" lon="84.5283089"><ele>87.9</ele><time>1970-01-01T00:00:00.000Z</time></trkpt><trkpt lat="56.3548505" lon="84.5282602"><ele>86.8</ele><time>1970-01-01T00:00:00.000Z</time></trkpt><trkpt lat="56.3547776" lon="84.5282152"><ele>87.4</ele><time>1970-01-01T00:00:00.000Z</time></trkpt><trkpt lat="56.3547134" lon="84.5281522"><ele>88.2</ele><time>1970-01-01T00:00:00.000Z</time></trkpt><trkpt lat="56.354657" lon="84.5280812"><ele>88.8</ele><time>1970-01-01T00:00:00.000Z</time></trkpt><trkpt lat="56.354596" lon="84.5280199"><ele>90.8</ele><time>1970-01-01T00:00:00.000Z</time></trkpt><trkpt lat="56.3545268" lon="84.5279589"><ele>89.9</ele><time>1970-01-01T00:00:00.000Z</time></trkpt><trkpt lat="56.3544695" lon="84.5279112"><ele>91.9</ele><time>1970-01-01T00:00:00.000Z</time></trkpt><trkpt lat="56.3543987" lon="84.5278305"><ele>92.2</ele><time>1970-01-01T00:00:00.000Z</time></trkpt><trkpt lat="56.3543302" lon="84.5277698"><ele>92.1</ele><time>1970-01-01T00:00:00.000Z</time></trkpt><trkpt lat="56.3542616" lon="84.5277426"><ele>92.8</ele><time>1970-01-01T00:00:00.000Z</time></trkpt><trkpt lat="56.3541902" lon="84.5277604"><ele>91.1</ele><time>1970-01-01T00:00:00.000Z</time></trkpt><trkpt lat="56.3541364" lon="84.5277202"><ele>91.9</ele><time>1970-01-01T00:00:00.000Z</time></trkpt><trkpt lat="56.3540782" lon="84.5276529"><ele>94.9</ele><time>1970-01-01T00:00:00.000Z</time></trkpt><trkpt lat="56.3540149" lon="84.5275892"><ele>96.4</ele><time>1970-01-01T00:00:00.000Z</time></trkpt><trkpt lat="56.3539434" lon="84.5275151"><ele>97</ele><time>1970-01-01T00:00:00.000Z</time></trkpt><trkpt lat="56.3538848" lon="84.5274631"><ele>96</ele><time>1970-01-01T00:00:00.000Z</time></trkpt><trkpt lat="56.3538226" lon="84.5274048"><ele>97.4</ele><time>1970-01-01T00:00:00.000Z</time></trkpt><trkpt lat="56.3537638" lon="84.5273448"><ele>95.1</ele><time>1970-01-01T00:00:00.000Z</time></trkpt><trkpt lat="56.3537113" lon="84.5272976"><ele>95.2</ele><time>1970-01-01T00:00:00.000Z</time></trkpt><trkpt lat="56.3536489" lon="84.5272457"><ele>95.3</ele><time>1970-01-01T00:00:00.000Z</time></trkpt><trkpt lat="56.3535895" lon="84.5272081"><ele>92.6</ele><time>1970-01-01T00:00:00.000Z</time></trkpt><trkpt lat="56.3535295" lon="84.5271644"><ele>90.7</ele><time>1970-01-01T00:00:00.000Z</time></trkpt><trkpt lat="56.3534769" lon="84.5271129"><ele>92</ele><time>1970-01-01T00:00:00.000Z</time></trkpt><trkpt lat="56.3534214" lon="84.5270475"><ele>92.6</ele><time>1970-01-01T00:00:00.000Z</time></trkpt><trkpt lat="56.3533582" lon="84.5270017"><ele>93.9</ele><time>1970-01-01T00:00:00.000Z</time></trkpt><trkpt lat="56.3532824" lon="84.5269338"><ele>91.6</ele><time>1970-01-01T00:00:00.000Z</time></trkpt><trkpt lat="56.3532229" lon="84.5268927"><ele>94.2</ele><time>1970-01-01T00:00:00.000Z</time></trkpt><trkpt lat="56.3531723" lon="84.5268373"><ele>95.4</ele><time>1970-01-01T00:00:00.000Z</time></trkpt><trkpt lat="56.3531087" lon="84.5267998"><ele>96.4</ele><time>1970-01-01T00:00:00.000Z</time></trkpt><trkpt lat="56.3530571" lon="84.5267184"><ele>95.3</ele><time>1970-01-01T00:00:00.000Z</time></trkpt><trkpt lat="56.3529867" lon="84.5266997"><ele>97.6</ele><time>1970-01-01T00:00:00.000Z</time></trkpt><trkpt lat="56.3529223" lon="84.5266624"><ele>97.8</ele><time>1970-01-01T00:00:00.000Z</time></trkpt><trkpt lat="56.3528632" lon="84.5266218"><ele>100</ele><time>1970-01-01T00:00:00.000Z</time></trkpt><trkpt lat="56.3528068" lon="84.5265635"><ele>101.6</ele><time>1970-01-01T00:00:00.000Z</time></trkpt><trkpt lat="56.3527361" lon="84.5264992"><ele>100.4</ele><time>1970-01-01T00:00:00.000Z</time></trkpt><trkpt lat="56.3526715" lon="84.5264402"><ele>100.3</ele><time>1970-01-01T00:00:00.000Z</time></trkpt><trkpt lat="56.3526186" lon="84.5263539"><ele>100.8</ele><time>1970-01-01T00:00:00.000Z</time></trkpt><trkpt lat="56.3525586" lon="84.5263085"><ele>101</ele><time>1970-01-01T00:00:00.000Z</time></trkpt><trkpt lat="56.3524902" lon="84.5262634"><ele>101.6</ele><time>1970-01-01T00:00:00.000Z</time></trkpt><trkpt lat="56.3524177" lon="84.5262135"><ele>103.2</ele><time>1970-01-01T00:00:00.000Z</time></trkpt><trkpt lat="56.3523516" lon="84.5261693"><ele>102.3</ele><time>1970-01-01T00:00:00.000Z</time></trkpt><trkpt lat="56.3522869" lon="84.5261053"><ele>105.2</ele><time>1970-01-01T00:00:00.000Z</time></trkpt><trkpt lat="56.3522229" lon="84.5260464"><ele>104.7</ele><time>1970-01-01T00:00:00.000Z</time></trkpt><trkpt lat="56.3521585" lon="84.525993"><ele>103.6</ele><time>1970-01-01T00:00:00.000Z</time></trkpt><trkpt lat="56.3520914" lon="84.5259594"><ele>104.2</ele><time>1970-01-01T00:00:00.000Z</time></trkpt><trkpt lat="56.352027" lon="84.5259211"><ele>104.5</ele><time>1970-01-01T00:00:00.000Z</time></trkpt><trkpt lat="56.3519621" lon="84.5258501"><ele>103.7</ele><time>1970-01-01T00:00:00.000Z</time></trkpt><trkpt lat="56.3518934" lon="84.5257747"><ele>99.8</ele><time>1970-01-01T00:00:00.000Z</time></trkpt><trkpt lat="56.3518305" lon="84.5257143"><ele>97.9</ele><time>1970-01-01T00:00:00.000Z</time></trkpt><trkpt lat="56.3517699" lon="84.5256658"><ele>100.3</ele><time>1970-01-01T00:00:00.000Z</time></trkpt><trkpt lat="56.3516926" lon="84.5255997"><ele>101.7</ele><time>1970-01-01T00:00:00.000Z</time></trkpt><trkpt lat="56.3516288" lon="84.52556"><ele>102.1</ele><time>1970-01-01T00:00:00.000Z</time></trkpt><trkpt lat="56.351552" lon="84.5255171"><ele>102.2</ele><time>1970-01-01T00:00:00.000Z</time></trkpt><trkpt lat="56.3514851" lon="84.5254694"><ele>102.1</ele><time>1970-01-01T00:00:00.000Z</time></trkpt><trkpt lat="56.3514195" lon="84.5254272"><ele>101.7</ele><time>1970-01-01T00:00:00.000Z</time></trkpt><trkpt lat="56.3513562" lon="84.5253682"><ele>100.4</ele><time>1970-01-01T00:00:00.000Z</time></trkpt><trkpt lat="56.3512928" lon="84.5253037"><ele>97</ele><time>1970-01-01T00:00:00.000Z</time></trkpt><trkpt lat="56.3512246" lon="84.5252301"><ele>97.2</ele><time>1970-01-01T00:00:00.000Z</time></trkpt><trkpt lat="56.3511477" lon="84.5251959"><ele>95.4</ele><time>1970-01-01T00:00:00.000Z</time></trkpt><trkpt lat="56.3510835" lon="84.5251452"><ele>95.9</ele><time>1970-01-01T00:00:00.000Z</time></trkpt><trkpt lat="56.3510438" lon="84.5250589"><ele>95.7</ele><time>1970-01-01T00:00:00.000Z</time></trkpt><trkpt lat="56.3509989" lon="84.5249898"><ele>95.8</ele><time>1970-01-01T00:00:00.000Z</time></trkpt><trkpt lat="56.3509389" lon="84.5249322"><ele>95.1</ele><time>1970-01-01T00:00:00.000Z</time></trkpt><trkpt lat="56.3508829" lon="84.5248836"><ele>93</ele><time>1970-01-01T00:00:00.000Z</time></trkpt><trkpt lat="56.3508221" lon="84.5248368"><ele>94</ele><time>1970-01-01T00:00:00.000Z</time></trkpt><trkpt lat="56.3507493" lon="84.5247677"><ele>93.7</ele><time>1970-01-01T00:00:00.000Z</time></trkpt><trkpt lat="56.3506811" lon="84.5247109"><ele>93.1</ele><time>1970-01-01T00:00:00.000Z</time></trkpt><trkpt lat="56.3506254" lon="84.5246624"><ele>92.3</ele><time>1970-01-01T00:00:00.000Z</time></trkpt><trkpt lat="56.3505703" lon="84.5246099"><ele>94.7</ele><time>1970-01-01T00:00:00.000Z</time></trkpt><trkpt lat="56.3505076" lon="84.524566"><ele>95.2</ele><time>1970-01-01T00:00:00.000Z</time></trkpt><trkpt lat="56.3504307" lon="84.5245274"><ele>96</ele><time>1970-01-01T00:00:00.000Z</time></trkpt><trkpt lat="56.350351" lon="84.5244666"><ele>96.5</ele><time>1970-01-01T00:00:00.000Z</time></trkpt><trkpt lat="56.3502818" lon="84.524406"><ele>95.7</ele><time>1970-01-01T00:00:00.000Z</time></trkpt><trkpt lat="56.3502359" lon="84.5243254"><ele>94.5</ele><time>1970-01-01T00:00:00.000Z</time></trkpt><trkpt lat="56.3501813" lon="84.5242618"><ele>93</ele><time>1970-01-01T00:00:00.000Z</time></trkpt><trkpt lat="56.3501225" lon="84.5242132"><ele>92.1</ele><time>1970-01-01T00:00:00.000Z</time></trkpt><trkpt lat="56.3500634" lon="84.5241638"><ele>93.5</ele><time>1970-01-01T00:00:00.000Z</time></trkpt><trkpt lat="56.3499965" lon="84.5241039"><ele>93.2</ele><time>1970-01-01T00:00:00.000Z</time></trkpt><trkpt lat="56.3499086" lon="84.524033"><ele>94.2</ele><time>1970-01-01T00:00:00.000Z</time></trkpt><trkpt lat="56.3498561" lon="84.5239784"><ele>94.4</ele><time>1970-01-01T00:00:00.000Z</time></trkpt><trkpt lat="56.3498051" lon="84.523933"><ele>94.9</ele><time>1970-01-01T00:00:00.000Z</time></trkpt><trkpt lat="56.3497312" lon="84.5238767"><ele>98.5</ele><time>1970-01-01T00:00:00.000Z</time></trkpt><trkpt lat="56.3496721" lon="84.5238274"><ele>99.3</ele><time>1970-01-01T00:00:00.000Z</time></trkpt><trkpt lat="56.3496106" lon="84.5237796"><ele>97.6</ele><time>1970-01-01T00:00:00.000Z</time></trkpt><trkpt lat="56.3495353" lon="84.5237247"><ele>97.4</ele><time>1970-01-01T00:00:00.000Z</time></trkpt><trkpt lat="56.3494777" lon="84.5236709"><ele>96.5</ele><time>1970-01-01T00:00:00.000Z</time></trkpt><trkpt lat="56.3494148" lon="84.5236127"><ele>94.9</ele><time>1970-01-01T00:00:00.000Z</time></trkpt><trkpt lat="56.3493455" lon="84.5235482"><ele>93.3</ele><time>1970-01-01T00:00:00.000Z</time></trkpt><trkpt lat="56.3492776" lon="84.5234845"><ele>95</ele><time>1970-01-01T00:00:00.000Z</time></trkpt><trkpt lat="56.3492197" lon="84.5234361"><ele>93.3</ele><time>1970-01-01T00:00:00.000Z</time></trkpt><trkpt lat="56.34916" lon="84.5233979"><ele>93.7</ele><time>1970-01-01T00:00:00.000Z</time></trkpt><trkpt lat="56.3490979" lon="84.5233714"><ele>92.3</ele><time>1970-01-01T00:00:00.000Z</time></trkpt><trkpt lat="56.3490333" lon="84.5233215"><ele>92.2</ele><time>1970-01-01T00:00:00.000Z</time></trkpt><trkpt lat="56.3489712" lon="84.5232584"><ele>91.4</ele><time>1970-01-01T00:00:00.000Z</time></trkpt><trkpt lat="56.3489014" lon="84.5231994"><ele>90.8</ele><time>1970-01-01T00:00:00.000Z</time></trkpt><trkpt lat="56.3488376" lon="84.5231473"><ele>90.8</ele><time>1970-01-01T00:00:00.000Z</time></trkpt><trkpt lat="56.3487732" lon="84.5230989"><ele>91.4</ele><time>1970-01-01T00:00:00.000Z</time></trkpt><trkpt lat="56.3487115" lon="84.5230489"><ele>91.6</ele><time>1970-01-01T00:00:00.000Z</time></trkpt><trkpt lat="56.3486535" lon="84.5230116"><ele>90.3</ele><time>1970-01-01T00:00:00.000Z</time></trkpt><trkpt lat="56.3485941" lon="84.5229884"><ele>90.4</ele><time>1970-01-01T00:00:00.000Z</time></trkpt><trkpt lat="56.3485473" lon="84.5229558"><ele>92.4</ele><time>1970-01-01T00:00:00.000Z</time></trkpt><trkpt lat="56.3485009" lon="84.5229265"><ele>93</ele><time>1970-01-01T00:00:00.000Z</time></trkpt><trkpt lat="56.348441" lon="84.5228787"><ele>92.2</ele><time>1970-01-01T00:00:00.000Z</time></trkpt><trkpt lat="56.3483866" lon="84.522833"><ele>91.7</ele><time>1970-01-01T00:00:00.000Z</time></trkpt><trkpt lat="56.3483249" lon="84.5227525"><ele>92.6</ele><time>1970-01-01T00:00:00.000Z</time></trkpt><trkpt lat="56.3482634" lon="84.5226943"><ele>93.5</ele><time>1970-01-01T00:00:00.000Z</time></trkpt><trkpt lat="56.3482104" lon="84.5226664"><ele>93.3</ele><time>1970-01-01T00:00:00.000Z</time></trkpt><trkpt lat="56.3481537" lon="84.5226165"><ele>93.8</ele><time>1970-01-01T00:00:00.000Z</time></trkpt><trkpt lat="56.3481099" lon="84.5225744"><ele>93.7</ele><time>1970-01-01T00:00:00.000Z</time></trkpt><trkpt lat="56.3480634" lon="84.5225205"><ele>94.3</ele><time>1970-01-01T00:00:00.000Z</time></trkpt><trkpt lat="56.3480039" lon="84.5224737"><ele>96.1</ele><time>1970-01-01T00:00:00.000Z</time></trkpt><trkpt lat="56.3479452" lon="84.5224275"><ele>96.6</ele><time>1970-01-01T00:00:00.000Z</time></trkpt><trkpt lat="56.3478809" lon="84.5223869"><ele>94.5</ele><time>1970-01-01T00:00:00.000Z</time></trkpt><trkpt lat="56.3478107" lon="84.52234"><ele>95.7</ele><time>1970-01-01T00:00:00.000Z</time></trkpt><trkpt lat="56.3477609" lon="84.5222822"><ele>94.7</ele><time>1970-01-01T00:00:00.000Z</time></trkpt><trkpt lat="56.3477076" lon="84.5222274"><ele>94.6</ele><time>1970-01-01T00:00:00.000Z</time></trkpt><trkpt lat="56.3476496" lon="84.5221891"><ele>96.9</ele><time>1970-01-01T00:00:00.000Z</time></trkpt><trkpt lat="56.3475956" lon="84.5221473"><ele>97.3</ele><time>1970-01-01T00:00:00.000Z</time></trkpt><trkpt lat="56.3475323" lon="84.5220862"><ele>97.7</ele><time>1970-01-01T00:00:00.000Z</time></trkpt><trkpt lat="56.3474751" lon="84.5220406"><ele>95.9</ele><time>1970-01-01T00:00:00.000Z</time></trkpt><trkpt lat="56.3474202" lon="84.5219866"><ele>96.3</ele><time>1970-01-01T00:00:00.000Z</time></trkpt><trkpt lat="56.3473754" lon="84.5219516"><ele>93.9</ele><time>1970-01-01T00:00:00.000Z</time></trkpt><trkpt lat="56.3472972" lon="84.5218865"><ele>93.8</ele><time>1970-01-01T00:00:00.000Z</time></trkpt><trkpt lat="56.3472363" lon="84.5218475"><ele>93.3</ele><time>1970-01-01T00:00:00.000Z</time></trkpt><trkpt lat="56.3471694" lon="84.5217802"><ele>94.6</ele><time>1970-01-01T00:00:00.000Z</time></trkpt><trkpt lat="56.3471223" lon="84.5217166"><ele>92.9</ele><time>1970-01-01T00:00:00.000Z</time></trkpt><trkpt lat="56.347062" lon="84.5216711"><ele>92</ele><time>1970-01-01T00:00:00.000Z</time></trkpt><trkpt lat="56.347014" lon="84.5216297"><ele>93.4</ele><time>1970-01-01T00:00:00.000Z</time></trkpt><trkpt lat="56.3469565" lon="84.5215612"><ele>91.2</ele><time>1970-01-01T00:00:00.000Z</time></trkpt><trkpt lat="56.346921" lon="84.5215524"><ele>92.2</ele><time>1970-01-01T00:00:00.000Z</time></trkpt><trkpt lat="56.3469084" lon="84.5215656"><ele>92.8</ele><time>1970-01-01T00:00:00.000Z</time></trkpt><trkpt lat="56.3468987" lon="84.5215747"><ele>93.2</ele><time>1970-01-01T00:00:00.000Z</time></trkpt><trkpt lat="56.3468915" lon="84.521568"><ele>93.2</ele><time>1970-01-01T00:00:00.000Z</time></trkpt><trkpt lat="56.3469004" lon="84.5215712"><ele>93.2</ele><time>1970-01-01T00:00:00.000Z</time></trkpt><trkpt lat="56.3468961" lon="84.5215779"><ele>92.5</ele><time>1970-01-01T00:00:00.000Z</time></trkpt><trkpt lat="56.3469146" lon="84.5215611"><ele>92.8</ele><time>1970-01-01T00:00:00.000Z</time></trkpt><trkpt lat="56.3469261" lon="84.5215557"><ele>93.1</ele><time>1970-01-01T00:00:00.000Z</time></trkpt><trkpt lat="56.3469276" lon="84.5215419"><ele>93.4</ele><time>1970-01-01T00:00:00.000Z</time></trkpt><trkpt lat="56.3469264" lon="84.5215416"><ele>93.4</ele><time>1970-01-01T00:00:00.000Z</time></trkpt><trkpt lat="56.3469258" lon="84.5215449"><ele>93.4</ele><time>1970-01-01T00:00:00.000Z</time></trkpt><trkpt lat="56.3469145" lon="84.521551"><ele>93.7</ele><time>1970-01-01T00:00:00.000Z</time></trkpt><trkpt lat="56.3469092" lon="84.521548"><ele>93.7</ele><time>1970-01-01T00:00:00.000Z</time></trkpt><trkpt lat="56.3469064" lon="84.5215465"><ele>93.1</ele><time>1970-01-01T00:00:00.000Z</time></trkpt><trkpt lat="56.3469038" lon="84.5215439"><ele>93.8</ele><time>1970-01-01T00:00:00.000Z</time></trkpt><trkpt lat="56.346904" lon="84.5215419"><ele>92.9</ele><time>1970-01-01T00:00:00.000Z</time></trkpt><trkpt lat="56.3469024" lon="84.5215371"><ele>93.2</ele><time>1970-01-01T00:00:00.000Z</time></trkpt><trkpt lat="56.3469015" lon="84.5215385"><ele>93.2</ele><time>1970-01-01T00:00:00.000Z</time></trkpt><trkpt lat="56.3469012" lon="84.5215373"><ele>93.1</ele><time>1970-01-01T00:00:00.000Z</time></trkpt><trkpt lat="56.3468995" lon="84.5215452"><ele>93.3</ele><time>1970-01-01T00:00:00.000Z</time></trkpt><trkpt lat="56.3468964" lon="84.5215475"><ele>93.3</ele><time>1970-01-01T00:00:00.000Z</time></trkpt><trkpt lat="56.3468985" lon="84.5215484"><ele>93.5</ele><time>1970-01-01T00:00:00.000Z</time></trkpt><trkpt lat="56.3468965" lon="84.5215489"><ele>93.5</ele><time>1970-01-01T00:00:00.000Z</time></trkpt><trkpt lat="56.346885" lon="84.5215392"><ele>93.4</ele><time>1970-01-01T00:00:00.000Z</time></trkpt><trkpt lat="56.3468698" lon="84.5215103"><ele>93.5</ele><time>1970-01-01T00:00:00.000Z</time></trkpt><trkpt lat="56.3468574" lon="84.5215083"><ele>93.8</ele><time>1970-01-01T00:00:00.000Z</time></trkpt><trkpt lat="56.3468533" lon="84.521513"><ele>94.8</ele><time>1970-01-01T00:00:00.000Z</time></trkpt><trkpt lat="56.3468535" lon="84.521519"><ele>94.7</ele><time>1970-01-01T00:00:00.000Z</time></trkpt><trkpt lat="56.3468535" lon="84.5215247"><ele>94.8</ele><time>1970-01-01T00:00:00.000Z</time></trkpt><trkpt lat="56.3468493" lon="84.5215225"><ele>94.9</ele><time>1970-01-01T00:00:00.000Z</time></trkpt><trkpt lat="56.3468393" lon="84.5215337"><ele>95</ele><time>1970-01-01T00:00:00.000Z</time></trkpt><trkpt lat="56.3468353" lon="84.5215265"><ele>95.6</ele><time>1970-01-01T00:00:00.000Z</time></trkpt><trkpt lat="56.3468344" lon="84.5215219"><ele>95.6</ele><time>1970-01-01T00:00:00.000Z</time></trkpt><trkpt lat="56.3468346" lon="84.5215205"><ele>95.6</ele><time>1970-01-01T00:00:00.000Z</time></trkpt><trkpt lat="56.3468317" lon="84.5215111"><ele>94.9</ele><time>1970-01-01T00:00:00.000Z</time></trkpt><trkpt lat="56.3467791" lon="84.5214474"><ele>95.2</ele><time>1970-01-01T00:00:00.000Z</time></trkpt><trkpt lat="56.3467325" lon="84.5213839"><ele>93.7</ele><time>1970-01-01T00:00:00.000Z</time></trkpt><trkpt lat="56.3467045" lon="84.5212941"><ele>92.2</ele><time>1970-01-01T00:00:00.000Z</time></trkpt><trkpt lat="56.3466736" lon="84.5212142"><ele>92</ele><time>1970-01-01T00:00:00.000Z</time></trkpt><trkpt lat="56.3466294" lon="84.5211793"><ele>90.4</ele><time>1970-01-01T00:00:00.000Z</time></trkpt><trkpt lat="56.3465685" lon="84.5211553"><ele>88.9</ele><time>1970-01-01T00:00:00.000Z</time></trkpt><trkpt lat="56.3465029" lon="84.5211441"><ele>86.8</ele><time>1970-01-01T00:00:00.000Z</time></trkpt><trkpt lat="56.3464439" lon="84.5211106"><ele>85.7</ele><time>1970-01-01T00:00:00.000Z</time></trkpt><trkpt lat="56.3463829" lon="84.5210511"><ele>87.9</ele><time>1970-01-01T00:00:00.000Z</time></trkpt><trkpt lat="56.3463269" lon="84.5209985"><ele>90</ele><time>1970-01-01T00:00:00.000Z</time></trkpt><trkpt lat="56.3462701" lon="84.5209457"><ele>89.4</ele><time>1970-01-01T00:00:00.000Z</time></trkpt><trkpt lat="56.3462152" lon="84.5208869"><ele>90.2</ele><time>1970-01-01T00:00:00.000Z</time></trkpt><trkpt lat="56.3461577" lon="84.5208298"><ele>89.9</ele><time>1970-01-01T00:00:00.000Z</time></trkpt><trkpt lat="56.3460946" lon="84.5207628"><ele>89.9</ele><time>1970-01-01T00:00:00.000Z</time></trkpt><trkpt lat="56.3460347" lon="84.5206801"><ele>89.9</ele><time>1970-01-01T00:00:00.000Z</time></trkpt><trkpt lat="56.345976" lon="84.5206155"><ele>89.7</ele><time>1970-01-01T00:00:00.000Z</time></trkpt><trkpt lat="56.3459175" lon="84.520559"><ele>89</ele><time>1970-01-01T00:00:00.000Z</time></trkpt><trkpt lat="56.345851" lon="84.5205224"><ele>90.6</ele><time>1970-01-01T00:00:00.000Z</time></trkpt><trkpt lat="56.34581" lon="84.5204644"><ele>90.9</ele><time>1970-01-01T00:00:00.000Z</time></trkpt><trkpt lat="56.3458214" lon="84.5204688"><ele>91.5</ele><time>1970-01-01T00:00:00.000Z</time></trkpt><trkpt lat="56.3458299" lon="84.5204782"><ele>91.5</ele><time>1970-01-01T00:00:00.000Z</time></trkpt><trkpt lat="56.3458235" lon="84.5204696"><ele>92.3</ele><time>1970-01-01T00:00:00.000Z</time></trkpt><trkpt lat="56.3457896" lon="84.5204057"><ele>93.4</ele><time>1970-01-01T00:00:00.000Z</time></trkpt><trkpt lat="56.3457818" lon="84.5203858"><ele>93.3</ele><time>1970-01-01T00:00:00.000Z</time></trkpt><trkpt lat="56.3457708" lon="84.5203987"><ele>93.4</ele><time>1970-01-01T00:00:00.000Z</time></trkpt><trkpt lat="56.3457296" lon="84.5203456"><ele>91.6</ele><time>1970-01-01T00:00:00.000Z</time></trkpt><trkpt lat="56.3456758" lon="84.5203028"><ele>90.4</ele><time>1970-01-01T00:00:00.000Z</time></trkpt><trkpt lat="56.3456258" lon="84.5201796"><ele>90.2</ele><time>1970-01-01T00:00:00.000Z</time></trkpt><trkpt lat="56.3455743" lon="84.520064"><ele>90.2</ele><time>1970-01-01T00:00:00.000Z</time></trkpt><trkpt lat="56.3455204" lon="84.5199219"><ele>89.9</ele><time>1970-01-01T00:00:00.000Z</time></trkpt><trkpt lat="56.3454712" lon="84.519798"><ele>92.3</ele><time>1970-01-01T00:00:00.000Z</time></trkpt><trkpt lat="56.3454334" lon="84.5197295"><ele>95.4</ele><time>1970-01-01T00:00:00.000Z</time></trkpt><trkpt lat="56.3453984" lon="84.5196821"><ele>93.8</ele><time>1970-01-01T00:00:00.000Z</time></trkpt><trkpt lat="56.3453629" lon="84.5195995"><ele>92.8</ele><time>1970-01-01T00:00:00.000Z</time></trkpt><trkpt lat="56.3453086" lon="84.5195146"><ele>92.3</ele><time>1970-01-01T00:00:00.000Z</time></trkpt><trkpt lat="56.3452586" lon="84.5194372"><ele>92.9</ele><time>1970-01-01T00:00:00.000Z</time></trkpt><trkpt lat="56.3452236" lon="84.5193344"><ele>91.7</ele><time>1970-01-01T00:00:00.000Z</time></trkpt><trkpt lat="56.3451945" lon="84.5192379"><ele>91.5</ele><time>1970-01-01T00:00:00.000Z</time></trkpt><trkpt lat="56.3451677" lon="84.5191462"><ele>92.6</ele><time>1970-01-01T00:00:00.000Z</time></trkpt><trkpt lat="56.345132" lon="84.5190363"><ele>93.1</ele><time>1970-01-01T00:00:00.000Z</time></trkpt><trkpt lat="56.3450946" lon="84.5189168"><ele>94</ele><time>1970-01-01T00:00:00.000Z</time></trkpt><trkpt lat="56.3450693" lon="84.5188194"><ele>92.6</ele><time>1970-01-01T00:00:00.000Z</time></trkpt><trkpt lat="56.3450289" lon="84.5187091"><ele>92.2</ele><time>1970-01-01T00:00:00.000Z</time></trkpt><trkpt lat="56.3450038" lon="84.5186066"><ele>92.5</ele><time>1970-01-01T00:00:00.000Z</time></trkpt><trkpt lat="56.3449785" lon="84.5184795"><ele>93.4</ele><time>1970-01-01T00:00:00.000Z</time></trkpt><trkpt lat="56.3449574" lon="84.5183696"><ele>93.2</ele><time>1970-01-01T00:00:00.000Z</time></trkpt><trkpt lat="56.3449409" lon="84.518237"><ele>91.6</ele><time>1970-01-01T00:00:00.000Z</time></trkpt><trkpt lat="56.3449209" lon="84.5181283"><ele>92.5</ele><time>1970-01-01T00:00:00.000Z</time></trkpt><trkpt lat="56.3448913" lon="84.5180175"><ele>92.6</ele><time>1970-01-01T00:00:00.000Z</time></trkpt><trkpt lat="56.3448607" lon="84.5178862"><ele>92.6</ele><time>1970-01-01T00:00:00.000Z</time></trkpt><trkpt lat="56.344836" lon="84.5177691"><ele>92.9</ele><time>1970-01-01T00:00:00.000Z</time></trkpt><trkpt lat="56.3448104" lon="84.5176638"><ele>92</ele><time>1970-01-01T00:00:00.000Z</time></trkpt><trkpt lat="56.3447722" lon="84.5175603"><ele>91.9</ele><time>1970-01-01T00:00:00.000Z</time></trkpt><trkpt lat="56.3447402" lon="84.5174456"><ele>92.7</ele><time>1970-01-01T00:00:00.000Z</time></trkpt><trkpt lat="56.3447169" lon="84.5173248"><ele>92.8</ele><time>1970-01-01T00:00:00.000Z</time></trkpt><trkpt lat="56.3446789" lon="84.5171882"><ele>94.4</ele><time>1970-01-01T00:00:00.000Z</time></trkpt><trkpt lat="56.344652" lon="84.5170869"><ele>96.1</ele><time>1970-01-01T00:00:00.000Z</time></trkpt><trkpt lat="56.3446275" lon="84.5169784"><ele>94.3</ele><time>1970-01-01T00:00:00.000Z</time></trkpt><trkpt lat="56.3446004" lon="84.5168425"><ele>95.1</ele><time>1970-01-01T00:00:00.000Z</time></trkpt><trkpt lat="56.3445676" lon="84.5167332"><ele>94.3</ele><time>1970-01-01T00:00:00.000Z</time></trkpt><trkpt lat="56.3445308" lon="84.5166259"><ele>94.7</ele><time>1970-01-01T00:00:00.000Z</time></trkpt><trkpt lat="56.3444993" lon="84.5165105"><ele>92.6</ele><time>1970-01-01T00:00:00.000Z</time></trkpt><trkpt lat="56.3444764" lon="84.5163921"><ele>93.2</ele><time>1970-01-01T00:00:00.000Z</time></trkpt><trkpt lat="56.3444531" lon="84.5162785"><ele>93</ele><time>1970-01-01T00:00:00.000Z</time></trkpt><trkpt lat="56.3444145" lon="84.5161705"><ele>91.3</ele><time>1970-01-01T00:00:00.000Z</time></trkpt><trkpt lat="56.3443826" lon="84.5160655"><ele>91.1</ele><time>1970-01-01T00:00:00.000Z</time></trkpt><trkpt lat="56.3443601" lon="84.515955"><ele>90</ele><time>1970-01-01T00:00:00.000Z</time></trkpt><trkpt lat="56.3443304" lon="84.5158249"><ele>89.8</ele><time>1970-01-01T00:00:00.000Z</time></trkpt><trkpt lat="56.3443084" lon="84.5157252"><ele>89.9</ele><time>1970-01-01T00:00:00.000Z</time></trkpt><trkpt lat="56.3442875" lon="84.51561"><ele>91.5</ele><time>1970-01-01T00:00:00.000Z</time></trkpt><trkpt lat="56.344271" lon="84.5154925"><ele>90.1</ele><time>1970-01-01T00:00:00.000Z</time></trkpt><trkpt lat="56.3442442" lon="84.5153729"><ele>92.1</ele><time>1970-01-01T00:00:00.000Z</time></trkpt><trkpt lat="56.3442025" lon="84.5152591"><ele>92.7</ele><time>1970-01-01T00:00:00.000Z</time></trkpt><trkpt lat="56.3441598" lon="84.5151367"><ele>91.7</ele><time>1970-01-01T00:00:00.000Z</time></trkpt><trkpt lat="56.3441364" lon="84.5150216"><ele>91</ele><time>1970-01-01T00:00:00.000Z</time></trkpt><trkpt lat="56.3441086" lon="84.5149073"><ele>91.4</ele><time>1970-01-01T00:00:00.000Z</time></trkpt><trkpt lat="56.3440709" lon="84.5147844"><ele>92.6</ele><time>1970-01-01T00:00:00.000Z</time></trkpt><trkpt lat="56.3440373" lon="84.5146625"><ele>92.2</ele><time>1970-01-01T00:00:00.000Z</time></trkpt><trkpt lat="56.3440061" lon="84.5145299"><ele>91.9</ele><time>1970-01-01T00:00:00.000Z</time></trkpt><trkpt lat="56.3439775" lon="84.5144302"><ele>91.8</ele><time>1970-01-01T00:00:00.000Z</time></trkpt><trkpt lat="56.3439596" lon="84.514324"><ele>92.2</ele><time>1970-01-01T00:00:00.000Z</time></trkpt><trkpt lat="56.3439302" lon="84.5142042"><ele>91.5</ele><time>1970-01-01T00:00:00.000Z</time></trkpt><trkpt lat="56.3439068" lon="84.5140935"><ele>92.5</ele><time>1970-01-01T00:00:00.000Z</time></trkpt><trkpt lat="56.3438713" lon="84.5139835"><ele>91.9</ele><time>1970-01-01T00:00:00.000Z</time></trkpt><trkpt lat="56.343835" lon="84.5138897"><ele>92.2</ele><time>1970-01-01T00:00:00.000Z</time></trkpt><trkpt lat="56.343802" lon="84.5137771"><ele>90.2</ele><time>1970-01-01T00:00:00.000Z</time></trkpt><trkpt lat="56.343768" lon="84.5136769"><ele>92</ele><time>1970-01-01T00:00:00.000Z</time></trkpt><trkpt lat="56.3437272" lon="84.5135683"><ele>91.6</ele><time>1970-01-01T00:00:00.000Z</time></trkpt><trkpt lat="56.3436975" lon="84.5134592"><ele>92.3</ele><time>1970-01-01T00:00:00.000Z</time></trkpt><trkpt lat="56.343663" lon="84.5133404"><ele>91.9</ele><time>1970-01-01T00:00:00.000Z</time></trkpt><trkpt lat="56.3436195" lon="84.5132188"><ele>92.1</ele><time>1970-01-01T00:00:00.000Z</time></trkpt><trkpt lat="56.3435679" lon="84.513111"><ele>92.3</ele><time>1970-01-01T00:00:00.000Z</time></trkpt><trkpt lat="56.3435298" lon="84.5130103"><ele>93.2</ele><time>1970-01-01T00:00:00.000Z</time></trkpt><trkpt lat="56.3434908" lon="84.512904"><ele>93.2</ele><time>1970-01-01T00:00:00.000Z</time></trkpt><trkpt lat="56.3434425" lon="84.5127959"><ele>92.6</ele><time>1970-01-01T00:00:00.000Z</time></trkpt><trkpt lat="56.3433932" lon="84.5126934"><ele>92.3</ele><time>1970-01-01T00:00:00.000Z</time></trkpt><trkpt lat="56.3433402" lon="84.5126072"><ele>92.8</ele><time>1970-01-01T00:00:00.000Z</time></trkpt><trkpt lat="56.3432933" lon="84.5124985"><ele>93.3</ele><time>1970-01-01T00:00:00.000Z</time></trkpt><trkpt lat="56.343247" lon="84.5124068"><ele>93.4</ele><time>1970-01-01T00:00:00.000Z</time></trkpt><trkpt lat="56.343207" lon="84.5123132"><ele>93.9</ele><time>1970-01-01T00:00:00.000Z</time></trkpt><trkpt lat="56.343159" lon="84.5122158"><ele>95.4</ele><time>1970-01-01T00:00:00.000Z</time></trkpt><trkpt lat="56.3431146" lon="84.5121299"><ele>95.2</ele><time>1970-01-01T00:00:00.000Z</time></trkpt><trkpt lat="56.3430697" lon="84.5120379"><ele>95.7</ele><time>1970-01-01T00:00:00.000Z</time></trkpt><trkpt lat="56.3430282" lon="84.51193"><ele>94.9</ele><time>1970-01-01T00:00:00.000Z</time></trkpt><trkpt lat="56.3429853" lon="84.5118233"><ele>94.8</ele><time>1970-01-01T00:00:00.000Z</time></trkpt><trkpt lat="56.3429415" lon="84.5117169"><ele>95.1</ele><time>1970-01-01T00:00:00.000Z</time></trkpt><trkpt lat="56.3429023" lon="84.5116263"><ele>94.6</ele><time>1970-01-01T00:00:00.000Z</time></trkpt><trkpt lat="56.3428698" lon="84.5115248"><ele>93.7</ele><time>1970-01-01T00:00:00.000Z</time></trkpt><trkpt lat="56.3428321" lon="84.5114238"><ele>92.5</ele><time>1970-01-01T00:00:00.000Z</time></trkpt><trkpt lat="56.3427965" lon="84.5113196"><ele>92.4</ele><time>1970-01-01T00:00:00.000Z</time></trkpt><trkpt lat="56.3427684" lon="84.5112144"><ele>91.4</ele><time>1970-01-01T00:00:00.000Z</time></trkpt><trkpt lat="56.3427369" lon="84.5111087"><ele>90.1</ele><time>1970-01-01T00:00:00.000Z</time></trkpt><trkpt lat="56.3426925" lon="84.5110066"><ele>89.8</ele><time>1970-01-01T00:00:00.000Z</time></trkpt><trkpt lat="56.3426452" lon="84.5109105"><ele>91.1</ele><time>1970-01-01T00:00:00.000Z</time></trkpt><trkpt lat="56.3426026" lon="84.5108226"><ele>91.2</ele><time>1970-01-01T00:00:00.000Z</time></trkpt><trkpt lat="56.3425639" lon="84.5107227"><ele>89.7</ele><time>1970-01-01T00:00:00.000Z</time></trkpt><trkpt lat="56.3425184" lon="84.5106208"><ele>89.8</ele><time>1970-01-01T00:00:00.000Z</time></trkpt><trkpt lat="56.3424796" lon="84.510524"><ele>90.8</ele><time>1970-01-01T00:00:00.000Z</time></trkpt><trkpt lat="56.342441" lon="84.5104383"><ele>91.1</ele><time>1970-01-01T00:00:00.000Z</time></trkpt><trkpt lat="56.3423904" lon="84.5103415"><ele>91.1</ele><time>1970-01-01T00:00:00.000Z</time></trkpt><trkpt lat="56.3423446" lon="84.5102391"><ele>89.4</ele><time>1970-01-01T00:00:00.000Z</time></trkpt><trkpt lat="56.3422902" lon="84.5101452"><ele>93.7</ele><time>1970-01-01T00:00:00.000Z</time></trkpt><trkpt lat="56.3422363" lon="84.5100477"><ele>94.8</ele><time>1970-01-01T00:00:00.000Z</time></trkpt><trkpt lat="56.3421879" lon="84.5099599"><ele>95.5</ele><time>1970-01-01T00:00:00.000Z</time></trkpt><trkpt lat="56.3421472" lon="84.509862"><ele>96.6</ele><time>1970-01-01T00:00:00.000Z</time></trkpt><trkpt lat="56.3421075" lon="84.509757"><ele>97.2</ele><time>1970-01-01T00:00:00.000Z</time></trkpt><trkpt lat="56.3420709" lon="84.5096547"><ele>97.7</ele><time>1970-01-01T00:00:00.000Z</time></trkpt><trkpt lat="56.3420276" lon="84.5095695"><ele>96</ele><time>1970-01-01T00:00:00.000Z</time></trkpt><trkpt lat="56.3419786" lon="84.5094906"><ele>96.3</ele><time>1970-01-01T00:00:00.000Z</time></trkpt><trkpt lat="56.3419313" lon="84.5093992"><ele>96.8</ele><time>1970-01-01T00:00:00.000Z</time></trkpt><trkpt lat="56.3418923" lon="84.5093035"><ele>95.2</ele><time>1970-01-01T00:00:00.000Z</time></trkpt><trkpt lat="56.3418493" lon="84.5092358"><ele>94.5</ele><time>1970-01-01T00:00:00.000Z</time></trkpt><trkpt lat="56.3417986" lon="84.509163"><ele>94.5</ele><time>1970-01-01T00:00:00.000Z</time></trkpt><trkpt lat="56.34176" lon="84.5090758"><ele>92.8</ele><time>1970-01-01T00:00:00.000Z</time></trkpt><trkpt lat="56.3417318" lon="84.5089845"><ele>92.9</ele><time>1970-01-01T00:00:00.000Z</time></trkpt><trkpt lat="56.3416929" lon="84.5088888"><ele>93.5</ele><time>1970-01-01T00:00:00.000Z</time></trkpt><trkpt lat="56.3416464" lon="84.5088055"><ele>92.1</ele><time>1970-01-01T00:00:00.000Z</time></trkpt><trkpt lat="56.3415911" lon="84.5087168"><ele>90.2</ele><time>1970-01-01T00:00:00.000Z</time></trkpt><trkpt lat="56.3415313" lon="84.5086355"><ele>88.2</ele><time>1970-01-01T00:00:00.000Z</time></trkpt><trkpt lat="56.341467" lon="84.5085505"><ele>90.3</ele><time>1970-01-01T00:00:00.000Z</time></trkpt><trkpt lat="56.3414123" lon="84.5084855"><ele>90.5</ele><time>1970-01-01T00:00:00.000Z</time></trkpt><trkpt lat="56.341361" lon="84.5084057"><ele>90.8</ele><time>1970-01-01T00:00:00.000Z</time></trkpt><trkpt lat="56.3412985" lon="84.5083503"><ele>90.1</ele><time>1970-01-01T00:00:00.000Z</time></trkpt><trkpt lat="56.3412448" lon="84.5082654"><ele>89.6</ele><time>1970-01-01T00:00:00.000Z</time></trkpt><trkpt lat="56.3411966" lon="84.5081838"><ele>88.8</ele><time>1970-01-01T00:00:00.000Z</time></trkpt><trkpt lat="56.3411411" lon="84.5081028"><ele>88.8</ele><time>1970-01-01T00:00:00.000Z</time></trkpt><trkpt lat="56.3410708" lon="84.5080383"><ele>90.9</ele><time>1970-01-01T00:00:00.000Z</time></trkpt><trkpt lat="56.3410265" lon="84.5079996"><ele>91.9</ele><time>1970-01-01T00:00:00.000Z</time></trkpt><trkpt lat="56.3409637" lon="84.5079471"><ele>94</ele><time>1970-01-01T00:00:00.000Z</time></trkpt><trkpt lat="56.340907" lon="84.5079095"><ele>92.5</ele><time>1970-01-01T00:00:00.000Z</time></trkpt><trkpt lat="56.3408485" lon="84.5078332"><ele>91.5</ele><time>1970-01-01T00:00:00.000Z</time></trkpt><trkpt lat="56.340781" lon="84.5077677"><ele>90.8</ele><time>1970-01-01T00:00:00.000Z</time></trkpt><trkpt lat="56.3407059" lon="84.5077195"><ele>90.6</ele><time>1970-01-01T00:00:00.000Z</time></trkpt><trkpt lat="56.3406522" lon="84.5076712"><ele>91.2</ele><time>1970-01-01T00:00:00.000Z</time></trkpt><trkpt lat="56.3406202" lon="84.5075962"><ele>90</ele><time>1970-01-01T00:00:00.000Z</time></trkpt><trkpt lat="56.3406058" lon="84.5075834"><ele>92.1</ele><time>1970-01-01T00:00:00.000Z</time></trkpt><trkpt lat="56.3406268" lon="84.5075621"><ele>91.8</ele><time>1970-01-01T00:00:00.000Z</time></trkpt><trkpt lat="56.3406215" lon="84.5075798"><ele>92</ele><time>1970-01-01T00:00:00.000Z</time></trkpt><trkpt lat="56.3406178" lon="84.5075915"><ele>92</ele><time>1970-01-01T00:00:00.000Z</time></trkpt><trkpt lat="56.3406054" lon="84.5076031"><ele>92</ele><time>1970-01-01T00:00:00.000Z</time></trkpt><trkpt lat="56.3406052" lon="84.5076035"><ele>92.1</ele><time>1970-01-01T00:00:00.000Z</time></trkpt><trkpt lat="56.3406042" lon="84.5076025"><ele>91.8</ele><time>1970-01-01T00:00:00.000Z</time></trkpt><trkpt lat="56.3405908" lon="84.5076"><ele>91</ele><time>1970-01-01T00:00:00.000Z</time></trkpt><trkpt lat="56.3405375" lon="84.5075777"><ele>91.4</ele><time>1970-01-01T00:00:00.000Z</time></trkpt><trkpt lat="56.3404964" lon="84.5075553"><ele>89.7</ele><time>1970-01-01T00:00:00.000Z</time></trkpt><trkpt lat="56.3404171" lon="84.5075148"><ele>87.9</ele><time>1970-01-01T00:00:00.000Z</time></trkpt><trkpt lat="56.3403457" lon="84.5074755"><ele>86.9</ele><time>1970-01-01T00:00:00.000Z</time></trkpt><trkpt lat="56.3403088" lon="84.5074621"><ele>86.9</ele><time>1970-01-01T00:00:00.000Z</time></trkpt><trkpt lat="56.3402327" lon="84.5074139"><ele>88.5</ele><time>1970-01-01T00:00:00.000Z</time></trkpt><trkpt lat="56.3401561" lon="84.5073692"><ele>88.3</ele><time>1970-01-01T00:00:00.000Z</time></trkpt><trkpt lat="56.3400902" lon="84.5073199"><ele>85.6</ele><time>1970-01-01T00:00:00.000Z</time></trkpt><trkpt lat="56.3400175" lon="84.5072646"><ele>84.5</ele><time>1970-01-01T00:00:00.000Z</time></trkpt><trkpt lat="56.3399522" lon="84.5072391"><ele>85</ele><time>1970-01-01T00:00:00.000Z</time></trkpt><trkpt lat="56.3398911" lon="84.5072029"><ele>83.5</ele><time>1970-01-01T00:00:00.000Z</time></trkpt><trkpt lat="56.3398406" lon="84.507181"><ele>80.1</ele><time>1970-01-01T00:00:00.000Z</time></trkpt><trkpt lat="56.3397864" lon="84.5071339"><ele>78.4</ele><time>1970-01-01T00:00:00.000Z</time></trkpt><trkpt lat="56.339698" lon="84.5070698"><ele>79.7</ele><time>1970-01-01T00:00:00.000Z</time></trkpt><trkpt lat="56.3396126" lon="84.5070354"><ele>81.1</ele><time>1970-01-01T00:00:00.000Z</time></trkpt><trkpt lat="56.3395481" lon="84.5070048"><ele>81.2</ele><time>1970-01-01T00:00:00.000Z</time></trkpt><trkpt lat="56.3394836" lon="84.5069701"><ele>79</ele><time>1970-01-01T00:00:00.000Z</time></trkpt><trkpt lat="56.3394258" lon="84.5069311"><ele>79.2</ele><time>1970-01-01T00:00:00.000Z</time></trkpt><trkpt lat="56.3393589" lon="84.5068982"><ele>79.3</ele><time>1970-01-01T00:00:00.000Z</time></trkpt><trkpt lat="56.3392903" lon="84.5068641"><ele>78.5</ele><time>1970-01-01T00:00:00.000Z</time></trkpt><trkpt lat="56.3392303" lon="84.5067862"><ele>77.7</ele><time>1970-01-01T00:00:00.000Z</time></trkpt><trkpt lat="56.3391578" lon="84.5067394"><ele>79.2</ele><time>1970-01-01T00:00:00.000Z</time></trkpt><trkpt lat="56.3390761" lon="84.5067161"><ele>80.1</ele><time>1970-01-01T00:00:00.000Z</time></trkpt><trkpt lat="56.3389972" lon="84.5066781"><ele>78</ele><time>1970-01-01T00:00:00.000Z</time></trkpt><trkpt lat="56.3389142" lon="84.5066345"><ele>78.5</ele><time>1970-01-01T00:00:00.000Z</time></trkpt><trkpt lat="56.3388306" lon="84.5065961"><ele>81.1</ele><time>1970-01-01T00:00:00.000Z</time></trkpt><trkpt lat="56.3387471" lon="84.5065466"><ele>84.2</ele><time>1970-01-01T00:00:00.000Z</time></trkpt><trkpt lat="56.3386704" lon="84.5065255"><ele>86.6</ele><time>1970-01-01T00:00:00.000Z</time></trkpt><trkpt lat="56.3385824" lon="84.5065005"><ele>86.2</ele><time>1970-01-01T00:00:00.000Z</time></trkpt><trkpt lat="56.3385067" lon="84.5064704"><ele>87.2</ele><time>1970-01-01T00:00:00.000Z</time></trkpt><trkpt lat="56.3384255" lon="84.5064086"><ele>86.5</ele><time>1970-01-01T00:00:00.000Z</time></trkpt><trkpt lat="56.3383596" lon="84.5063587"><ele>87.6</ele><time>1970-01-01T00:00:00.000Z</time></trkpt><trkpt lat="56.3382913" lon="84.5063105"><ele>86.8</ele><time>1970-01-01T00:00:00.000Z</time></trkpt><trkpt lat="56.3382253" lon="84.5062796"><ele>87</ele><time>1970-01-01T00:00:00.000Z</time></trkpt><trkpt lat="56.3381504" lon="84.5062359"><ele>86.6</ele><time>1970-01-01T00:00:00.000Z</time></trkpt><trkpt lat="56.3380701" lon="84.506189"><ele>88.3</ele><time>1970-01-01T00:00:00.000Z</time></trkpt><trkpt lat="56.3379922" lon="84.5061567"><ele>86.4</ele><time>1970-01-01T00:00:00.000Z</time></trkpt><trkpt lat="56.3379198" lon="84.5061163"><ele>86.5</ele><time>1970-01-01T00:00:00.000Z</time></trkpt><trkpt lat="56.3378462" lon="84.5060649"><ele>84.5</ele><time>1970-01-01T00:00:00.000Z</time></trkpt><trkpt lat="56.3377815" lon="84.5060732"><ele>83.3</ele><time>1970-01-01T00:00:00.000Z</time></trkpt><trkpt lat="56.337718" lon="84.5059988"><ele>82.6</ele><time>1970-01-01T00:00:00.000Z</time></trkpt><trkpt lat="56.3376338" lon="84.5059585"><ele>83.8</ele><time>1970-01-01T00:00:00.000Z</time></trkpt><trkpt lat="56.3375607" lon="84.5059339"><ele>85.6</ele><time>1970-01-01T00:00:00.000Z</time></trkpt><trkpt lat="56.3374735" lon="84.5058892"><ele>86.4</ele><time>1970-01-01T00:00:00.000Z</time></trkpt><trkpt lat="56.3373979" lon="84.5058401"><ele>86.5</ele><time>1970-01-01T00:00:00.000Z</time></trkpt><trkpt lat="56.3373295" lon="84.5058104"><ele>87.5</ele><time>1970-01-01T00:00:00.000Z</time></trkpt><trkpt lat="56.3372567" lon="84.5057633"><ele>86.3</ele><time>1970-01-01T00:00:00.000Z</time></trkpt><trkpt lat="56.3372151" lon="84.5056532"><ele>87.1</ele><time>1970-01-01T00:00:00.000Z</time></trkpt><trkpt lat="56.3371821" lon="84.5056113"><ele>85.4</ele><time>1970-01-01T00:00:00.000Z</time></trkpt><trkpt lat="56.3371195" lon="84.505642"><ele>84.6</ele><time>1970-01-01T00:00:00.000Z</time></trkpt><trkpt lat="56.3370286" lon="84.5056043"><ele>83.9</ele><time>1970-01-01T00:00:00.000Z</time></trkpt><trkpt lat="56.3369396" lon="84.5055177"><ele>83.2</ele><time>1970-01-01T00:00:00.000Z</time></trkpt><trkpt lat="56.3368564" lon="84.5054794"><ele>83</ele><time>1970-01-01T00:00:00.000Z</time></trkpt><trkpt lat="56.3367813" lon="84.5054417"><ele>83</ele><time>1970-01-01T00:00:00.000Z</time></trkpt><trkpt lat="56.3367191" lon="84.5053886"><ele>81.4</ele><time>1970-01-01T00:00:00.000Z</time></trkpt><trkpt lat="56.336646" lon="84.5053401"><ele>81.2</ele><time>1970-01-01T00:00:00.000Z</time></trkpt><trkpt lat="56.3365756" lon="84.5053029"><ele>81.1</ele><time>1970-01-01T00:00:00.000Z</time></trkpt><trkpt lat="56.3365086" lon="84.5052699"><ele>81.6</ele><time>1970-01-01T00:00:00.000Z</time></trkpt><trkpt lat="56.3364341" lon="84.5051864"><ele>80.3</ele><time>1970-01-01T00:00:00.000Z</time></trkpt><trkpt lat="56.3363621" lon="84.5051516"><ele>80.3</ele><time>1970-01-01T00:00:00.000Z</time></trkpt><trkpt lat="56.3362745" lon="84.5051376"><ele>81.1</ele><time>1970-01-01T00:00:00.000Z</time></trkpt><trkpt lat="56.3362091" lon="84.5051072"><ele>82.6</ele><time>1970-01-01T00:00:00.000Z</time></trkpt><trkpt lat="56.3361198" lon="84.5050574"><ele>84.7</ele><time>1970-01-01T00:00:00.000Z</time></trkpt><trkpt lat="56.3360452" lon="84.5050373"><ele>87.4</ele><time>1970-01-01T00:00:00.000Z</time></trkpt><trkpt lat="56.3359783" lon="84.5050043"><ele>88.5</ele><time>1970-01-01T00:00:00.000Z</time></trkpt><trkpt lat="56.3359077" lon="84.5049753"><ele>89.9</ele><time>1970-01-01T00:00:00.000Z</time></trkpt><trkpt lat="56.3358456" lon="84.5049541"><ele>89</ele><time>1970-01-01T00:00:00.000Z</time></trkpt><trkpt lat="56.3357848" lon="84.5049294"><ele>88</ele><time>1970-01-01T00:00:00.000Z</time></trkpt><trkpt lat="56.3357209" lon="84.5048842"><ele>85.9</ele><time>1970-01-01T00:00:00.000Z</time></trkpt><trkpt lat="56.3356522" lon="84.50481"><ele>84.4</ele><time>1970-01-01T00:00:00.000Z</time></trkpt><trkpt lat="56.3355881" lon="84.5047622"><ele>83.8</ele><time>1970-01-01T00:00:00.000Z</time></trkpt><trkpt lat="56.3355258" lon="84.5047252"><ele>84.3</ele><time>1970-01-01T00:00:00.000Z</time></trkpt><trkpt lat="56.3354442" lon="84.5046779"><ele>82.4</ele><time>1970-01-01T00:00:00.000Z</time></trkpt><trkpt lat="56.3353751" lon="84.5046434"><ele>80.8</ele><time>1970-01-01T00:00:00.000Z</time></trkpt><trkpt lat="56.3353117" lon="84.504609"><ele>81.3</ele><time>1970-01-01T00:00:00.000Z</time></trkpt><trkpt lat="56.3352441" lon="84.5045683"><ele>79.8</ele><time>1970-01-01T00:00:00.000Z</time></trkpt><trkpt lat="56.3351752" lon="84.5045259"><ele>80.3</ele><time>1970-01-01T00:00:00.000Z</time></trkpt><trkpt lat="56.3351047" lon="84.5044766"><ele>81</ele><time>1970-01-01T00:00:00.000Z</time></trkpt><trkpt lat="56.3350423" lon="84.5044326"><ele>80.4</ele><time>1970-01-01T00:00:00.000Z</time></trkpt><trkpt lat="56.3349602" lon="84.5043899"><ele>79.8</ele><time>1970-01-01T00:00:00.000Z</time></trkpt><trkpt lat="56.3348894" lon="84.5043514"><ele>81.3</ele><time>1970-01-01T00:00:00.000Z</time></trkpt><trkpt lat="56.334826" lon="84.5043135"><ele>79</ele><time>1970-01-01T00:00:00.000Z</time></trkpt><trkpt lat="56.3347817" lon="84.5043079"><ele>76.8</ele><time>1970-01-01T00:00:00.000Z</time></trkpt><trkpt lat="56.3347583" lon="84.5042756"><ele>79.2</ele><time>1970-01-01T00:00:00.000Z</time></trkpt><trkpt lat="56.3346959" lon="84.5042192"><ele>82.2</ele><time>1970-01-01T00:00:00.000Z</time></trkpt><trkpt lat="56.334604" lon="84.5041833"><ele>84.2</ele><time>1970-01-01T00:00:00.000Z</time></trkpt><trkpt lat="56.3345302" lon="84.5041541"><ele>85.2</ele><time>1970-01-01T00:00:00.000Z</time></trkpt><trkpt lat="56.3344643" lon="84.5041089"><ele>85.3</ele><time>1970-01-01T00:00:00.000Z</time></trkpt><trkpt lat="56.3344074" lon="84.5040352"><ele>86.3</ele><time>1970-01-01T00:00:00.000Z</time></trkpt><trkpt lat="56.3343458" lon="84.5039391"><ele>85.6</ele><time>1970-01-01T00:00:00.000Z</time></trkpt><trkpt lat="56.3342895" lon="84.5038552"><ele>85</ele><time>1970-01-01T00:00:00.000Z</time></trkpt><trkpt lat="56.3342271" lon="84.5037771"><ele>82.1</ele><time>1970-01-01T00:00:00.000Z</time></trkpt><trkpt lat="56.3341755" lon="84.5036943"><ele>79.7</ele><time>1970-01-01T00:00:00.000Z</time></trkpt><trkpt lat="56.3341187" lon="84.5036306"><ele>79.9</ele><time>1970-01-01T00:00:00.000Z</time></trkpt><trkpt lat="56.3340696" lon="84.5035515"><ele>80</ele><time>1970-01-01T00:00:00.000Z</time></trkpt><trkpt lat="56.3340178" lon="84.5034681"><ele>79.9</ele><time>1970-01-01T00:00:00.000Z</time></trkpt><trkpt lat="56.3339725" lon="84.503395"><ele>80</ele><time>1970-01-01T00:00:00.000Z</time></trkpt><trkpt lat="56.3339261" lon="84.5033126"><ele>79.4</ele><time>1970-01-01T00:00:00.000Z</time></trkpt><trkpt lat="56.333877" lon="84.5032211"><ele>78.9</ele><time>1970-01-01T00:00:00.000Z</time></trkpt><trkpt lat="56.3338355" lon="84.5031443"><ele>76.5</ele><time>1970-01-01T00:00:00.000Z</time></trkpt><trkpt lat="56.3337849" lon="84.503052"><ele>77.7</ele><time>1970-01-01T00:00:00.000Z</time></trkpt><trkpt lat="56.3337233" lon="84.5029778"><ele>78.7</ele><time>1970-01-01T00:00:00.000Z</time></trkpt><trkpt lat="56.3336629" lon="84.5029338"><ele>79.6</ele><time>1970-01-01T00:00:00.000Z</time></trkpt><trkpt lat="56.3335983" lon="84.5029285"><ele>79.8</ele><time>1970-01-01T00:00:00.000Z</time></trkpt><trkpt lat="56.3335986" lon="84.5029807"><ele>80.9</ele><time>1970-01-01T00:00:00.000Z</time></trkpt><trkpt lat="56.3336012" lon="84.5029878"><ele>81</ele><time>1970-01-01T00:00:00.000Z</time></trkpt><trkpt lat="56.333603" lon="84.5029903"><ele>80.6</ele><time>1970-01-01T00:00:00.000Z</time></trkpt><trkpt lat="56.3336008" lon="84.5029795"><ele>82.5</ele><time>1970-01-01T00:00:00.000Z</time></trkpt><trkpt lat="56.333593" lon="84.5029002"><ele>79.2</ele><time>1970-01-01T00:00:00.000Z</time></trkpt><trkpt lat="56.3334993" lon="84.5028535"><ele>77.9</ele><time>1970-01-01T00:00:00.000Z</time></trkpt><trkpt lat="56.3334279" lon="84.5027446"><ele>77.7</ele><time>1970-01-01T00:00:00.000Z</time></trkpt><trkpt lat="56.3333943" lon="84.5026418"><ele>76.1</ele><time>1970-01-01T00:00:00.000Z</time></trkpt><trkpt lat="56.3333437" lon="84.5025496"><ele>73.6</ele><time>1970-01-01T00:00:00.000Z</time></trkpt><trkpt lat="56.3332832" lon="84.5024815"><ele>73.7</ele><time>1970-01-01T00:00:00.000Z</time></trkpt><trkpt lat="56.3332158" lon="84.5024044"><ele>73.5</ele><time>1970-01-01T00:00:00.000Z</time></trkpt><trkpt lat="56.3331633" lon="84.5023052"><ele>72.8</ele><time>1970-01-01T00:00:00.000Z</time></trkpt><trkpt lat="56.33311" lon="84.5022355"><ele>72.5</ele><time>1970-01-01T00:00:00.000Z</time></trkpt><trkpt lat="56.3330556" lon="84.5021627"><ele>71.1</ele><time>1970-01-01T00:00:00.000Z</time></trkpt><trkpt lat="56.3330007" lon="84.5020809"><ele>71</ele><time>1970-01-01T00:00:00.000Z</time></trkpt><trkpt lat="56.3329441" lon="84.5019946"><ele>73.4</ele><time>1970-01-01T00:00:00.000Z</time></trkpt><trkpt lat="56.3328882" lon="84.5019075"><ele>75.2</ele><time>1970-01-01T00:00:00.000Z</time></trkpt><trkpt lat="56.3328218" lon="84.5018104"><ele>75.7</ele><time>1970-01-01T00:00:00.000Z</time></trkpt><trkpt lat="56.3327725" lon="84.5017259"><ele>75.8</ele><time>1970-01-01T00:00:00.000Z</time></trkpt><trkpt lat="56.3327202" lon="84.5016196"><ele>73.6</ele><time>1970-01-01T00:00:00.000Z</time></trkpt><trkpt lat="56.3326756" lon="84.5015238"><ele>73.6</ele><time>1970-01-01T00:00:00.000Z</time></trkpt><trkpt lat="56.3326328" lon="84.5014313"><ele>72.7</ele><time>1970-01-01T00:00:00.000Z</time></trkpt><trkpt lat="56.332583" lon="84.5013251"><ele>72.4</ele><time>1970-01-01T00:00:00.000Z</time></trkpt><trkpt lat="56.3325405" lon="84.5012204"><ele>74.2</ele><time>1970-01-01T00:00:00.000Z</time></trkpt><trkpt lat="56.3324955" lon="84.5011247"><ele>75</ele><time>1970-01-01T00:00:00.000Z</time></trkpt><trkpt lat="56.3324515" lon="84.5010357"><ele>75.5</ele><time>1970-01-01T00:00:00.000Z</time></trkpt><trkpt lat="56.3324068" lon="84.5009478"><ele>75.5</ele><time>1970-01-01T00:00:00.000Z</time></trkpt><trkpt lat="56.3323658" lon="84.5008447"><ele>75.7</ele><time>1970-01-01T00:00:00.000Z</time></trkpt><trkpt lat="56.332322" lon="84.5007578"><ele>75.4</ele><time>1970-01-01T00:00:00.000Z</time></trkpt><trkpt lat="56.3322694" lon="84.5006409"><ele>75.4</ele><time>1970-01-01T00:00:00.000Z</time></trkpt><trkpt lat="56.3322288" lon="84.500535"><ele>74.3</ele><time>1970-01-01T00:00:00.000Z</time></trkpt><trkpt lat="56.3321952" lon="84.500396"><ele>73.4</ele><time>1970-01-01T00:00:00.000Z</time></trkpt><trkpt lat="56.3321517" lon="84.5002785"><ele>73.5</ele><time>1970-01-01T00:00:00.000Z</time></trkpt><trkpt lat="56.3320963" lon="84.5002107"><ele>77.6</ele><time>1970-01-01T00:00:00.000Z</time></trkpt><trkpt lat="56.3320844" lon="84.5003263"><ele>78.5</ele><time>1970-01-01T00:00:00.000Z</time></trkpt><trkpt lat="56.3320863" lon="84.5003269"><ele>78.5</ele><time>1970-01-01T00:00:00.000Z</time></trkpt><trkpt lat="56.3320884" lon="84.5003313"><ele>77.9</ele><time>1970-01-01T00:00:00.000Z</time></trkpt><trkpt lat="56.3321025" lon="84.5003303"><ele>77.3</ele><time>1970-01-01T00:00:00.000Z</time></trkpt><trkpt lat="56.3320881" lon="84.5002159"><ele>77.7</ele><time>1970-01-01T00:00:00.000Z</time></trkpt><trkpt lat="56.3320766" lon="84.5000719"><ele>77.6</ele><time>1970-01-01T00:00:00.000Z</time></trkpt><trkpt lat="56.3321409" lon="84.5000461"><ele>80.4</ele><time>1970-01-01T00:00:00.000Z</time></trkpt><trkpt lat="56.3321596" lon="84.5000299"><ele>80.4</ele><time>1970-01-01T00:00:00.000Z</time></trkpt><trkpt lat="56.3321599" lon="84.500024"><ele>80.2</ele><time>1970-01-01T00:00:00.000Z</time></trkpt><trkpt lat="56.3321494" lon="84.5000374"><ele>81.1</ele><time>1970-01-01T00:00:00.000Z</time></trkpt><trkpt lat="56.3321416" lon="84.5000238"><ele>82.2</ele><time>1970-01-01T00:00:00.000Z</time></trkpt><trkpt lat="56.3321286" lon="84.4999681"><ele>83.6</ele><time>1970-01-01T00:00:00.000Z</time></trkpt><trkpt lat="56.3321067" lon="84.4999966"><ele>83.3</ele><time>1970-01-01T00:00:00.000Z</time></trkpt><trkpt lat="56.3320483" lon="84.4999212"><ele>83.8</ele><time>1970-01-01T00:00:00.000Z</time></trkpt><trkpt lat="56.3319772" lon="84.4998199"><ele>82.2</ele><time>1970-01-01T00:00:00.000Z</time></trkpt><trkpt lat="56.3319222" lon="84.4997038"><ele>81.6</ele><time>1970-01-01T00:00:00.000Z</time></trkpt><trkpt lat="56.3318632" lon="84.4995764"><ele>81.6</ele><time>1970-01-01T00:00:00.000Z</time></trkpt><trkpt lat="56.331816" lon="84.4994765"><ele>81.7</ele><time>1970-01-01T00:00:00.000Z</time></trkpt><trkpt lat="56.3317816" lon="84.4993679"><ele>80.4</ele><time>1970-01-01T00:00:00.000Z</time></trkpt><trkpt lat="56.3317343" lon="84.4992564"><ele>83.1</ele><time>1970-01-01T00:00:00.000Z</time></trkpt><trkpt lat="56.3317036" lon="84.4991532"><ele>80.9</ele><time>1970-01-01T00:00:00.000Z</time></trkpt><trkpt lat="56.3316705" lon="84.4990513"><ele>80.3</ele><time>1970-01-01T00:00:00.000Z</time></trkpt><trkpt lat="56.3316414" lon="84.4989414"><ele>80.7</ele><time>1970-01-01T00:00:00.000Z</time></trkpt><trkpt lat="56.3316024" lon="84.4988445"><ele>80.6</ele><time>1970-01-01T00:00:00.000Z</time></trkpt><trkpt lat="56.3315656" lon="84.4987507"><ele>78.5</ele><time>1970-01-01T00:00:00.000Z</time></trkpt><trkpt lat="56.3315266" lon="84.4986402"><ele>79.8</ele><time>1970-01-01T00:00:00.000Z</time></trkpt><trkpt lat="56.3314854" lon="84.4985367"><ele>80</ele><time>1970-01-01T00:00:00.000Z</time></trkpt><trkpt lat="56.331439" lon="84.4984196"><ele>79.8</ele><time>1970-01-01T00:00:00.000Z</time></trkpt><trkpt lat="56.3313992" lon="84.4982979"><ele>78.4</ele><time>1970-01-01T00:00:00.000Z</time></trkpt><trkpt lat="56.3313642" lon="84.4981805"><ele>79.9</ele><time>1970-01-01T00:00:00.000Z</time></trkpt><trkpt lat="56.33133" lon="84.4980793"><ele>79.5</ele><time>1970-01-01T00:00:00.000Z</time></trkpt><trkpt lat="56.3312962" lon="84.4979726"><ele>78.1</ele><time>1970-01-01T00:00:00.000Z</time></trkpt><trkpt lat="56.331259" lon="84.4978674"><ele>78</ele><time>1970-01-01T00:00:00.000Z</time></trkpt><trkpt lat="56.3312218" lon="84.4977484"><ele>77.5</ele><time>1970-01-01T00:00:00.000Z</time></trkpt><trkpt lat="56.3311958" lon="84.497635"><ele>75.7</ele><time>1970-01-01T00:00:00.000Z</time></trkpt><trkpt lat="56.3311516" lon="84.4975378"><ele>77.4</ele><time>1970-01-01T00:00:00.000Z</time></trkpt><trkpt lat="56.3311116" lon="84.4974259"><ele>75.9</ele><time>1970-01-01T00:00:00.000Z</time></trkpt><trkpt lat="56.3310815" lon="84.4972981"><ele>75.7</ele><time>1970-01-01T00:00:00.000Z</time></trkpt><trkpt lat="56.3310457" lon="84.4971887"><ele>74.5</ele><time>1970-01-01T00:00:00.000Z</time></trkpt><trkpt lat="56.3309959" lon="84.4970869"><ele>74.7</ele><time>1970-01-01T00:00:00.000Z</time></trkpt><trkpt lat="56.330962" lon="84.4969961"><ele>74.8</ele><time>1970-01-01T00:00:00.000Z</time></trkpt><trkpt lat="56.3309362" lon="84.4968705"><ele>74.2</ele><time>1970-01-01T00:00:00.000Z</time></trkpt><trkpt lat="56.3309047" lon="84.4967635"><ele>74.5</ele><time>1970-01-01T00:00:00.000Z</time></trkpt><trkpt lat="56.3308633" lon="84.4966647"><ele>76.2</ele><time>1970-01-01T00:00:00.000Z</time></trkpt><trkpt lat="56.3308179" lon="84.4965676"><ele>76.5</ele><time>1970-01-01T00:00:00.000Z</time></trkpt><trkpt lat="56.3307744" lon="84.4964522"><ele>76.3</ele><time>1970-01-01T00:00:00.000Z</time></trkpt><trkpt lat="56.3307386" lon="84.4963486"><ele>76.7</ele><time>1970-01-01T00:00:00.000Z</time></trkpt><trkpt lat="56.3306945" lon="84.4962478"><ele>77</ele><time>1970-01-01T00:00:00.000Z</time></trkpt><trkpt lat="56.3306506" lon="84.4961439"><ele>76.6</ele><time>1970-01-01T00:00:00.000Z</time></trkpt><trkpt lat="56.330617" lon="84.4960239"><ele>76.7</ele><time>1970-01-01T00:00:00.000Z</time></trkpt><trkpt lat="56.3305689" lon="84.4959106"><ele>78.5</ele><time>1970-01-01T00:00:00.000Z</time></trkpt><trkpt lat="56.3305189" lon="84.4957991"><ele>77.9</ele><time>1970-01-01T00:00:00.000Z</time></trkpt><trkpt lat="56.330481" lon="84.4956818"><ele>77.1</ele><time>1970-01-01T00:00:00.000Z</time></trkpt><trkpt lat="56.3304424" lon="84.4955735"><ele>77.7</ele><time>1970-01-01T00:00:00.000Z</time></trkpt><trkpt lat="56.3303917" lon="84.4954561"><ele>76.3</ele><time>1970-01-01T00:00:00.000Z</time></trkpt><trkpt lat="56.3303395" lon="84.4953403"><ele>77.5</ele><time>1970-01-01T00:00:00.000Z</time></trkpt><trkpt lat="56.3302916" lon="84.4952403"><ele>78</ele><time>1970-01-01T00:00:00.000Z</time></trkpt><trkpt lat="56.3302322" lon="84.4951402"><ele>77.8</ele><time>1970-01-01T00:00:00.000Z</time></trkpt><trkpt lat="56.3301717" lon="84.4950427"><ele>78.3</ele><time>1970-01-01T00:00:00.000Z</time></trkpt><trkpt lat="56.3301153" lon="84.4949378"><ele>79.5</ele><time>1970-01-01T00:00:00.000Z</time></trkpt><trkpt lat="56.3300591" lon="84.4948414"><ele>79</ele><time>1970-01-01T00:00:00.000Z</time></trkpt><trkpt lat="56.3300025" lon="84.494747"><ele>79</ele><time>1970-01-01T00:00:00.000Z</time></trkpt><trkpt lat="56.3299492" lon="84.4946766"><ele>76.8</ele><time>1970-01-01T00:00:00.000Z</time></trkpt><trkpt lat="56.3298934" lon="84.4945956"><ele>76.2</ele><time>1970-01-01T00:00:00.000Z</time></trkpt><trkpt lat="56.3298444" lon="84.494508"><ele>75.9</ele><time>1970-01-01T00:00:00.000Z</time></trkpt><trkpt lat="56.3297969" lon="84.4944275"><ele>76.1</ele><time>1970-01-01T00:00:00.000Z</time></trkpt><trkpt lat="56.32975" lon="84.4943467"><ele>75.8</ele><time>1970-01-01T00:00:00.000Z</time></trkpt><trkpt lat="56.3296934" lon="84.4942615"><ele>75</ele><time>1970-01-01T00:00:00.000Z</time></trkpt><trkpt lat="56.3296259" lon="84.4941897"><ele>75.7</ele><time>1970-01-01T00:00:00.000Z</time></trkpt><trkpt lat="56.3295638" lon="84.494103"><ele>77.6</ele><time>1970-01-01T00:00:00.000Z</time></trkpt><trkpt lat="56.3295002" lon="84.4940299"><ele>77.7</ele><time>1970-01-01T00:00:00.000Z</time></trkpt><trkpt lat="56.3294335" lon="84.4939804"><ele>78.3</ele><time>1970-01-01T00:00:00.000Z</time></trkpt><trkpt lat="56.3293678" lon="84.4939133"><ele>78.4</ele><time>1970-01-01T00:00:00.000Z</time></trkpt><trkpt lat="56.3293103" lon="84.493851"><ele>78.3</ele><time>1970-01-01T00:00:00.000Z</time></trkpt><trkpt lat="56.3292426" lon="84.4938014"><ele>79.8</ele><time>1970-01-01T00:00:00.000Z</time></trkpt><trkpt lat="56.3291818" lon="84.4937613"><ele>80.3</ele><time>1970-01-01T00:00:00.000Z</time></trkpt><trkpt lat="56.329115" lon="84.4937026"><ele>80.6</ele><time>1970-01-01T00:00:00.000Z</time></trkpt><trkpt lat="56.3290546" lon="84.4936792"><ele>80</ele><time>1970-01-01T00:00:00.000Z</time></trkpt><trkpt lat="56.3289847" lon="84.493633"><ele>79.9</ele><time>1970-01-01T00:00:00.000Z</time></trkpt><trkpt lat="56.3289155" lon="84.4935703"><ele>81.1</ele><time>1970-01-01T00:00:00.000Z</time></trkpt><trkpt lat="56.3288474" lon="84.4935037"><ele>79.3</ele><time>1970-01-01T00:00:00.000Z</time></trkpt><trkpt lat="56.3287801" lon="84.4934606"><ele>80.2</ele><time>1970-01-01T00:00:00.000Z</time></trkpt><trkpt lat="56.3287075" lon="84.493416"><ele>79.9</ele><time>1970-01-01T00:00:00.000Z</time></trkpt><trkpt lat="56.3286285" lon="84.493352"><ele>80.9</ele><time>1970-01-01T00:00:00.000Z</time></trkpt><trkpt lat="56.3285643" lon="84.4932907"><ele>81.3</ele><time>1970-01-01T00:00:00.000Z</time></trkpt><trkpt lat="56.3284933" lon="84.4932346"><ele>80.6</ele><time>1970-01-01T00:00:00.000Z</time></trkpt><trkpt lat="56.3284199" lon="84.4932078"><ele>80.3</ele><time>1970-01-01T00:00:00.000Z</time></trkpt><trkpt lat="56.3283381" lon="84.4931677"><ele>80.9</ele><time>1970-01-01T00:00:00.000Z</time></trkpt><trkpt lat="56.3282603" lon="84.4931124"><ele>80</ele><time>1970-01-01T00:00:00.000Z</time></trkpt><trkpt lat="56.3282013" lon="84.4930593"><ele>80.6</ele><time>1970-01-01T00:00:00.000Z</time></trkpt><trkpt lat="56.3281374" lon="84.4930081"><ele>79</ele><time>1970-01-01T00:00:00.000Z</time></trkpt><trkpt lat="56.3280719" lon="84.4929476"><ele>76.9</ele><time>1970-01-01T00:00:00.000Z</time></trkpt><trkpt lat="56.3280122" lon="84.4928753"><ele>77.2</ele><time>1970-01-01T00:00:00.000Z</time></trkpt><trkpt lat="56.3279421" lon="84.4928237"><ele>77.4</ele><time>1970-01-01T00:00:00.000Z</time></trkpt><trkpt lat="56.3278623" lon="84.4927957"><ele>77.6</ele><time>1970-01-01T00:00:00.000Z</time></trkpt><trkpt lat="56.3277978" lon="84.4927532"><ele>77.2</ele><time>1970-01-01T00:00:00.000Z</time></trkpt><trkpt lat="56.327733" lon="84.4927176"><ele>76.7</ele><time>1970-01-01T00:00:00.000Z</time></trkpt><trkpt lat="56.3276621" lon="84.4926861"><ele>76.8</ele><time>1970-01-01T00:00:00.000Z</time></trkpt><trkpt lat="56.3275823" lon="84.492646"><ele>77.2</ele><time>1970-01-01T00:00:00.000Z</time></trkpt><trkpt lat="56.3275252" lon="84.4925777"><ele>77.5</ele><time>1970-01-01T00:00:00.000Z</time></trkpt><trkpt lat="56.3274646" lon="84.4925112"><ele>77</ele><time>1970-01-01T00:00:00.000Z</time></trkpt><trkpt lat="56.3273977" lon="84.4924745"><ele>79.1</ele><time>1970-01-01T00:00:00.000Z</time></trkpt><trkpt lat="56.3273211" lon="84.4924299"><ele>78.4</ele><time>1970-01-01T00:00:00.000Z</time></trkpt><trkpt lat="56.3272598" lon="84.4923966"><ele>78.2</ele><time>1970-01-01T00:00:00.000Z</time></trkpt><trkpt lat="56.3272068" lon="84.4923301"><ele>77.5</ele><time>1970-01-01T00:00:00.000Z</time></trkpt><trkpt lat="56.3271324" lon="84.4922542"><ele>77.8</ele><time>1970-01-01T00:00:00.000Z</time></trkpt><trkpt lat="56.3270728" lon="84.4921992"><ele>77.5</ele><time>1970-01-01T00:00:00.000Z</time></trkpt><trkpt lat="56.3269952" lon="84.4921826"><ele>79.3</ele><time>1970-01-01T00:00:00.000Z</time></trkpt><trkpt lat="56.326923" lon="84.4921512"><ele>78.5</ele><time>1970-01-01T00:00:00.000Z</time></trkpt><trkpt lat="56.3268628" lon="84.4920758"><ele>78</ele><time>1970-01-01T00:00:00.000Z</time></trkpt><trkpt lat="56.3267985" lon="84.4920181"><ele>78.9</ele><time>1970-01-01T00:00:00.000Z</time></trkpt><trkpt lat="56.3267238" lon="84.4919784"><ele>79.3</ele><time>1970-01-01T00:00:00.000Z</time></trkpt><trkpt lat="56.3266516" lon="84.4919435"><ele>78</ele><time>1970-01-01T00:00:00.000Z</time></trkpt><trkpt lat="56.3265732" lon="84.4919263"><ele>79</ele><time>1970-01-01T00:00:00.000Z</time></trkpt><trkpt lat="56.3265036" lon="84.4918883"><ele>78.8</ele><time>1970-01-01T00:00:00.000Z</time></trkpt><trkpt lat="56.326433" lon="84.491856"><ele>78.6</ele><time>1970-01-01T00:00:00.000Z</time></trkpt><trkpt lat="56.3263602" lon="84.4918327"><ele>79</ele><time>1970-01-01T00:00:00.000Z</time></trkpt><trkpt lat="56.3262797" lon="84.4917998"><ele>80.5</ele><time>1970-01-01T00:00:00.000Z</time></trkpt><trkpt lat="56.3262066" lon="84.4917632"><ele>81</ele><time>1970-01-01T00:00:00.000Z</time></trkpt><trkpt lat="56.3261319" lon="84.4917592"><ele>81.2</ele><time>1970-01-01T00:00:00.000Z</time></trkpt><trkpt lat="56.3260625" lon="84.4917347"><ele>80.7</ele><time>1970-01-01T00:00:00.000Z</time></trkpt><trkpt lat="56.3260054" lon="84.4916976"><ele>80</ele><time>1970-01-01T00:00:00.000Z</time></trkpt><trkpt lat="56.3259394" lon="84.4916625"><ele>81.2</ele><time>1970-01-01T00:00:00.000Z</time></trkpt><trkpt lat="56.3258679" lon="84.4916525"><ele>82.1</ele><time>1970-01-01T00:00:00.000Z</time></trkpt><trkpt lat="56.3257907" lon="84.491625"><ele>82.4</ele><time>1970-01-01T00:00:00.000Z</time></trkpt><trkpt lat="56.3257225" lon="84.4915944"><ele>83</ele><time>1970-01-01T00:00:00.000Z</time></trkpt><trkpt lat="56.3256386" lon="84.4915766"><ele>81.8</ele><time>1970-01-01T00:00:00.000Z</time></trkpt><trkpt lat="56.3255563" lon="84.4915601"><ele>80.2</ele><time>1970-01-01T00:00:00.000Z</time></trkpt><trkpt lat="56.3254793" lon="84.4915408"><ele>81.4</ele><time>1970-01-01T00:00:00.000Z</time></trkpt><trkpt lat="56.3254095" lon="84.4915158"><ele>81.3</ele><time>1970-01-01T00:00:00.000Z</time></trkpt><trkpt lat="56.3253455" lon="84.4914762"><ele>81.3</ele><time>1970-01-01T00:00:00.000Z</time></trkpt><trkpt lat="56.3252718" lon="84.4914456"><ele>81.5</ele><time>1970-01-01T00:00:00.000Z</time></trkpt><trkpt lat="56.3251913" lon="84.491418"><ele>81.9</ele><time>1970-01-01T00:00:00.000Z</time></trkpt><trkpt lat="56.3251027" lon="84.4914072"><ele>81.5</ele><time>1970-01-01T00:00:00.000Z</time></trkpt><trkpt lat="56.3250382" lon="84.4913869"><ele>80.4</ele><time>1970-01-01T00:00:00.000Z</time></trkpt><trkpt lat="56.3249637" lon="84.491347"><ele>79.3</ele><time>1970-01-01T00:00:00.000Z</time></trkpt><trkpt lat="56.324899" lon="84.4913114"><ele>77.8</ele><time>1970-01-01T00:00:00.000Z</time></trkpt><trkpt lat="56.3248182" lon="84.491286"><ele>77.3</ele><time>1970-01-01T00:00:00.000Z</time></trkpt><trkpt lat="56.3247502" lon="84.4912592"><ele>76.6</ele><time>1970-01-01T00:00:00.000Z</time></trkpt><trkpt lat="56.3246772" lon="84.4912164"><ele>76.7</ele><time>1970-01-01T00:00:00.000Z</time></trkpt><trkpt lat="56.3246071" lon="84.4911851"><ele>76.7</ele><time>1970-01-01T00:00:00.000Z</time></trkpt><trkpt lat="56.3245541" lon="84.4912209"><ele>78.1</ele><time>1970-01-01T00:00:00.000Z</time></trkpt><trkpt lat="56.3245618" lon="84.4912741"><ele>79</ele><time>1970-01-01T00:00:00.000Z</time></trkpt><trkpt lat="56.3245614" lon="84.4912826"><ele>79.1</ele><time>1970-01-01T00:00:00.000Z</time></trkpt><trkpt lat="56.3245629" lon="84.491292"><ele>79.1</ele><time>1970-01-01T00:00:00.000Z</time></trkpt><trkpt lat="56.3245742" lon="84.4912921"><ele>79.2</ele><time>1970-01-01T00:00:00.000Z</time></trkpt><trkpt lat="56.3245546" lon="84.4913052"><ele>79.9</ele><time>1970-01-01T00:00:00.000Z</time></trkpt><trkpt lat="56.3245566" lon="84.4912978"><ele>79.4</ele><time>1970-01-01T00:00:00.000Z</time></trkpt><trkpt lat="56.3245568" lon="84.4912893"><ele>80</ele><time>1970-01-01T00:00:00.000Z</time></trkpt><trkpt lat="56.3245561" lon="84.4912819"><ele>80</ele><time>1970-01-01T00:00:00.000Z</time></trkpt><trkpt lat="56.32456" lon="84.4912673"><ele>79.5</ele><time>1970-01-01T00:00:00.000Z</time></trkpt><trkpt lat="56.3245607" lon="84.4912639"><ele>79.5</ele><time>1970-01-01T00:00:00.000Z</time></trkpt><trkpt lat="56.324561" lon="84.4912647"><ele>79.5</ele><time>1970-01-01T00:00:00.000Z</time></trkpt><trkpt lat="56.3245596" lon="84.4912506"><ele>78.8</ele><time>1970-01-01T00:00:00.000Z</time></trkpt><trkpt lat="56.3245628" lon="84.4912121"><ele>78.6</ele><time>1970-01-01T00:00:00.000Z</time></trkpt><trkpt lat="56.3245679" lon="84.4912106"><ele>79</ele><time>1970-01-01T00:00:00.000Z</time></trkpt><trkpt lat="56.3245702" lon="84.4912058"><ele>78.9</ele><time>1970-01-01T00:00:00.000Z</time></trkpt><trkpt lat="56.3245718" lon="84.4911998"><ele>78.9</ele><time>1970-01-01T00:00:00.000Z</time></trkpt><trkpt lat="56.3245711" lon="84.4911999"><ele>78.9</ele><time>1970-01-01T00:00:00.000Z</time></trkpt><trkpt lat="56.3245677" lon="84.4912013"><ele>78.9</ele><time>1970-01-01T00:00:00.000Z</time></trkpt><trkpt lat="56.3245685" lon="84.4912007"><ele>78.8</ele><time>1970-01-01T00:00:00.000Z</time></trkpt><trkpt lat="56.3245685" lon="84.4912001"><ele>78.8</ele><time>1970-01-01T00:00:00.000Z</time></trkpt><trkpt lat="56.3245683" lon="84.4911995"><ele>78.8</ele><time>1970-01-01T00:00:00.000Z</time></trkpt><trkpt lat="56.324568" lon="84.4911993"><ele>78.8</ele><time>1970-01-01T00:00:00.000Z</time></trkpt><trkpt lat="56.3245663" lon="84.4912028"><ele>78.6</ele><time>1970-01-01T00:00:00.000Z</time></trkpt><trkpt lat="56.3245664" lon="84.4912038"><ele>78.6</ele><time>1970-01-01T00:00:00.000Z</time></trkpt><trkpt lat="56.3245644" lon="84.4912004"><ele>78.5</ele><time>1970-01-01T00:00:00.000Z</time></trkpt><trkpt lat="56.3245652" lon="84.4911986"><ele>78.5</ele><time>1970-01-01T00:00:00.000Z</time></trkpt><trkpt lat="56.324563" lon="84.4911968"><ele>79</ele><time>1970-01-01T00:00:00.000Z</time></trkpt><trkpt lat="56.324554" lon="84.4911938"><ele>77.9</ele><time>1970-01-01T00:00:00.000Z</time></trkpt><trkpt lat="56.3245058" lon="84.4912081"><ele>77.9</ele><time>1970-01-01T00:00:00.000Z</time></trkpt><trkpt lat="56.3244359" lon="84.4911644"><ele>77.9</ele><time>1970-01-01T00:00:00.000Z</time></trkpt><trkpt lat="56.324435" lon="84.4911524"><ele>79.3</ele><time>1970-01-01T00:00:00.000Z</time></trkpt><trkpt lat="56.3244291" lon="84.4911509"><ele>79.2</ele><time>1970-01-01T00:00:00.000Z</time></trkpt><trkpt lat="56.324423" lon="84.4911506"><ele>79.4</ele><time>1970-01-01T00:00:00.000Z</time></trkpt><trkpt lat="56.3244233" lon="84.4911496"><ele>79.6</ele><time>1970-01-01T00:00:00.000Z</time></trkpt><trkpt lat="56.3244135" lon="84.4911466"><ele>79.5</ele><time>1970-01-01T00:00:00.000Z</time></trkpt><trkpt lat="56.3244181" lon="84.4911503"><ele>79.3</ele><time>1970-01-01T00:00:00.000Z</time></trkpt><trkpt lat="56.3244184" lon="84.4911508"><ele>79.3</ele><time>1970-01-01T00:00:00.000Z</time></trkpt><trkpt lat="56.3244185" lon="84.491151"><ele>79.3</ele><time>1970-01-01T00:00:00.000Z</time></trkpt><trkpt lat="56.3244183" lon="84.4911515"><ele>79.3</ele><time>1970-01-01T00:00:00.000Z</time></trkpt><trkpt lat="56.324422" lon="84.4911581"><ele>78.4</ele><time>1970-01-01T00:00:00.000Z</time></trkpt><trkpt lat="56.3244234" lon="84.4911591"><ele>78.4</ele><time>1970-01-01T00:00:00.000Z</time></trkpt><trkpt lat="56.3244235" lon="84.4911592"><ele>78.4</ele><time>1970-01-01T00:00:00.000Z</time></trkpt><trkpt lat="56.3244234" lon="84.4911593"><ele>78.5</ele><time>1970-01-01T00:00:00.000Z</time></trkpt><trkpt lat="56.3244235" lon="84.4911595"><ele>78.5</ele><time>1970-01-01T00:00:00.000Z</time></trkpt><trkpt lat="56.3244235" lon="84.4911594"><ele>78.5</ele><time>1970-01-01T00:00:00.000Z</time></trkpt><trkpt lat="56.3244233" lon="84.4911594"><ele>78.5</ele><time>1970-01-01T00:00:00.000Z</time></trkpt><trkpt lat="56.3244146" lon="84.4911692"><ele>78.4</ele><time>1970-01-01T00:00:00.000Z</time></trkpt><trkpt lat="56.3243799" lon="84.4911462"><ele>78.4</ele><time>1970-01-01T00:00:00.000Z</time></trkpt><trkpt lat="56.3243088" lon="84.4911032"><ele>77.3</ele><time>1970-01-01T00:00:00.000Z</time></trkpt><trkpt lat="56.3242377" lon="84.4910634"><ele>77.3</ele><time>1970-01-01T00:00:00.000Z</time></trkpt><trkpt lat="56.3241603" lon="84.4910317"><ele>77.5</ele><time>1970-01-01T00:00:00.000Z</time></trkpt><trkpt lat="56.3240839" lon="84.4910066"><ele>79.2</ele><time>1970-01-01T00:00:00.000Z</time></trkpt><trkpt lat="56.3240036" lon="84.4909659"><ele>80.4</ele><time>1970-01-01T00:00:00.000Z</time></trkpt><trkpt lat="56.3239286" lon="84.4909299"><ele>80.1</ele><time>1970-01-01T00:00:00.000Z</time></trkpt><trkpt lat="56.3238557" lon="84.4908984"><ele>78.9</ele><time>1970-01-01T00:00:00.000Z</time></trkpt><trkpt lat="56.3237658" lon="84.4908758"><ele>80.1</ele><time>1970-01-01T00:00:00.000Z</time></trkpt><trkpt lat="56.3237061" lon="84.4908613"><ele>78.4</ele><time>1970-01-01T00:00:00.000Z</time></trkpt><trkpt lat="56.3236414" lon="84.4908288"><ele>76.5</ele><time>1970-01-01T00:00:00.000Z</time></trkpt><trkpt lat="56.323569" lon="84.4907917"><ele>78.6</ele><time>1970-01-01T00:00:00.000Z</time></trkpt><trkpt lat="56.3234928" lon="84.4907498"><ele>77.4</ele><time>1970-01-01T00:00:00.000Z</time></trkpt><trkpt lat="56.323421" lon="84.4907362"><ele>79.1</ele><time>1970-01-01T00:00:00.000Z</time></trkpt><trkpt lat="56.3233541" lon="84.4907232"><ele>77.3</ele><time>1970-01-01T00:00:00.000Z</time></trkpt><trkpt lat="56.3232942" lon="84.4907026"><ele>77.6</ele><time>1970-01-01T00:00:00.000Z</time></trkpt><trkpt lat="56.3232353" lon="84.4906688"><ele>76.8</ele><time>1970-01-01T00:00:00.000Z</time></trkpt><trkpt lat="56.3231594" lon="84.490617"><ele>77.2</ele><time>1970-01-01T00:00:00.000Z</time></trkpt><trkpt lat="56.3230915" lon="84.4906028"><ele>77.4</ele><time>1970-01-01T00:00:00.000Z</time></trkpt><trkpt lat="56.3230135" lon="84.4905864"><ele>77.5</ele><time>1970-01-01T00:00:00.000Z</time></trkpt><trkpt lat="56.322941" lon="84.4905824"><ele>79.4</ele><time>1970-01-01T00:00:00.000Z</time></trkpt><trkpt lat="56.3228816" lon="84.4905611"><ele>79.6</ele><time>1970-01-01T00:00:00.000Z</time></trkpt><trkpt lat="56.3228244" lon="84.490529"><ele>78.6</ele><time>1970-01-01T00:00:00.000Z</time></trkpt><trkpt lat="56.3227604" lon="84.4904959"><ele>77.9</ele><time>1970-01-01T00:00:00.000Z</time></trkpt><trkpt lat="56.3226822" lon="84.4904469"><ele>77.9</ele><time>1970-01-01T00:00:00.000Z</time></trkpt><trkpt lat="56.322616" lon="84.4904035"><ele>79.4</ele><time>1970-01-01T00:00:00.000Z</time></trkpt><trkpt lat="56.3225378" lon="84.4903724"><ele>79.4</ele><time>1970-01-01T00:00:00.000Z</time></trkpt><trkpt lat="56.3224664" lon="84.4903478"><ele>80.3</ele><time>1970-01-01T00:00:00.000Z</time></trkpt><trkpt lat="56.3223964" lon="84.4903274"><ele>80.2</ele><time>1970-01-01T00:00:00.000Z</time></trkpt><trkpt lat="56.3223239" lon="84.4903034"><ele>79.6</ele><time>1970-01-01T00:00:00.000Z</time></trkpt><trkpt lat="56.3222461" lon="84.4902866"><ele>80</ele><time>1970-01-01T00:00:00.000Z</time></trkpt><trkpt lat="56.3221808" lon="84.4902596"><ele>78.3</ele><time>1970-01-01T00:00:00.000Z</time></trkpt><trkpt lat="56.3221325" lon="84.4902331"><ele>79.1</ele><time>1970-01-01T00:00:00.000Z</time></trkpt><trkpt lat="56.322085" lon="84.490212"><ele>78.3</ele><time>1970-01-01T00:00:00.000Z</time></trkpt><trkpt lat="56.3220749" lon="84.4902087"><ele>78.4</ele><time>1970-01-01T00:00:00.000Z</time></trkpt><trkpt lat="56.3220552" lon="84.4901936"><ele>78.6</ele><time>1970-01-01T00:00:00.000Z</time></trkpt><trkpt lat="56.322015" lon="84.4901777"><ele>78.7</ele><time>1970-01-01T00:00:00.000Z</time></trkpt><trkpt lat="56.3219717" lon="84.4901369"><ele>77.5</ele><time>1970-01-01T00:00:00.000Z</time></trkpt><trkpt lat="56.3219459" lon="84.4901253"><ele>78.4</ele><time>1970-01-01T00:00:00.000Z</time></trkpt><trkpt lat="56.321901" lon="84.4900905"><ele>77.2</ele><time>1970-01-01T00:00:00.000Z</time></trkpt><trkpt lat="56.3218626" lon="84.4900838"><ele>78.8</ele><time>1970-01-01T00:00:00.000Z</time></trkpt><trkpt lat="56.3218426" lon="84.4901005"><ele>78.7</ele><time>1970-01-01T00:00:00.000Z</time></trkpt><trkpt lat="56.3218459" lon="84.4901181"><ele>77.6</ele><time>1970-01-01T00:00:00.000Z</time></trkpt><trkpt lat="56.3218506" lon="84.4901324"><ele>77.8</ele><time>1970-01-01T00:00:00.000Z</time></trkpt><trkpt lat="56.3218546" lon="84.4901416"><ele>77.8</ele><time>1970-01-01T00:00:00.000Z</time></trkpt><trkpt lat="56.3218379" lon="84.4901239"><ele>79.8</ele><time>1970-01-01T00:00:00.000Z</time></trkpt><trkpt lat="56.3217785" lon="84.4901017"><ele>78.3</ele><time>1970-01-01T00:00:00.000Z</time></trkpt><trkpt lat="56.3217065" lon="84.4900577"><ele>78.6</ele><time>1970-01-01T00:00:00.000Z</time></trkpt><trkpt lat="56.3216333" lon="84.4900228"><ele>80.9</ele><time>1970-01-01T00:00:00.000Z</time></trkpt><trkpt lat="56.3215457" lon="84.4900154"><ele>81.5</ele><time>1970-01-01T00:00:00.000Z</time></trkpt><trkpt lat="56.3214675" lon="84.4899991"><ele>81</ele><time>1970-01-01T00:00:00.000Z</time></trkpt><trkpt lat="56.3213839" lon="84.4899507"><ele>79.3</ele><time>1970-01-01T00:00:00.000Z</time></trkpt><trkpt lat="56.3213013" lon="84.4899057"><ele>78.1</ele><time>1970-01-01T00:00:00.000Z</time></trkpt><trkpt lat="56.3212299" lon="84.4898605"><ele>78.3</ele><time>1970-01-01T00:00:00.000Z</time></trkpt><trkpt lat="56.3211445" lon="84.4898594"><ele>79.7</ele><time>1970-01-01T00:00:00.000Z</time></trkpt><trkpt lat="56.321062" lon="84.489844"><ele>79.9</ele><time>1970-01-01T00:00:00.000Z</time></trkpt><trkpt lat="56.3209808" lon="84.4898182"><ele>78.4</ele><time>1970-01-01T00:00:00.000Z</time></trkpt><trkpt lat="56.3209177" lon="84.4897938"><ele>77.7</ele><time>1970-01-01T00:00:00.000Z</time></trkpt><trkpt lat="56.3208738" lon="84.4897869"><ele>79.9</ele><time>1970-01-01T00:00:00.000Z</time></trkpt><trkpt lat="56.3208355" lon="84.4898021"><ele>80.1</ele><time>1970-01-01T00:00:00.000Z</time></trkpt><trkpt lat="56.3208112" lon="84.4897957"><ele>79.3</ele><time>1970-01-01T00:00:00.000Z</time></trkpt><trkpt lat="56.320751" lon="84.4897933"><ele>80</ele><time>1970-01-01T00:00:00.000Z</time></trkpt><trkpt lat="56.3206783" lon="84.489743"><ele>80</ele><time>1970-01-01T00:00:00.000Z</time></trkpt><trkpt lat="56.3206071" lon="84.4896868"><ele>78.7</ele><time>1970-01-01T00:00:00.000Z</time></trkpt><trkpt lat="56.3205303" lon="84.4896516"><ele>80.3</ele><time>1970-01-01T00:00:00.000Z</time></trkpt><trkpt lat="56.3204488" lon="84.4896239"><ele>81.8</ele><time>1970-01-01T00:00:00.000Z</time></trkpt><trkpt lat="56.320383" lon="84.489595"><ele>81.5</ele><time>1970-01-01T00:00:00.000Z</time></trkpt><trkpt lat="56.3203013" lon="84.4895518"><ele>80.9</ele><time>1970-01-01T00:00:00.000Z</time></trkpt><trkpt lat="56.3202289" lon="84.4895396"><ele>80.5</ele><time>1970-01-01T00:00:00.000Z</time></trkpt><trkpt lat="56.3201762" lon="84.4895256"><ele>79.4</ele><time>1970-01-01T00:00:00.000Z</time></trkpt><trkpt lat="56.3201029" lon="84.4895069"><ele>79.8</ele><time>1970-01-01T00:00:00.000Z</time></trkpt><trkpt lat="56.3200278" lon="84.4894653"><ele>80.5</ele><time>1970-01-01T00:00:00.000Z</time></trkpt><trkpt lat="56.3199499" lon="84.4894328"><ele>80.1</ele><time>1970-01-01T00:00:00.000Z</time></trkpt><trkpt lat="56.319871" lon="84.4893942"><ele>80.1</ele><time>1970-01-01T00:00:00.000Z</time></trkpt><trkpt lat="56.3197985" lon="84.4893737"><ele>81.5</ele><time>1970-01-01T00:00:00.000Z</time></trkpt><trkpt lat="56.3197246" lon="84.4893542"><ele>82.1</ele><time>1970-01-01T00:00:00.000Z</time></trkpt><trkpt lat="56.3196599" lon="84.4893185"><ele>80.9</ele><time>1970-01-01T00:00:00.000Z</time></trkpt><trkpt lat="56.3195935" lon="84.4892908"><ele>80.5</ele><time>1970-01-01T00:00:00.000Z</time></trkpt><trkpt lat="56.319515" lon="84.4892596"><ele>79.3</ele><time>1970-01-01T00:00:00.000Z</time></trkpt><trkpt lat="56.3194473" lon="84.4892317"><ele>79.6</ele><time>1970-01-01T00:00:00.000Z</time></trkpt><trkpt lat="56.3193726" lon="84.4892112"><ele>80.9</ele><time>1970-01-01T00:00:00.000Z</time></trkpt><trkpt lat="56.3192895" lon="84.4891865"><ele>80.5</ele><time>1970-01-01T00:00:00.000Z</time></trkpt><trkpt lat="56.3192151" lon="84.4891405"><ele>80.9</ele><time>1970-01-01T00:00:00.000Z</time></trkpt><trkpt lat="56.3191399" lon="84.4891348"><ele>82.5</ele><time>1970-01-01T00:00:00.000Z</time></trkpt><trkpt lat="56.319064" lon="84.4891038"><ele>83.3</ele><time>1970-01-01T00:00:00.000Z</time></trkpt><trkpt lat="56.3189926" lon="84.4890833"><ele>83.7</ele><time>1970-01-01T00:00:00.000Z</time></trkpt><trkpt lat="56.3189191" lon="84.4890641"><ele>83.5</ele><time>1970-01-01T00:00:00.000Z</time></trkpt><trkpt lat="56.3188505" lon="84.4890472"><ele>83.9</ele><time>1970-01-01T00:00:00.000Z</time></trkpt><trkpt lat="56.3187682" lon="84.4890209"><ele>84.9</ele><time>1970-01-01T00:00:00.000Z</time></trkpt><trkpt lat="56.3186866" lon="84.4889821"><ele>84.5</ele><time>1970-01-01T00:00:00.000Z</time></trkpt><trkpt lat="56.3186127" lon="84.4889479"><ele>85.1</ele><time>1970-01-01T00:00:00.000Z</time></trkpt><trkpt lat="56.31854" lon="84.4889216"><ele>86.6</ele><time>1970-01-01T00:00:00.000Z</time></trkpt><trkpt lat="56.3184616" lon="84.4888969"><ele>86.8</ele><time>1970-01-01T00:00:00.000Z</time></trkpt><trkpt lat="56.3183887" lon="84.4888804"><ele>86</ele><time>1970-01-01T00:00:00.000Z</time></trkpt><trkpt lat="56.3183159" lon="84.4888575"><ele>85.7</ele><time>1970-01-01T00:00:00.000Z</time></trkpt><trkpt lat="56.3182582" lon="84.4888265"><ele>85</ele><time>1970-01-01T00:00:00.000Z</time></trkpt><trkpt lat="56.3181987" lon="84.4887957"><ele>85.1</ele><time>1970-01-01T00:00:00.000Z</time></trkpt><trkpt lat="56.3181299" lon="84.4887549"><ele>84.3</ele><time>1970-01-01T00:00:00.000Z</time></trkpt><trkpt lat="56.318064" lon="84.4886991"><ele>83.7</ele><time>1970-01-01T00:00:00.000Z</time></trkpt><trkpt lat="56.3179912" lon="84.4886431"><ele>84.2</ele><time>1970-01-01T00:00:00.000Z</time></trkpt><trkpt lat="56.317922" lon="84.488591"><ele>84.4</ele><time>1970-01-01T00:00:00.000Z</time></trkpt><trkpt lat="56.3178762" lon="84.4885422"><ele>85.1</ele><time>1970-01-01T00:00:00.000Z</time></trkpt><trkpt lat="56.3178694" lon="84.488541"><ele>85.1</ele><time>1970-01-01T00:00:00.000Z</time></trkpt><trkpt lat="56.3178072" lon="84.4885638"><ele>86</ele><time>1970-01-01T00:00:00.000Z</time></trkpt><trkpt lat="56.31774" lon="84.488548"><ele>85.8</ele><time>1970-01-01T00:00:00.000Z</time></trkpt><trkpt lat="56.3176658" lon="84.4885208"><ele>85.9</ele><time>1970-01-01T00:00:00.000Z</time></trkpt><trkpt lat="56.3176055" lon="84.4884683"><ele>85.6</ele><time>1970-01-01T00:00:00.000Z</time></trkpt><trkpt lat="56.317541" lon="84.4884566"><ele>86.4</ele><time>1970-01-01T00:00:00.000Z</time></trkpt><trkpt lat="56.3174844" lon="84.4884358"><ele>85.8</ele><time>1970-01-01T00:00:00.000Z</time></trkpt><trkpt lat="56.3174756" lon="84.4884414"><ele>85.8</ele><time>1970-01-01T00:00:00.000Z</time></trkpt><trkpt lat="56.3174793" lon="84.4884381"><ele>85.8</ele><time>1970-01-01T00:00:00.000Z</time></trkpt><trkpt lat="56.3174799" lon="84.488444"><ele>86</ele><time>1970-01-01T00:00:00.000Z</time></trkpt><trkpt lat="56.3174702" lon="84.4884548"><ele>86.5</ele><time>1970-01-01T00:00:00.000Z</time></trkpt><trkpt lat="56.3174052" lon="84.4884518"><ele>86.8</ele><time>1970-01-01T00:00:00.000Z</time></trkpt><trkpt lat="56.3173229" lon="84.4884052"><ele>87.4</ele><time>1970-01-01T00:00:00.000Z</time></trkpt><trkpt lat="56.317254" lon="84.4883831"><ele>86</ele><time>1970-01-01T00:00:00.000Z</time></trkpt><trkpt lat="56.3172517" lon="84.4884053"><ele>84.9</ele><time>1970-01-01T00:00:00.000Z</time></trkpt><trkpt lat="56.3172551" lon="84.4883894"><ele>84.9</ele><time>1970-01-01T00:00:00.000Z</time></trkpt><trkpt lat="56.3172553" lon="84.4883763"><ele>85.5</ele><time>1970-01-01T00:00:00.000Z</time></trkpt><trkpt lat="56.3172068" lon="84.4883795"><ele>85.4</ele><time>1970-01-01T00:00:00.000Z</time></trkpt><trkpt lat="56.3171287" lon="84.4883959"><ele>84.7</ele><time>1970-01-01T00:00:00.000Z</time></trkpt><trkpt lat="56.3170668" lon="84.4884125"><ele>84.4</ele><time>1970-01-01T00:00:00.000Z</time></trkpt><trkpt lat="56.3169907" lon="84.4884121"><ele>85.1</ele><time>1970-01-01T00:00:00.000Z</time></trkpt><trkpt lat="56.3169191" lon="84.4884171"><ele>85.9</ele><time>1970-01-01T00:00:00.000Z</time></trkpt><trkpt lat="56.3168679" lon="84.4884369"><ele>88.3</ele><time>1970-01-01T00:00:00.000Z</time></trkpt><trkpt lat="56.3167882" lon="84.4884689"><ele>88.2</ele><time>1970-01-01T00:00:00.000Z</time></trkpt><trkpt lat="56.3167116" lon="84.4884812"><ele>89.2</ele><time>1970-01-01T00:00:00.000Z</time></trkpt><trkpt lat="56.3166459" lon="84.4884981"><ele>90</ele><time>1970-01-01T00:00:00.000Z</time></trkpt><trkpt lat="56.3165591" lon="84.4885288"><ele>89.4</ele><time>1970-01-01T00:00:00.000Z</time></trkpt><trkpt lat="56.316478" lon="84.4885794"><ele>89.8</ele><time>1970-01-01T00:00:00.000Z</time></trkpt><trkpt lat="56.316416" lon="84.4885984"><ele>95</ele><time>1970-01-01T00:00:00.000Z</time></trkpt><trkpt lat="56.3163547" lon="84.4886226"><ele>93.8</ele><time>1970-01-01T00:00:00.000Z</time></trkpt><trkpt lat="56.3162952" lon="84.4886723"><ele>97.1</ele><time>1970-01-01T00:00:00.000Z</time></trkpt><trkpt lat="56.3162217" lon="84.4887416"><ele>96.4</ele><time>1970-01-01T00:00:00.000Z</time></trkpt><trkpt lat="56.316162" lon="84.4888079"><ele>97.3</ele><time>1970-01-01T00:00:00.000Z</time></trkpt><trkpt lat="56.3161038" lon="84.4888514"><ele>96.9</ele><time>1970-01-01T00:00:00.000Z</time></trkpt><trkpt lat="56.3160558" lon="84.4888901"><ele>98.4</ele><time>1970-01-01T00:00:00.000Z</time></trkpt><trkpt lat="56.3160109" lon="84.4889368"><ele>97.4</ele><time>1970-01-01T00:00:00.000Z</time></trkpt><trkpt lat="56.3159428" lon="84.4890073"><ele>97.1</ele><time>1970-01-01T00:00:00.000Z</time></trkpt><trkpt lat="56.3158778" lon="84.4890833"><ele>96.4</ele><time>1970-01-01T00:00:00.000Z</time></trkpt><trkpt lat="56.3158359" lon="84.4891485"><ele>96.9</ele><time>1970-01-01T00:00:00.000Z</time></trkpt><trkpt lat="56.3157813" lon="84.4892442"><ele>98.4</ele><time>1970-01-01T00:00:00.000Z</time></trkpt><trkpt lat="56.3157087" lon="84.4893384"><ele>99</ele><time>1970-01-01T00:00:00.000Z</time></trkpt><trkpt lat="56.3156439" lon="84.4894244"><ele>96.6</ele><time>1970-01-01T00:00:00.000Z</time></trkpt><trkpt lat="56.3155921" lon="84.4895132"><ele>96</ele><time>1970-01-01T00:00:00.000Z</time></trkpt><trkpt lat="56.3155613" lon="84.4895841"><ele>97.6</ele><time>1970-01-01T00:00:00.000Z</time></trkpt><trkpt lat="56.3155274" lon="84.4896442"><ele>96.9</ele><time>1970-01-01T00:00:00.000Z</time></trkpt><trkpt lat="56.3154872" lon="84.4897319"><ele>98.1</ele><time>1970-01-01T00:00:00.000Z</time></trkpt><trkpt lat="56.3154446" lon="84.4898218"><ele>96.5</ele><time>1970-01-01T00:00:00.000Z</time></trkpt><trkpt lat="56.3154006" lon="84.4899316"><ele>96.6</ele><time>1970-01-01T00:00:00.000Z</time></trkpt><trkpt lat="56.3153589" lon="84.4900441"><ele>93.5</ele><time>1970-01-01T00:00:00.000Z</time></trkpt><trkpt lat="56.3153256" lon="84.4901707"><ele>94.6</ele><time>1970-01-01T00:00:00.000Z</time></trkpt><trkpt lat="56.3152915" lon="84.4902829"><ele>95.3</ele><time>1970-01-01T00:00:00.000Z</time></trkpt><trkpt lat="56.3152755" lon="84.4903907"><ele>92.9</ele><time>1970-01-01T00:00:00.000Z</time></trkpt><trkpt lat="56.3152527" lon="84.4905027"><ele>89.5</ele><time>1970-01-01T00:00:00.000Z</time></trkpt><trkpt lat="56.3152303" lon="84.490597"><ele>86.5</ele><time>1970-01-01T00:00:00.000Z</time></trkpt><trkpt lat="56.3152152" lon="84.4906871"><ele>83.5</ele><time>1970-01-01T00:00:00.000Z</time></trkpt><trkpt lat="56.3151835" lon="84.4907839"><ele>81.6</ele><time>1970-01-01T00:00:00.000Z</time></trkpt><trkpt lat="56.3151525" lon="84.4908653"><ele>82.6</ele><time>1970-01-01T00:00:00.000Z</time></trkpt><trkpt lat="56.3151327" lon="84.4909802"><ele>81.8</ele><time>1970-01-01T00:00:00.000Z</time></trkpt><trkpt lat="56.3151186" lon="84.491123"><ele>81.2</ele><time>1970-01-01T00:00:00.000Z</time></trkpt><trkpt lat="56.3151179" lon="84.4912593"><ele>81.1</ele><time>1970-01-01T00:00:00.000Z</time></trkpt><trkpt lat="56.3151194" lon="84.4914088"><ele>78.2</ele><time>1970-01-01T00:00:00.000Z</time></trkpt><trkpt lat="56.3151178" lon="84.4915331"><ele>80.1</ele><time>1970-01-01T00:00:00.000Z</time></trkpt><trkpt lat="56.3151255" lon="84.4916585"><ele>84.5</ele><time>1970-01-01T00:00:00.000Z</time></trkpt><trkpt lat="56.3151477" lon="84.4918058"><ele>87.3</ele><time>1970-01-01T00:00:00.000Z</time></trkpt><trkpt lat="56.315177" lon="84.491917"><ele>87.2</ele><time>1970-01-01T00:00:00.000Z</time></trkpt><trkpt lat="56.3151933" lon="84.4920537"><ele>88.2</ele><time>1970-01-01T00:00:00.000Z</time></trkpt><trkpt lat="56.3151959" lon="84.4922255"><ele>91.5</ele><time>1970-01-01T00:00:00.000Z</time></trkpt><trkpt lat="56.315173" lon="84.4923473"><ele>88.3</ele><time>1970-01-01T00:00:00.000Z</time></trkpt><trkpt lat="56.3151535" lon="84.4924521"><ele>87</ele><time>1970-01-01T00:00:00.000Z</time></trkpt><trkpt lat="56.3151455" lon="84.4925783"><ele>83.3</ele><time>1970-01-01T00:00:00.000Z</time></trkpt><trkpt lat="56.3151518" lon="84.4927122"><ele>82.9</ele><time>1970-01-01T00:00:00.000Z</time></trkpt><trkpt lat="56.3151456" lon="84.4928275"><ele>83.3</ele><time>1970-01-01T00:00:00.000Z</time></trkpt><trkpt lat="56.3151518" lon="84.4929434"><ele>83.6</ele><time>1970-01-01T00:00:00.000Z</time></trkpt><trkpt lat="56.3151725" lon="84.4930884"><ele>88.2</ele><time>1970-01-01T00:00:00.000Z</time></trkpt><trkpt lat="56.3151915" lon="84.493267"><ele>91.9</ele><time>1970-01-01T00:00:00.000Z</time></trkpt><trkpt lat="56.3151847" lon="84.4933651"><ele>91.4</ele><time>1970-01-01T00:00:00.000Z</time></trkpt><trkpt lat="56.3151741" lon="84.4934441"><ele>89.8</ele><time>1970-01-01T00:00:00.000Z</time></trkpt><trkpt lat="56.3151627" lon="84.4934981"><ele>88.8</ele><time>1970-01-01T00:00:00.000Z</time></trkpt><trkpt lat="56.3151597" lon="84.4935032"><ele>88.5</ele><time>1970-01-01T00:00:00.000Z</time></trkpt><trkpt lat="56.3151454" lon="84.4935509"><ele>86.8</ele><time>1970-01-01T00:00:00.000Z</time></trkpt><trkpt lat="56.3151196" lon="84.493671"><ele>86.3</ele><time>1970-01-01T00:00:00.000Z</time></trkpt><trkpt lat="56.3150907" lon="84.4938016"><ele>86.7</ele><time>1970-01-01T00:00:00.000Z</time></trkpt><trkpt lat="56.3150561" lon="84.4939306"><ele>84.8</ele><time>1970-01-01T00:00:00.000Z</time></trkpt><trkpt lat="56.3150238" lon="84.494058"><ele>87.8</ele><time>1970-01-01T00:00:00.000Z</time></trkpt><trkpt lat="56.3149779" lon="84.494192"><ele>86.6</ele><time>1970-01-01T00:00:00.000Z</time></trkpt><trkpt lat="56.3149424" lon="84.4942938"><ele>88.4</ele><time>1970-01-01T00:00:00.000Z</time></trkpt><trkpt lat="56.3149169" lon="84.4944134"><ele>88.3</ele><time>1970-01-01T00:00:00.000Z</time></trkpt><trkpt lat="56.3148814" lon="84.4945369"><ele>87.5</ele><time>1970-01-01T00:00:00.000Z</time></trkpt><trkpt lat="56.3148434" lon="84.4946272"><ele>85.3</ele><time>1970-01-01T00:00:00.000Z</time></trkpt><trkpt lat="56.3147946" lon="84.4947227"><ele>85.4</ele><time>1970-01-01T00:00:00.000Z</time></trkpt><trkpt lat="56.3147451" lon="84.4948306"><ele>88.8</ele><time>1970-01-01T00:00:00.000Z</time></trkpt><trkpt lat="56.3147051" lon="84.4949246"><ele>88.6</ele><time>1970-01-01T00:00:00.000Z</time></trkpt><trkpt lat="56.3146647" lon="84.4950253"><ele>88.2</ele><time>1970-01-01T00:00:00.000Z</time></trkpt><trkpt lat="56.3146112" lon="84.4951229"><ele>87.5</ele><time>1970-01-01T00:00:00.000Z</time></trkpt><trkpt lat="56.3145642" lon="84.4952145"><ele>88.3</ele><time>1970-01-01T00:00:00.000Z</time></trkpt><trkpt lat="56.3145055" lon="84.4953212"><ele>88.3</ele><time>1970-01-01T00:00:00.000Z</time></trkpt><trkpt lat="56.3144349" lon="84.4953956"><ele>88.7</ele><time>1970-01-01T00:00:00.000Z</time></trkpt><trkpt lat="56.3143701" lon="84.4954816"><ele>89.4</ele><time>1970-01-01T00:00:00.000Z</time></trkpt><trkpt lat="56.314316" lon="84.4955551"><ele>89.9</ele><time>1970-01-01T00:00:00.000Z</time></trkpt><trkpt lat="56.3142476" lon="84.4956144"><ele>90.3</ele><time>1970-01-01T00:00:00.000Z</time></trkpt><trkpt lat="56.3141796" lon="84.4956649"><ele>89.8</ele><time>1970-01-01T00:00:00.000Z</time></trkpt><trkpt lat="56.3141035" lon="84.4956988"><ele>90.1</ele><time>1970-01-01T00:00:00.000Z</time></trkpt><trkpt lat="56.3140369" lon="84.4957377"><ele>89.5</ele><time>1970-01-01T00:00:00.000Z</time></trkpt><trkpt lat="56.3139768" lon="84.4957931"><ele>89.1</ele><time>1970-01-01T00:00:00.000Z</time></trkpt><trkpt lat="56.313921" lon="84.4958512"><ele>89.3</ele><time>1970-01-01T00:00:00.000Z</time></trkpt><trkpt lat="56.3138543" lon="84.4959044"><ele>88.8</ele><time>1970-01-01T00:00:00.000Z</time></trkpt><trkpt lat="56.3137976" lon="84.4959475"><ele>87.7</ele><time>1970-01-01T00:00:00.000Z</time></trkpt><trkpt lat="56.313724" lon="84.4959809"><ele>87.1</ele><time>1970-01-01T00:00:00.000Z</time></trkpt><trkpt lat="56.3136481" lon="84.4960143"><ele>87.5</ele><time>1970-01-01T00:00:00.000Z</time></trkpt><trkpt lat="56.3135822" lon="84.4960453"><ele>90.1</ele><time>1970-01-01T00:00:00.000Z</time></trkpt><trkpt lat="56.3135147" lon="84.4960531"><ele>90.9</ele><time>1970-01-01T00:00:00.000Z</time></trkpt><trkpt lat="56.3134425" lon="84.4961131"><ele>91</ele><time>1970-01-01T00:00:00.000Z</time></trkpt><trkpt lat="56.3133787" lon="84.4961681"><ele>91.4</ele><time>1970-01-01T00:00:00.000Z</time></trkpt><trkpt lat="56.3133072" lon="84.4961939"><ele>90.7</ele><time>1970-01-01T00:00:00.000Z</time></trkpt><trkpt lat="56.3132385" lon="84.4962159"><ele>91.7</ele><time>1970-01-01T00:00:00.000Z</time></trkpt><trkpt lat="56.3131663" lon="84.4962343"><ele>92</ele><time>1970-01-01T00:00:00.000Z</time></trkpt><trkpt lat="56.3131052" lon="84.4962546"><ele>93.1</ele><time>1970-01-01T00:00:00.000Z</time></trkpt><trkpt lat="56.3130376" lon="84.4962804"><ele>94.9</ele><time>1970-01-01T00:00:00.000Z</time></trkpt><trkpt lat="56.3129649" lon="84.4963309"><ele>95.6</ele><time>1970-01-01T00:00:00.000Z</time></trkpt><trkpt lat="56.3128821" lon="84.4963989"><ele>95.3</ele><time>1970-01-01T00:00:00.000Z</time></trkpt><trkpt lat="56.3128131" lon="84.4964459"><ele>96.9</ele><time>1970-01-01T00:00:00.000Z</time></trkpt><trkpt lat="56.3127473" lon="84.4964625"><ele>96.5</ele><time>1970-01-01T00:00:00.000Z</time></trkpt><trkpt lat="56.3126799" lon="84.4964712"><ele>96.5</ele><time>1970-01-01T00:00:00.000Z</time></trkpt><trkpt lat="56.3126098" lon="84.4965061"><ele>96.5</ele><time>1970-01-01T00:00:00.000Z</time></trkpt><trkpt lat="56.3125368" lon="84.4965467"><ele>97.3</ele><time>1970-01-01T00:00:00.000Z</time></trkpt><trkpt lat="56.3124806" lon="84.4965818"><ele>95.2</ele><time>1970-01-01T00:00:00.000Z</time></trkpt><trkpt lat="56.3124136" lon="84.4966117"><ele>93.5</ele><time>1970-01-01T00:00:00.000Z</time></trkpt><trkpt lat="56.3123531" lon="84.4966406"><ele>94.7</ele><time>1970-01-01T00:00:00.000Z</time></trkpt><trkpt lat="56.3122831" lon="84.4966703"><ele>93.2</ele><time>1970-01-01T00:00:00.000Z</time></trkpt><trkpt lat="56.3122129" lon="84.4966944"><ele>92.8</ele><time>1970-01-01T00:00:00.000Z</time></trkpt><trkpt lat="56.3121207" lon="84.4967322"><ele>93.1</ele><time>1970-01-01T00:00:00.000Z</time></trkpt><trkpt lat="56.3120592" lon="84.4967667"><ele>94</ele><time>1970-01-01T00:00:00.000Z</time></trkpt><trkpt lat="56.3119982" lon="84.4968076"><ele>92.7</ele><time>1970-01-01T00:00:00.000Z</time></trkpt><trkpt lat="56.3119257" lon="84.4968501"><ele>94.3</ele><time>1970-01-01T00:00:00.000Z</time></trkpt><trkpt lat="56.311864" lon="84.4968803"><ele>94.9</ele><time>1970-01-01T00:00:00.000Z</time></trkpt><trkpt lat="56.3117943" lon="84.4969229"><ele>93.7</ele><time>1970-01-01T00:00:00.000Z</time></trkpt><trkpt lat="56.3117233" lon="84.4969764"><ele>95.6</ele><time>1970-01-01T00:00:00.000Z</time></trkpt><trkpt lat="56.3116602" lon="84.4970011"><ele>95.8</ele><time>1970-01-01T00:00:00.000Z</time></trkpt><trkpt lat="56.3116009" lon="84.4970411"><ele>94.5</ele><time>1970-01-01T00:00:00.000Z</time></trkpt><trkpt lat="56.3115488" lon="84.497094"><ele>94.6</ele><time>1970-01-01T00:00:00.000Z</time></trkpt><trkpt lat="56.3114957" lon="84.4971508"><ele>94.5</ele><time>1970-01-01T00:00:00.000Z</time></trkpt><trkpt lat="56.3114272" lon="84.4972075"><ele>93.6</ele><time>1970-01-01T00:00:00.000Z</time></trkpt><trkpt lat="56.3113606" lon="84.4972718"><ele>94.1</ele><time>1970-01-01T00:00:00.000Z</time></trkpt><trkpt lat="56.3112923" lon="84.4973661"><ele>93.6</ele><time>1970-01-01T00:00:00.000Z</time></trkpt><trkpt lat="56.3112348" lon="84.4974234"><ele>93</ele><time>1970-01-01T00:00:00.000Z</time></trkpt><trkpt lat="56.3111855" lon="84.4974678"><ele>90.7</ele><time>1970-01-01T00:00:00.000Z</time></trkpt><trkpt lat="56.3111503" lon="84.4974904"><ele>89.9</ele><time>1970-01-01T00:00:00.000Z</time></trkpt><trkpt lat="56.3111424" lon="84.4974819"><ele>89.8</ele><time>1970-01-01T00:00:00.000Z</time></trkpt><trkpt lat="56.3111409" lon="84.4974639"><ele>90</ele><time>1970-01-01T00:00:00.000Z</time></trkpt><trkpt lat="56.3111404" lon="84.4974569"><ele>89.4</ele><time>1970-01-01T00:00:00.000Z</time></trkpt><trkpt lat="56.3111466" lon="84.4974655"><ele>89.1</ele><time>1970-01-01T00:00:00.000Z</time></trkpt><trkpt lat="56.311149" lon="84.4974564"><ele>89</ele><time>1970-01-01T00:00:00.000Z</time></trkpt><trkpt lat="56.3110989" lon="84.4974982"><ele>89.6</ele><time>1970-01-01T00:00:00.000Z</time></trkpt><trkpt lat="56.3110416" lon="84.4975636"><ele>89.6</ele><time>1970-01-01T00:00:00.000Z</time></trkpt><trkpt lat="56.3109741" lon="84.4975994"><ele>89.7</ele><time>1970-01-01T00:00:00.000Z</time></trkpt><trkpt lat="56.31094" lon="84.49769"><ele>89.5</ele><time>1970-01-01T00:00:00.000Z</time></trkpt><trkpt lat="56.3108802" lon="84.4977611"><ele>89</ele><time>1970-01-01T00:00:00.000Z</time></trkpt><trkpt lat="56.3108175" lon="84.4978395"><ele>88.8</ele><time>1970-01-01T00:00:00.000Z</time></trkpt><trkpt lat="56.310765" lon="84.4979038"><ele>88.6</ele><time>1970-01-01T00:00:00.000Z</time></trkpt><trkpt lat="56.3107019" lon="84.4979501"><ele>88.1</ele><time>1970-01-01T00:00:00.000Z</time></trkpt><trkpt lat="56.310633" lon="84.4980173"><ele>87.1</ele><time>1970-01-01T00:00:00.000Z</time></trkpt><trkpt lat="56.3105785" lon="84.4980813"><ele>86.8</ele><time>1970-01-01T00:00:00.000Z</time></trkpt><trkpt lat="56.3105719" lon="84.4980965"><ele>87.1</ele><time>1970-01-01T00:00:00.000Z</time></trkpt><trkpt lat="56.3105734" lon="84.4980913"><ele>87.1</ele><time>1970-01-01T00:00:00.000Z</time></trkpt><trkpt lat="56.3105711" lon="84.4981022"><ele>87</ele><time>1970-01-01T00:00:00.000Z</time></trkpt><trkpt lat="56.3105567" lon="84.4981389"><ele>87.2</ele><time>1970-01-01T00:00:00.000Z</time></trkpt><trkpt lat="56.3105025" lon="84.4981543"><ele>87.3</ele><time>1970-01-01T00:00:00.000Z</time></trkpt><trkpt lat="56.3104222" lon="84.4982107"><ele>88</ele><time>1970-01-01T00:00:00.000Z</time></trkpt><trkpt lat="56.3103618" lon="84.4982927"><ele>88.3</ele><time>1970-01-01T00:00:00.000Z</time></trkpt><trkpt lat="56.3103061" lon="84.4983836"><ele>88.2</ele><time>1970-01-01T00:00:00.000Z</time></trkpt><trkpt lat="56.3102377" lon="84.4984629"><ele>87.7</ele><time>1970-01-01T00:00:00.000Z</time></trkpt><trkpt lat="56.3101963" lon="84.4984991"><ele>89.7</ele><time>1970-01-01T00:00:00.000Z</time></trkpt><trkpt lat="56.3101865" lon="84.4984989"><ele>89.9</ele><time>1970-01-01T00:00:00.000Z</time></trkpt><trkpt lat="56.3101813" lon="84.4985149"><ele>90</ele><time>1970-01-01T00:00:00.000Z</time></trkpt><trkpt lat="56.3101554" lon="84.4985309"><ele>90</ele><time>1970-01-01T00:00:00.000Z</time></trkpt><trkpt lat="56.3101464" lon="84.4985454"><ele>90.5</ele><time>1970-01-01T00:00:00.000Z</time></trkpt><trkpt lat="56.3101332" lon="84.4985276"><ele>89.7</ele><time>1970-01-01T00:00:00.000Z</time></trkpt><trkpt lat="56.3101186" lon="84.4985333"><ele>90.1</ele><time>1970-01-01T00:00:00.000Z</time></trkpt><trkpt lat="56.3100823" lon="84.4985579"><ele>90.5</ele><time>1970-01-01T00:00:00.000Z</time></trkpt><trkpt lat="56.3100339" lon="84.4986074"><ele>90.4</ele><time>1970-01-01T00:00:00.000Z</time></trkpt><trkpt lat="56.3099845" lon="84.4986566"><ele>90.2</ele><time>1970-01-01T00:00:00.000Z</time></trkpt><trkpt lat="56.3099228" lon="84.4987142"><ele>89.9</ele><time>1970-01-01T00:00:00.000Z</time></trkpt><trkpt lat="56.3098913" lon="84.4987781"><ele>88.9</ele><time>1970-01-01T00:00:00.000Z</time></trkpt><trkpt lat="56.3098542" lon="84.4988134"><ele>87.8</ele><time>1970-01-01T00:00:00.000Z</time></trkpt><trkpt lat="56.3098469" lon="84.4988374"><ele>89.5</ele><time>1970-01-01T00:00:00.000Z</time></trkpt><trkpt lat="56.3098224" lon="84.4988663"><ele>90.1</ele><time>1970-01-01T00:00:00.000Z</time></trkpt><trkpt lat="56.3098153" lon="84.4988642"><ele>91</ele><time>1970-01-01T00:00:00.000Z</time></trkpt><trkpt lat="56.3098155" lon="84.4988563"><ele>90.6</ele><time>1970-01-01T00:00:00.000Z</time></trkpt><trkpt lat="56.3098144" lon="84.4988586"><ele>92</ele><time>1970-01-01T00:00:00.000Z</time></trkpt><trkpt lat="56.309799" lon="84.4988695"><ele>92.1</ele><time>1970-01-01T00:00:00.000Z</time></trkpt><trkpt lat="56.30978" lon="84.4988763"><ele>92.2</ele><time>1970-01-01T00:00:00.000Z</time></trkpt><trkpt lat="56.3097442" lon="84.4989387"><ele>90.9</ele><time>1970-01-01T00:00:00.000Z</time></trkpt><trkpt lat="56.3096939" lon="84.4990091"><ele>90.4</ele><time>1970-01-01T00:00:00.000Z</time></trkpt><trkpt lat="56.3096036" lon="84.4990645"><ele>95.1</ele><time>1970-01-01T00:00:00.000Z</time></trkpt><trkpt lat="56.3095506" lon="84.4991049"><ele>94.7</ele><time>1970-01-01T00:00:00.000Z</time></trkpt><trkpt lat="56.309493" lon="84.4991449"><ele>94.9</ele><time>1970-01-01T00:00:00.000Z</time></trkpt><trkpt lat="56.3094321" lon="84.4992104"><ele>95.4</ele><time>1970-01-01T00:00:00.000Z</time></trkpt><trkpt lat="56.3093741" lon="84.4992776"><ele>98.9</ele><time>1970-01-01T00:00:00.000Z</time></trkpt><trkpt lat="56.3093111" lon="84.4993508"><ele>98.5</ele><time>1970-01-01T00:00:00.000Z</time></trkpt><trkpt lat="56.3092441" lon="84.4994033"><ele>97.3</ele><time>1970-01-01T00:00:00.000Z</time></trkpt><trkpt lat="56.3091749" lon="84.4994618"><ele>96.9</ele><time>1970-01-01T00:00:00.000Z</time></trkpt><trkpt lat="56.3091153" lon="84.4995188"><ele>98.6</ele><time>1970-01-01T00:00:00.000Z</time></trkpt><trkpt lat="56.3090557" lon="84.4995842"><ele>99.2</ele><time>1970-01-01T00:00:00.000Z</time></trkpt><trkpt lat="56.3089754" lon="84.4996537"><ele>98.1</ele><time>1970-01-01T00:00:00.000Z</time></trkpt><trkpt lat="56.3089048" lon="84.4997202"><ele>97.6</ele><time>1970-01-01T00:00:00.000Z</time></trkpt><trkpt lat="56.3088469" lon="84.4997668"><ele>99.1</ele><time>1970-01-01T00:00:00.000Z</time></trkpt><trkpt lat="56.3087867" lon="84.4998312"><ele>98.6</ele><time>1970-01-01T00:00:00.000Z</time></trkpt><trkpt lat="56.3087262" lon="84.4999066"><ele>98.5</ele><time>1970-01-01T00:00:00.000Z</time></trkpt><trkpt lat="56.3086657" lon="84.499942"><ele>95.4</ele><time>1970-01-01T00:00:00.000Z</time></trkpt><trkpt lat="56.3086201" lon="84.4999659"><ele>93.1</ele><time>1970-01-01T00:00:00.000Z</time></trkpt><trkpt lat="56.3085607" lon="84.5000138"><ele>92.4</ele><time>1970-01-01T00:00:00.000Z</time></trkpt><trkpt lat="56.3084963" lon="84.5000481"><ele>91.9</ele><time>1970-01-01T00:00:00.000Z</time></trkpt><trkpt lat="56.3084251" lon="84.5000912"><ele>92.1</ele><time>1970-01-01T00:00:00.000Z</time></trkpt><trkpt lat="56.3083754" lon="84.5000901"><ele>90.2</ele><time>1970-01-01T00:00:00.000Z</time></trkpt><trkpt lat="56.3083116" lon="84.5001696"><ele>89.8</ele><time>1970-01-01T00:00:00.000Z</time></trkpt><trkpt lat="56.3082846" lon="84.5002251"><ele>89.2</ele><time>1970-01-01T00:00:00.000Z</time></trkpt><trkpt lat="56.3082091" lon="84.5002515"><ele>88.9</ele><time>1970-01-01T00:00:00.000Z</time></trkpt><trkpt lat="56.3081317" lon="84.5002879"><ele>87.9</ele><time>1970-01-01T00:00:00.000Z</time></trkpt><trkpt lat="56.3080895" lon="84.5003463"><ele>87.3</ele><time>1970-01-01T00:00:00.000Z</time></trkpt><trkpt lat="56.3080348" lon="84.5003908"><ele>88</ele><time>1970-01-01T00:00:00.000Z</time></trkpt><trkpt lat="56.3079746" lon="84.5004304"><ele>87.8</ele><time>1970-01-01T00:00:00.000Z</time></trkpt><trkpt lat="56.3079138" lon="84.5004682"><ele>87.1</ele><time>1970-01-01T00:00:00.000Z</time></trkpt><trkpt lat="56.3078554" lon="84.5004984"><ele>86.3</ele><time>1970-01-01T00:00:00.000Z</time></trkpt><trkpt lat="56.3078298" lon="84.5005476"><ele>86.1</ele><time>1970-01-01T00:00:00.000Z</time></trkpt><trkpt lat="56.3078306" lon="84.5005592"><ele>86.6</ele><time>1970-01-01T00:00:00.000Z</time></trkpt><trkpt lat="56.3077763" lon="84.5005943"><ele>87.6</ele><time>1970-01-01T00:00:00.000Z</time></trkpt><trkpt lat="56.3077154" lon="84.5006339"><ele>87.7</ele><time>1970-01-01T00:00:00.000Z</time></trkpt><trkpt lat="56.3076828" lon="84.5006288"><ele>87</ele><time>1970-01-01T00:00:00.000Z</time></trkpt><trkpt lat="56.3076436" lon="84.5006422"><ele>87.4</ele><time>1970-01-01T00:00:00.000Z</time></trkpt><trkpt lat="56.3075912" lon="84.5006853"><ele>88.3</ele><time>1970-01-01T00:00:00.000Z</time></trkpt><trkpt lat="56.3075447" lon="84.5007272"><ele>89.4</ele><time>1970-01-01T00:00:00.000Z</time></trkpt><trkpt lat="56.3074828" lon="84.5007782"><ele>90</ele><time>1970-01-01T00:00:00.000Z</time></trkpt><trkpt lat="56.3074629" lon="84.500826"><ele>89.3</ele><time>1970-01-01T00:00:00.000Z</time></trkpt><trkpt lat="56.3074138" lon="84.5008784"><ele>88.4</ele><time>1970-01-01T00:00:00.000Z</time></trkpt><trkpt lat="56.3073557" lon="84.5009244"><ele>89.4</ele><time>1970-01-01T00:00:00.000Z</time></trkpt><trkpt lat="56.3072925" lon="84.5009647"><ele>89.6</ele><time>1970-01-01T00:00:00.000Z</time></trkpt><trkpt lat="56.3072336" lon="84.5010066"><ele>90</ele><time>1970-01-01T00:00:00.000Z</time></trkpt><trkpt lat="56.3071667" lon="84.5010379"><ele>90</ele><time>1970-01-01T00:00:00.000Z</time></trkpt><trkpt lat="56.3070995" lon="84.5010637"><ele>89.5</ele><time>1970-01-01T00:00:00.000Z</time></trkpt><trkpt lat="56.3070413" lon="84.5010825"><ele>89.3</ele><time>1970-01-01T00:00:00.000Z</time></trkpt><trkpt lat="56.3069761" lon="84.501125"><ele>89.8</ele><time>1970-01-01T00:00:00.000Z</time></trkpt><trkpt lat="56.3069131" lon="84.5011754"><ele>90.6</ele><time>1970-01-01T00:00:00.000Z</time></trkpt><trkpt lat="56.3068534" lon="84.5012157"><ele>90.7</ele><time>1970-01-01T00:00:00.000Z</time></trkpt><trkpt lat="56.3067921" lon="84.5012606"><ele>90.6</ele><time>1970-01-01T00:00:00.000Z</time></trkpt><trkpt lat="56.3067198" lon="84.5012947"><ele>90.7</ele><time>1970-01-01T00:00:00.000Z</time></trkpt><trkpt lat="56.3066479" lon="84.5013308"><ele>91.7</ele><time>1970-01-01T00:00:00.000Z</time></trkpt><trkpt lat="56.3065801" lon="84.5013726"><ele>91.8</ele><time>1970-01-01T00:00:00.000Z</time></trkpt><trkpt lat="56.3065148" lon="84.50143"><ele>92.2</ele><time>1970-01-01T00:00:00.000Z</time></trkpt><trkpt lat="56.306461" lon="84.5014808"><ele>91.8</ele><time>1970-01-01T00:00:00.000Z</time></trkpt><trkpt lat="56.3063954" lon="84.5015024"><ele>92.4</ele><time>1970-01-01T00:00:00.000Z</time></trkpt><trkpt lat="56.3063347" lon="84.501546"><ele>91.4</ele><time>1970-01-01T00:00:00.000Z</time></trkpt><trkpt lat="56.3062768" lon="84.5015682"><ele>90.8</ele><time>1970-01-01T00:00:00.000Z</time></trkpt><trkpt lat="56.3062196" lon="84.501581"><ele>91.4</ele><time>1970-01-01T00:00:00.000Z</time></trkpt><trkpt lat="56.3061571" lon="84.5016087"><ele>91.6</ele><time>1970-01-01T00:00:00.000Z</time></trkpt><trkpt lat="56.3060885" lon="84.5016461"><ele>91.4</ele><time>1970-01-01T00:00:00.000Z</time></trkpt><trkpt lat="56.306024" lon="84.5016805"><ele>91.9</ele><time>1970-01-01T00:00:00.000Z</time></trkpt><trkpt lat="56.3059629" lon="84.5017256"><ele>91.8</ele><time>1970-01-01T00:00:00.000Z</time></trkpt><trkpt lat="56.3059017" lon="84.5017624"><ele>93</ele><time>1970-01-01T00:00:00.000Z</time></trkpt><trkpt lat="56.3058405" lon="84.5018002"><ele>92.7</ele><time>1970-01-01T00:00:00.000Z</time></trkpt><trkpt lat="56.3057761" lon="84.5018264"><ele>93.7</ele><time>1970-01-01T00:00:00.000Z</time></trkpt><trkpt lat="56.3057136" lon="84.5018748"><ele>93.8</ele><time>1970-01-01T00:00:00.000Z</time></trkpt><trkpt lat="56.3056425" lon="84.5019187"><ele>93.6</ele><time>1970-01-01T00:00:00.000Z</time></trkpt><trkpt lat="56.3055776" lon="84.5019399"><ele>94.2</ele><time>1970-01-01T00:00:00.000Z</time></trkpt><trkpt lat="56.3055056" lon="84.5019906"><ele>96.2</ele><time>1970-01-01T00:00:00.000Z</time></trkpt><trkpt lat="56.3054504" lon="84.502038"><ele>96.1</ele><time>1970-01-01T00:00:00.000Z</time></trkpt><trkpt lat="56.3053872" lon="84.5020872"><ele>98.2</ele><time>1970-01-01T00:00:00.000Z</time></trkpt><trkpt lat="56.3053122" lon="84.5021285"><ele>98.5</ele><time>1970-01-01T00:00:00.000Z</time></trkpt><trkpt lat="56.305226" lon="84.5021496"><ele>97.8</ele><time>1970-01-01T00:00:00.000Z</time></trkpt><trkpt lat="56.3051509" lon="84.5021804"><ele>97.4</ele><time>1970-01-01T00:00:00.000Z</time></trkpt><trkpt lat="56.3050839" lon="84.5022292"><ele>96.6</ele><time>1970-01-01T00:00:00.000Z</time></trkpt><trkpt lat="56.3050197" lon="84.502268"><ele>97</ele><time>1970-01-01T00:00:00.000Z</time></trkpt><trkpt lat="56.3049565" lon="84.502309"><ele>96.6</ele><time>1970-01-01T00:00:00.000Z</time></trkpt><trkpt lat="56.3048934" lon="84.5023513"><ele>96.5</ele><time>1970-01-01T00:00:00.000Z</time></trkpt><trkpt lat="56.3048323" lon="84.5023823"><ele>96.2</ele><time>1970-01-01T00:00:00.000Z</time></trkpt><trkpt lat="56.3047651" lon="84.5024174"><ele>95.8</ele><time>1970-01-01T00:00:00.000Z</time></trkpt><trkpt lat="56.3047057" lon="84.5024461"><ele>94.7</ele><time>1970-01-01T00:00:00.000Z</time></trkpt><trkpt lat="56.3046339" lon="84.5024871"><ele>95</ele><time>1970-01-01T00:00:00.000Z</time></trkpt><trkpt lat="56.3045614" lon="84.5025377"><ele>95</ele><time>1970-01-01T00:00:00.000Z</time></trkpt><trkpt lat="56.3044957" lon="84.5025736"><ele>94.8</ele><time>1970-01-01T00:00:00.000Z</time></trkpt><trkpt lat="56.3044277" lon="84.5026102"><ele>94.4</ele><time>1970-01-01T00:00:00.000Z</time></trkpt><trkpt lat="56.3043576" lon="84.5026473"><ele>95</ele><time>1970-01-01T00:00:00.000Z</time></trkpt><trkpt lat="56.3042927" lon="84.5026718"><ele>94.1</ele><time>1970-01-01T00:00:00.000Z</time></trkpt><trkpt lat="56.3042228" lon="84.5027091"><ele>94.8</ele><time>1970-01-01T00:00:00.000Z</time></trkpt><trkpt lat="56.3041727" lon="84.5027725"><ele>95</ele><time>1970-01-01T00:00:00.000Z</time></trkpt><trkpt lat="56.3041246" lon="84.5028118"><ele>95.8</ele><time>1970-01-01T00:00:00.000Z</time></trkpt><trkpt lat="56.3040634" lon="84.502852"><ele>95.1</ele><time>1970-01-01T00:00:00.000Z</time></trkpt><trkpt lat="56.3040026" lon="84.5028845"><ele>94.9</ele><time>1970-01-01T00:00:00.000Z</time></trkpt><trkpt lat="56.3039448" lon="84.5029273"><ele>95.9</ele><time>1970-01-01T00:00:00.000Z</time></trkpt><trkpt lat="56.30389" lon="84.5029749"><ele>95.4</ele><time>1970-01-01T00:00:00.000Z</time></trkpt><trkpt lat="56.3038377" lon="84.5030152"><ele>95.7</ele><time>1970-01-01T00:00:00.000Z</time></trkpt><trkpt lat="56.3037781" lon="84.5030645"><ele>96.8</ele><time>1970-01-01T00:00:00.000Z</time></trkpt><trkpt lat="56.3036951" lon="84.5030997"><ele>97.2</ele><time>1970-01-01T00:00:00.000Z</time></trkpt><trkpt lat="56.303625" lon="84.5031387"><ele>97.3</ele><time>1970-01-01T00:00:00.000Z</time></trkpt><trkpt lat="56.3035434" lon="84.5031885"><ele>98.2</ele><time>1970-01-01T00:00:00.000Z</time></trkpt><trkpt lat="56.3034833" lon="84.5032156"><ele>97.6</ele><time>1970-01-01T00:00:00.000Z</time></trkpt><trkpt lat="56.3034194" lon="84.5032274"><ele>95.8</ele><time>1970-01-01T00:00:00.000Z</time></trkpt><trkpt lat="56.303358" lon="84.5032592"><ele>93.8</ele><time>1970-01-01T00:00:00.000Z</time></trkpt><trkpt lat="56.3032928" lon="84.5033078"><ele>93.5</ele><time>1970-01-01T00:00:00.000Z</time></trkpt><trkpt lat="56.3032357" lon="84.5033488"><ele>93.7</ele><time>1970-01-01T00:00:00.000Z</time></trkpt><trkpt lat="56.3031781" lon="84.5033646"><ele>92.5</ele><time>1970-01-01T00:00:00.000Z</time></trkpt><trkpt lat="56.3031118" lon="84.5034253"><ele>92.7</ele><time>1970-01-01T00:00:00.000Z</time></trkpt><trkpt lat="56.3030465" lon="84.5034729"><ele>92.1</ele><time>1970-01-01T00:00:00.000Z</time></trkpt><trkpt lat="56.3029966" lon="84.5035159"><ele>91.1</ele><time>1970-01-01T00:00:00.000Z</time></trkpt><trkpt lat="56.30294" lon="84.5035403"><ele>91.8</ele><time>1970-01-01T00:00:00.000Z</time></trkpt><trkpt lat="56.3028913" lon="84.5035636"><ele>91.3</ele><time>1970-01-01T00:00:00.000Z</time></trkpt><trkpt lat="56.3028706" lon="84.5035935"><ele>92.7</ele><time>1970-01-01T00:00:00.000Z</time></trkpt><trkpt lat="56.3028226" lon="84.503625"><ele>92.9</ele><time>1970-01-01T00:00:00.000Z</time></trkpt><trkpt lat="56.3027551" lon="84.5036637"><ele>92.6</ele><time>1970-01-01T00:00:00.000Z</time></trkpt><trkpt lat="56.3026816" lon="84.5037034"><ele>91.6</ele><time>1970-01-01T00:00:00.000Z</time></trkpt><trkpt lat="56.3026238" lon="84.503753"><ele>92</ele><time>1970-01-01T00:00:00.000Z</time></trkpt><trkpt lat="56.3025521" lon="84.5037963"><ele>91.1</ele><time>1970-01-01T00:00:00.000Z</time></trkpt><trkpt lat="56.3024861" lon="84.5038499"><ele>92.1</ele><time>1970-01-01T00:00:00.000Z</time></trkpt><trkpt lat="56.3024248" lon="84.5039348"><ele>92.3</ele><time>1970-01-01T00:00:00.000Z</time></trkpt><trkpt lat="56.3023807" lon="84.5039783"><ele>94.5</ele><time>1970-01-01T00:00:00.000Z</time></trkpt><trkpt lat="56.302327" lon="84.5039773"><ele>94.8</ele><time>1970-01-01T00:00:00.000Z</time></trkpt><trkpt lat="56.3022747" lon="84.5039537"><ele>94.7</ele><time>1970-01-01T00:00:00.000Z</time></trkpt><trkpt lat="56.3022055" lon="84.5040088"><ele>94.8</ele><time>1970-01-01T00:00:00.000Z</time></trkpt><trkpt lat="56.3021247" lon="84.5040695"><ele>96.5</ele><time>1970-01-01T00:00:00.000Z</time></trkpt><trkpt lat="56.3020941" lon="84.5041228"><ele>96</ele><time>1970-01-01T00:00:00.000Z</time></trkpt><trkpt lat="56.3020462" lon="84.5041788"><ele>96.1</ele><time>1970-01-01T00:00:00.000Z</time></trkpt><trkpt lat="56.3019763" lon="84.5042011"><ele>96.5</ele><time>1970-01-01T00:00:00.000Z</time></trkpt><trkpt lat="56.3019437" lon="84.5041831"><ele>94.6</ele><time>1970-01-01T00:00:00.000Z</time></trkpt><trkpt lat="56.3019451" lon="84.5041731"><ele>94.7</ele><time>1970-01-01T00:00:00.000Z</time></trkpt><trkpt lat="56.3019535" lon="84.5041753"><ele>94.7</ele><time>1970-01-01T00:00:00.000Z</time></trkpt><trkpt lat="56.3019542" lon="84.5041702"><ele>94.7</ele><time>1970-01-01T00:00:00.000Z</time></trkpt><trkpt lat="56.3019532" lon="84.5041683"><ele>94.8</ele><time>1970-01-01T00:00:00.000Z</time></trkpt><trkpt lat="56.3019521" lon="84.5041678"><ele>95.3</ele><time>1970-01-01T00:00:00.000Z</time></trkpt><trkpt lat="56.3019431" lon="84.5041721"><ele>95.5</ele><time>1970-01-01T00:00:00.000Z</time></trkpt><trkpt lat="56.3019418" lon="84.5041649"><ele>95.5</ele><time>1970-01-01T00:00:00.000Z</time></trkpt><trkpt lat="56.3019509" lon="84.5041489"><ele>95.2</ele><time>1970-01-01T00:00:00.000Z</time></trkpt><trkpt lat="56.3019483" lon="84.5041714"><ele>94.7</ele><time>1970-01-01T00:00:00.000Z</time></trkpt><trkpt lat="56.3018714" lon="84.5042417"><ele>93.7</ele><time>1970-01-01T00:00:00.000Z</time></trkpt><trkpt lat="56.3018065" lon="84.5042712"><ele>94.2</ele><time>1970-01-01T00:00:00.000Z</time></trkpt><trkpt lat="56.3017276" lon="84.5043071"><ele>94.4</ele><time>1970-01-01T00:00:00.000Z</time></trkpt><trkpt lat="56.3016622" lon="84.5043241"><ele>93.7</ele><time>1970-01-01T00:00:00.000Z</time></trkpt><trkpt lat="56.3016448" lon="84.5043314"><ele>94.2</ele><time>1970-01-01T00:00:00.000Z</time></trkpt><trkpt lat="56.3016483" lon="84.5043276"><ele>93.7</ele><time>1970-01-01T00:00:00.000Z</time></trkpt><trkpt lat="56.3016461" lon="84.5043192"><ele>93.7</ele><time>1970-01-01T00:00:00.000Z</time></trkpt><trkpt lat="56.3016471" lon="84.5043121"><ele>93.7</ele><time>1970-01-01T00:00:00.000Z</time></trkpt><trkpt lat="56.3016513" lon="84.5043183"><ele>93.7</ele><time>1970-01-01T00:00:00.000Z</time></trkpt><trkpt lat="56.3016511" lon="84.5043174"><ele>93.7</ele><time>1970-01-01T00:00:00.000Z</time></trkpt><trkpt lat="56.3016499" lon="84.5043141"><ele>93.8</ele><time>1970-01-01T00:00:00.000Z</time></trkpt><trkpt lat="56.3016493" lon="84.5043132"><ele>93.8</ele><time>1970-01-01T00:00:00.000Z</time></trkpt><trkpt lat="56.3016491" lon="84.5043124"><ele>93.8</ele><time>1970-01-01T00:00:00.000Z</time></trkpt><trkpt lat="56.3016483" lon="84.5043119"><ele>93.9</ele><time>1970-01-01T00:00:00.000Z</time></trkpt><trkpt lat="56.3016364" lon="84.5043225"><ele>93.7</ele><time>1970-01-01T00:00:00.000Z</time></trkpt><trkpt lat="56.3016198" lon="84.5043317"><ele>92.9</ele><time>1970-01-01T00:00:00.000Z</time></trkpt><trkpt lat="56.3015746" lon="84.5043666"><ele>92.8</ele><time>1970-01-01T00:00:00.000Z</time></trkpt><trkpt lat="56.3015159" lon="84.5044193"><ele>91.8</ele><time>1970-01-01T00:00:00.000Z</time></trkpt><trkpt lat="56.3014568" lon="84.5044386"><ele>91.5</ele><time>1970-01-01T00:00:00.000Z</time></trkpt><trkpt lat="56.3014074" lon="84.5044672"><ele>91.7</ele><time>1970-01-01T00:00:00.000Z</time></trkpt><trkpt lat="56.301367" lon="84.504506"><ele>91.8</ele><time>1970-01-01T00:00:00.000Z</time></trkpt><trkpt lat="56.3013163" lon="84.50456"><ele>91.5</ele><time>1970-01-01T00:00:00.000Z</time></trkpt><trkpt lat="56.3012479" lon="84.5046096"><ele>90.7</ele><time>1970-01-01T00:00:00.000Z</time></trkpt><trkpt lat="56.3011949" lon="84.5046699"><ele>89.6</ele><time>1970-01-01T00:00:00.000Z</time></trkpt><trkpt lat="56.3011359" lon="84.5047181"><ele>91.1</ele><time>1970-01-01T00:00:00.000Z</time></trkpt><trkpt lat="56.301066" lon="84.5047465"><ele>90.7</ele><time>1970-01-01T00:00:00.000Z</time></trkpt><trkpt lat="56.3010063" lon="84.5047637"><ele>90.2</ele><time>1970-01-01T00:00:00.000Z</time></trkpt><trkpt lat="56.3009371" lon="84.5047979"><ele>90.6</ele><time>1970-01-01T00:00:00.000Z</time></trkpt><trkpt lat="56.3008511" lon="84.5048486"><ele>90.3</ele><time>1970-01-01T00:00:00.000Z</time></trkpt><trkpt lat="56.3007879" lon="84.5048914"><ele>90.5</ele><time>1970-01-01T00:00:00.000Z</time></trkpt><trkpt lat="56.3007294" lon="84.5049167"><ele>91</ele><time>1970-01-01T00:00:00.000Z</time></trkpt><trkpt lat="56.3006656" lon="84.5049663"><ele>93</ele><time>1970-01-01T00:00:00.000Z</time></trkpt><trkpt lat="56.3005827" lon="84.5050165"><ele>93.7</ele><time>1970-01-01T00:00:00.000Z</time></trkpt><trkpt lat="56.3005061" lon="84.5050882"><ele>93</ele><time>1970-01-01T00:00:00.000Z</time></trkpt><trkpt lat="56.3004284" lon="84.5051475"><ele>94.2</ele><time>1970-01-01T00:00:00.000Z</time></trkpt><trkpt lat="56.3003606" lon="84.5051975"><ele>94</ele><time>1970-01-01T00:00:00.000Z</time></trkpt><trkpt lat="56.3002836" lon="84.5052425"><ele>94.3</ele><time>1970-01-01T00:00:00.000Z</time></trkpt><trkpt lat="56.3002158" lon="84.505296"><ele>93.1</ele><time>1970-01-01T00:00:00.000Z</time></trkpt><trkpt lat="56.3001478" lon="84.5053305"><ele>93.9</ele><time>1970-01-01T00:00:00.000Z</time></trkpt><trkpt lat="56.3000783" lon="84.5053613"><ele>93.2</ele><time>1970-01-01T00:00:00.000Z</time></trkpt><trkpt lat="56.300015" lon="84.5053989"><ele>93.8</ele><time>1970-01-01T00:00:00.000Z</time></trkpt><trkpt lat="56.2999643" lon="84.5054463"><ele>95.7</ele><time>1970-01-01T00:00:00.000Z</time></trkpt><trkpt lat="56.2999097" lon="84.5054921"><ele>94.8</ele><time>1970-01-01T00:00:00.000Z</time></trkpt><trkpt lat="56.2998434" lon="84.5055188"><ele>94.6</ele><time>1970-01-01T00:00:00.000Z</time></trkpt><trkpt lat="56.2997652" lon="84.5055691"><ele>94</ele><time>1970-01-01T00:00:00.000Z</time></trkpt><trkpt lat="56.2996875" lon="84.5056278"><ele>94.8</ele><time>1970-01-01T00:00:00.000Z</time></trkpt><trkpt lat="56.2996166" lon="84.5056796"><ele>94.8</ele><time>1970-01-01T00:00:00.000Z</time></trkpt><trkpt lat="56.2995662" lon="84.5057315"><ele>93.6</ele><time>1970-01-01T00:00:00.000Z</time></trkpt><trkpt lat="56.2994987" lon="84.5057547"><ele>92.7</ele><time>1970-01-01T00:00:00.000Z</time></trkpt><trkpt lat="56.299423" lon="84.5057835"><ele>91.7</ele><time>1970-01-01T00:00:00.000Z</time></trkpt><trkpt lat="56.2993455" lon="84.5058253"><ele>93.5</ele><time>1970-01-01T00:00:00.000Z</time></trkpt><trkpt lat="56.2992919" lon="84.5058743"><ele>92</ele><time>1970-01-01T00:00:00.000Z</time></trkpt><trkpt lat="56.2992271" lon="84.5059017"><ele>91.4</ele><time>1970-01-01T00:00:00.000Z</time></trkpt><trkpt lat="56.2991605" lon="84.505917"><ele>91.7</ele><time>1970-01-01T00:00:00.000Z</time></trkpt><trkpt lat="56.2990854" lon="84.5059556"><ele>90.2</ele><time>1970-01-01T00:00:00.000Z</time></trkpt><trkpt lat="56.2990197" lon="84.5059898"><ele>89.6</ele><time>1970-01-01T00:00:00.000Z</time></trkpt><trkpt lat="56.2989526" lon="84.5060143"><ele>90.8</ele><time>1970-01-01T00:00:00.000Z</time></trkpt><trkpt lat="56.2988725" lon="84.5060658"><ele>91.6</ele><time>1970-01-01T00:00:00.000Z</time></trkpt><trkpt lat="56.2988082" lon="84.5061068"><ele>92.4</ele><time>1970-01-01T00:00:00.000Z</time></trkpt><trkpt lat="56.2987428" lon="84.5061549"><ele>92.8</ele><time>1970-01-01T00:00:00.000Z</time></trkpt><trkpt lat="56.2986743" lon="84.5062169"><ele>93.8</ele><time>1970-01-01T00:00:00.000Z</time></trkpt><trkpt lat="56.2986128" lon="84.5062625"><ele>93.5</ele><time>1970-01-01T00:00:00.000Z</time></trkpt><trkpt lat="56.2985506" lon="84.5062958"><ele>99.5</ele><time>1970-01-01T00:00:00.000Z</time></trkpt><trkpt lat="56.298476" lon="84.5063538"><ele>98</ele><time>1970-01-01T00:00:00.000Z</time></trkpt><trkpt lat="56.2984256" lon="84.5063643"><ele>100</ele><time>1970-01-01T00:00:00.000Z</time></trkpt><trkpt lat="56.2983523" lon="84.5063922"><ele>99</ele><time>1970-01-01T00:00:00.000Z</time></trkpt><trkpt lat="56.2982707" lon="84.5064473"><ele>97.4</ele><time>1970-01-01T00:00:00.000Z</time></trkpt><trkpt lat="56.2982018" lon="84.5065096"><ele>96.8</ele><time>1970-01-01T00:00:00.000Z</time></trkpt><trkpt lat="56.2981349" lon="84.5065494"><ele>97.7</ele><time>1970-01-01T00:00:00.000Z</time></trkpt><trkpt lat="56.2980619" lon="84.5065776"><ele>96.8</ele><time>1970-01-01T00:00:00.000Z</time></trkpt><trkpt lat="56.2979865" lon="84.5066342"><ele>97.5</ele><time>1970-01-01T00:00:00.000Z</time></trkpt><trkpt lat="56.2979151" lon="84.5067001"><ele>98.2</ele><time>1970-01-01T00:00:00.000Z</time></trkpt><trkpt lat="56.297858" lon="84.5067408"><ele>98</ele><time>1970-01-01T00:00:00.000Z</time></trkpt><trkpt lat="56.2978026" lon="84.5067647"><ele>98.8</ele><time>1970-01-01T00:00:00.000Z</time></trkpt><trkpt lat="56.2977321" lon="84.5068183"><ele>101.1</ele><time>1970-01-01T00:00:00.000Z</time></trkpt><trkpt lat="56.2976525" lon="84.506878"><ele>102.7</ele><time>1970-01-01T00:00:00.000Z</time></trkpt><trkpt lat="56.2975855" lon="84.5068986"><ele>104.9</ele><time>1970-01-01T00:00:00.000Z</time></trkpt><trkpt lat="56.2975082" lon="84.5069467"><ele>102.6</ele><time>1970-01-01T00:00:00.000Z</time></trkpt><trkpt lat="56.2974356" lon="84.5069737"><ele>101</ele><time>1970-01-01T00:00:00.000Z</time></trkpt><trkpt lat="56.2973612" lon="84.5070072"><ele>99</ele><time>1970-01-01T00:00:00.000Z</time></trkpt><trkpt lat="56.2973035" lon="84.5070376"><ele>100.7</ele><time>1970-01-01T00:00:00.000Z</time></trkpt><trkpt lat="56.297239" lon="84.5070863"><ele>102.3</ele><time>1970-01-01T00:00:00.000Z</time></trkpt><trkpt lat="56.2971897" lon="84.5071446"><ele>100.9</ele><time>1970-01-01T00:00:00.000Z</time></trkpt><trkpt lat="56.2971441" lon="84.5071769"><ele>100</ele><time>1970-01-01T00:00:00.000Z</time></trkpt><trkpt lat="56.2970787" lon="84.5072226"><ele>99.4</ele><time>1970-01-01T00:00:00.000Z</time></trkpt><trkpt lat="56.2970103" lon="84.5072716"><ele>100.6</ele><time>1970-01-01T00:00:00.000Z</time></trkpt><trkpt lat="56.2969399" lon="84.5073178"><ele>99.1</ele><time>1970-01-01T00:00:00.000Z</time></trkpt><trkpt lat="56.2968714" lon="84.5073632"><ele>97.5</ele><time>1970-01-01T00:00:00.000Z</time></trkpt><trkpt lat="56.2968046" lon="84.5073998"><ele>97.9</ele><time>1970-01-01T00:00:00.000Z</time></trkpt><trkpt lat="56.2967186" lon="84.5074554"><ele>98.9</ele><time>1970-01-01T00:00:00.000Z</time></trkpt><trkpt lat="56.2966288" lon="84.5075027"><ele>97.4</ele><time>1970-01-01T00:00:00.000Z</time></trkpt><trkpt lat="56.2965575" lon="84.5075231"><ele>95.3</ele><time>1970-01-01T00:00:00.000Z</time></trkpt><trkpt lat="56.296487" lon="84.5075579"><ele>95.3</ele><time>1970-01-01T00:00:00.000Z</time></trkpt><trkpt lat="56.2964288" lon="84.5075673"><ele>94.3</ele><time>1970-01-01T00:00:00.000Z</time></trkpt><trkpt lat="56.2963843" lon="84.5075993"><ele>93.6</ele><time>1970-01-01T00:00:00.000Z</time></trkpt><trkpt lat="56.2963937" lon="84.5076035"><ele>93.6</ele><time>1970-01-01T00:00:00.000Z</time></trkpt><trkpt lat="56.2963846" lon="84.5075816"><ele>94.1</ele><time>1970-01-01T00:00:00.000Z</time></trkpt><trkpt lat="56.2963033" lon="84.5076207"><ele>95.2</ele><time>1970-01-01T00:00:00.000Z</time></trkpt><trkpt lat="56.2962361" lon="84.5076879"><ele>94.6</ele><time>1970-01-01T00:00:00.000Z</time></trkpt><trkpt lat="56.2961779" lon="84.5077334"><ele>96.5</ele><time>1970-01-01T00:00:00.000Z</time></trkpt><trkpt lat="56.2961129" lon="84.5077682"><ele>96.6</ele><time>1970-01-01T00:00:00.000Z</time></trkpt><trkpt lat="56.2960554" lon="84.5078089"><ele>96</ele><time>1970-01-01T00:00:00.000Z</time></trkpt><trkpt lat="56.2960013" lon="84.507847"><ele>96.1</ele><time>1970-01-01T00:00:00.000Z</time></trkpt><trkpt lat="56.2959634" lon="84.5078834"><ele>93.2</ele><time>1970-01-01T00:00:00.000Z</time></trkpt><trkpt lat="56.2958809" lon="84.5079351"><ele>94</ele><time>1970-01-01T00:00:00.000Z</time></trkpt><trkpt lat="56.2958101" lon="84.507987"><ele>95.1</ele><time>1970-01-01T00:00:00.000Z</time></trkpt><trkpt lat="56.2957482" lon="84.5080327"><ele>96.6</ele><time>1970-01-01T00:00:00.000Z</time></trkpt><trkpt lat="56.2956808" lon="84.5080626"><ele>96.1</ele><time>1970-01-01T00:00:00.000Z</time></trkpt><trkpt lat="56.2956217" lon="84.5080918"><ele>94</ele><time>1970-01-01T00:00:00.000Z</time></trkpt><trkpt lat="56.2955533" lon="84.5081369"><ele>94.9</ele><time>1970-01-01T00:00:00.000Z</time></trkpt><trkpt lat="56.2955023" lon="84.5081623"><ele>94.5</ele><time>1970-01-01T00:00:00.000Z</time></trkpt><trkpt lat="56.2954253" lon="84.5082115"><ele>94.9</ele><time>1970-01-01T00:00:00.000Z</time></trkpt><trkpt lat="56.2953522" lon="84.5082749"><ele>96.3</ele><time>1970-01-01T00:00:00.000Z</time></trkpt><trkpt lat="56.2952727" lon="84.5083296"><ele>98</ele><time>1970-01-01T00:00:00.000Z</time></trkpt><trkpt lat="56.2952095" lon="84.5083617"><ele>97.5</ele><time>1970-01-01T00:00:00.000Z</time></trkpt><trkpt lat="56.2951849" lon="84.5084021"><ele>97.2</ele><time>1970-01-01T00:00:00.000Z</time></trkpt><trkpt lat="56.2951381" lon="84.5084552"><ele>95.9</ele><time>1970-01-01T00:00:00.000Z</time></trkpt><trkpt lat="56.2950885" lon="84.5084963"><ele>95.1</ele><time>1970-01-01T00:00:00.000Z</time></trkpt><trkpt lat="56.2950157" lon="84.5085334"><ele>95.2</ele><time>1970-01-01T00:00:00.000Z</time></trkpt><trkpt lat="56.2949413" lon="84.5085479"><ele>97.6</ele><time>1970-01-01T00:00:00.000Z</time></trkpt><trkpt lat="56.294861" lon="84.508581"><ele>98.9</ele><time>1970-01-01T00:00:00.000Z</time></trkpt><trkpt lat="56.2947965" lon="84.5086247"><ele>98.4</ele><time>1970-01-01T00:00:00.000Z</time></trkpt><trkpt lat="56.2947343" lon="84.5086592"><ele>99.8</ele><time>1970-01-01T00:00:00.000Z</time></trkpt><trkpt lat="56.2946655" lon="84.5086797"><ele>98.2</ele><time>1970-01-01T00:00:00.000Z</time></trkpt><trkpt lat="56.2945881" lon="84.5087365"><ele>102</ele><time>1970-01-01T00:00:00.000Z</time></trkpt><trkpt lat="56.2945228" lon="84.5088084"><ele>100.1</ele><time>1970-01-01T00:00:00.000Z</time></trkpt><trkpt lat="56.2944499" lon="84.5088671"><ele>99.2</ele><time>1970-01-01T00:00:00.000Z</time></trkpt><trkpt lat="56.2943728" lon="84.5089081"><ele>98.7</ele><time>1970-01-01T00:00:00.000Z</time></trkpt><trkpt lat="56.2943183" lon="84.5089412"><ele>100.3</ele><time>1970-01-01T00:00:00.000Z</time></trkpt><trkpt lat="56.2942454" lon="84.5089888"><ele>100.1</ele><time>1970-01-01T00:00:00.000Z</time></trkpt><trkpt lat="56.294185" lon="84.5090215"><ele>97.9</ele><time>1970-01-01T00:00:00.000Z</time></trkpt><trkpt lat="56.2941099" lon="84.509075"><ele>101.8</ele><time>1970-01-01T00:00:00.000Z</time></trkpt><trkpt lat="56.2940421" lon="84.5091279"><ele>101.9</ele><time>1970-01-01T00:00:00.000Z</time></trkpt><trkpt lat="56.2939826" lon="84.509162"><ele>102.4</ele><time>1970-01-01T00:00:00.000Z</time></trkpt><trkpt lat="56.2939066" lon="84.5092218"><ele>103.3</ele><time>1970-01-01T00:00:00.000Z</time></trkpt><trkpt lat="56.2938392" lon="84.5092603"><ele>103</ele><time>1970-01-01T00:00:00.000Z</time></trkpt><trkpt lat="56.2937589" lon="84.5092918"><ele>105.4</ele><time>1970-01-01T00:00:00.000Z</time></trkpt><trkpt lat="56.2937025" lon="84.5093274"><ele>104.1</ele><time>1970-01-01T00:00:00.000Z</time></trkpt><trkpt lat="56.2936371" lon="84.5093708"><ele>105.3</ele><time>1970-01-01T00:00:00.000Z</time></trkpt><trkpt lat="56.2935612" lon="84.5094142"><ele>106</ele><time>1970-01-01T00:00:00.000Z</time></trkpt><trkpt lat="56.2934955" lon="84.5094551"><ele>103.9</ele><time>1970-01-01T00:00:00.000Z</time></trkpt><trkpt lat="56.2934271" lon="84.509493"><ele>103.5</ele><time>1970-01-01T00:00:00.000Z</time></trkpt><trkpt lat="56.2933688" lon="84.5095384"><ele>103.7</ele><time>1970-01-01T00:00:00.000Z</time></trkpt><trkpt lat="56.293282" lon="84.5095885"><ele>102</ele><time>1970-01-01T00:00:00.000Z</time></trkpt><trkpt lat="56.2931958" lon="84.509632"><ele>103.1</ele><time>1970-01-01T00:00:00.000Z</time></trkpt><trkpt lat="56.2931186" lon="84.5096711"><ele>103.3</ele><time>1970-01-01T00:00:00.000Z</time></trkpt><trkpt lat="56.2930605" lon="84.509709"><ele>102.8</ele><time>1970-01-01T00:00:00.000Z</time></trkpt><trkpt lat="56.2929998" lon="84.5097626"><ele>103.7</ele><time>1970-01-01T00:00:00.000Z</time></trkpt><trkpt lat="56.2929111" lon="84.5098319"><ele>104.7</ele><time>1970-01-01T00:00:00.000Z</time></trkpt><trkpt lat="56.2928509" lon="84.5098436"><ele>102.3</ele><time>1970-01-01T00:00:00.000Z</time></trkpt><trkpt lat="56.2927821" lon="84.5098801"><ele>102.1</ele><time>1970-01-01T00:00:00.000Z</time></trkpt><trkpt lat="56.2927079" lon="84.5099328"><ele>101.1</ele><time>1970-01-01T00:00:00.000Z</time></trkpt><trkpt lat="56.292635" lon="84.5099696"><ele>102</ele><time>1970-01-01T00:00:00.000Z</time></trkpt><trkpt lat="56.2925605" lon="84.5099987"><ele>101</ele><time>1970-01-01T00:00:00.000Z</time></trkpt><trkpt lat="56.2924861" lon="84.5100519"><ele>102.3</ele><time>1970-01-01T00:00:00.000Z</time></trkpt><trkpt lat="56.2924322" lon="84.5100997"><ele>103</ele><time>1970-01-01T00:00:00.000Z</time></trkpt><trkpt lat="56.2923606" lon="84.5101395"><ele>103.1</ele><time>1970-01-01T00:00:00.000Z</time></trkpt><trkpt lat="56.2922953" lon="84.510177"><ele>103.3</ele><time>1970-01-01T00:00:00.000Z</time></trkpt><trkpt lat="56.2922385" lon="84.510216"><ele>105.2</ele><time>1970-01-01T00:00:00.000Z</time></trkpt><trkpt lat="56.2921754" lon="84.5102663"><ele>105.5</ele><time>1970-01-01T00:00:00.000Z</time></trkpt><trkpt lat="56.292118" lon="84.5102899"><ele>105.2</ele><time>1970-01-01T00:00:00.000Z</time></trkpt><trkpt lat="56.2920557" lon="84.5103168"><ele>105.2</ele><time>1970-01-01T00:00:00.000Z</time></trkpt><trkpt lat="56.291995" lon="84.5103556"><ele>104.8</ele><time>1970-01-01T00:00:00.000Z</time></trkpt><trkpt lat="56.2919266" lon="84.5104034"><ele>103.6</ele><time>1970-01-01T00:00:00.000Z</time></trkpt><trkpt lat="56.2918601" lon="84.5104484"><ele>103.1</ele><time>1970-01-01T00:00:00.000Z</time></trkpt><trkpt lat="56.2917837" lon="84.5104986"><ele>105.5</ele><time>1970-01-01T00:00:00.000Z</time></trkpt><trkpt lat="56.2917147" lon="84.5105385"><ele>106.4</ele><time>1970-01-01T00:00:00.000Z</time></trkpt><trkpt lat="56.291666" lon="84.5105705"><ele>106.9</ele><time>1970-01-01T00:00:00.000Z</time></trkpt><trkpt lat="56.2916067" lon="84.5106157"><ele>104.7</ele><time>1970-01-01T00:00:00.000Z</time></trkpt><trkpt lat="56.2915496" lon="84.5106447"><ele>105.2</ele><time>1970-01-01T00:00:00.000Z</time></trkpt><trkpt lat="56.2914848" lon="84.5106866"><ele>105.2</ele><time>1970-01-01T00:00:00.000Z</time></trkpt><trkpt lat="56.2914154" lon="84.5107406"><ele>105</ele><time>1970-01-01T00:00:00.000Z</time></trkpt><trkpt lat="56.2913562" lon="84.5107783"><ele>104.5</ele><time>1970-01-01T00:00:00.000Z</time></trkpt><trkpt lat="56.2913022" lon="84.5108114"><ele>102.7</ele><time>1970-01-01T00:00:00.000Z</time></trkpt><trkpt lat="56.2912552" lon="84.510841"><ele>104.1</ele><time>1970-01-01T00:00:00.000Z</time></trkpt><trkpt lat="56.2912084" lon="84.510869"><ele>103.6</ele><time>1970-01-01T00:00:00.000Z</time></trkpt><trkpt lat="56.291201" lon="84.5108615"><ele>103.7</ele><time>1970-01-01T00:00:00.000Z</time></trkpt><trkpt lat="56.2912029" lon="84.5108625"><ele>103.7</ele><time>1970-01-01T00:00:00.000Z</time></trkpt><trkpt lat="56.2911411" lon="84.5109036"><ele>103.1</ele><time>1970-01-01T00:00:00.000Z</time></trkpt><trkpt lat="56.291071" lon="84.5109586"><ele>101.4</ele><time>1970-01-01T00:00:00.000Z</time></trkpt><trkpt lat="56.2910358" lon="84.5109787"><ele>103.3</ele><time>1970-01-01T00:00:00.000Z</time></trkpt><trkpt lat="56.2910297" lon="84.5109899"><ele>103.3</ele><time>1970-01-01T00:00:00.000Z</time></trkpt><trkpt lat="56.2909953" lon="84.51103"><ele>103.4</ele><time>1970-01-01T00:00:00.000Z</time></trkpt><trkpt lat="56.2908969" lon="84.5110626"><ele>102.5</ele><time>1970-01-01T00:00:00.000Z</time></trkpt><trkpt lat="56.2908084" lon="84.5110872"><ele>103.1</ele><time>1970-01-01T00:00:00.000Z</time></trkpt><trkpt lat="56.2907228" lon="84.5111273"><ele>102.7</ele><time>1970-01-01T00:00:00.000Z</time></trkpt><trkpt lat="56.2906609" lon="84.5111682"><ele>102.9</ele><time>1970-01-01T00:00:00.000Z</time></trkpt><trkpt lat="56.2905999" lon="84.5112194"><ele>103.6</ele><time>1970-01-01T00:00:00.000Z</time></trkpt><trkpt lat="56.2905146" lon="84.5112801"><ele>103.8</ele><time>1970-01-01T00:00:00.000Z</time></trkpt><trkpt lat="56.2904417" lon="84.5113346"><ele>104.7</ele><time>1970-01-01T00:00:00.000Z</time></trkpt><trkpt lat="56.2903732" lon="84.5113645"><ele>105.4</ele><time>1970-01-01T00:00:00.000Z</time></trkpt><trkpt lat="56.2903141" lon="84.5113858"><ele>106.2</ele><time>1970-01-01T00:00:00.000Z</time></trkpt><trkpt lat="56.2902337" lon="84.5114365"><ele>105.7</ele><time>1970-01-01T00:00:00.000Z</time></trkpt><trkpt lat="56.290167" lon="84.5114836"><ele>104.9</ele><time>1970-01-01T00:00:00.000Z</time></trkpt><trkpt lat="56.2900869" lon="84.5115494"><ele>103.4</ele><time>1970-01-01T00:00:00.000Z</time></trkpt><trkpt lat="56.290012" lon="84.5116074"><ele>106.1</ele><time>1970-01-01T00:00:00.000Z</time></trkpt><trkpt lat="56.2899339" lon="84.5116434"><ele>106.6</ele><time>1970-01-01T00:00:00.000Z</time></trkpt><trkpt lat="56.2898721" lon="84.5116742"><ele>108</ele><time>1970-01-01T00:00:00.000Z</time></trkpt><trkpt lat="56.2898177" lon="84.5117169"><ele>108.5</ele><time>1970-01-01T00:00:00.000Z</time></trkpt><trkpt lat="56.2897738" lon="84.5117575"><ele>107.6</ele><time>1970-01-01T00:00:00.000Z</time></trkpt><trkpt lat="56.2897213" lon="84.5117908"><ele>107.9</ele><time>1970-01-01T00:00:00.000Z</time></trkpt><trkpt lat="56.2896615" lon="84.5118284"><ele>109.3</ele><time>1970-01-01T00:00:00.000Z</time></trkpt><trkpt lat="56.2895999" lon="84.5118758"><ele>108.7</ele><time>1970-01-01T00:00:00.000Z</time></trkpt><trkpt lat="56.2895288" lon="84.5119127"><ele>111.3</ele><time>1970-01-01T00:00:00.000Z</time></trkpt><trkpt lat="56.2894686" lon="84.5119426"><ele>111.4</ele><time>1970-01-01T00:00:00.000Z</time></trkpt><trkpt lat="56.2893944" lon="84.5119902"><ele>110.8</ele><time>1970-01-01T00:00:00.000Z</time></trkpt><trkpt lat="56.2893215" lon="84.5120424"><ele>111.3</ele><time>1970-01-01T00:00:00.000Z</time></trkpt><trkpt lat="56.2892446" lon="84.5120748"><ele>109.8</ele><time>1970-01-01T00:00:00.000Z</time></trkpt><trkpt lat="56.2891855" lon="84.5121008"><ele>111.1</ele><time>1970-01-01T00:00:00.000Z</time></trkpt><trkpt lat="56.2891128" lon="84.5121643"><ele>110.2</ele><time>1970-01-01T00:00:00.000Z</time></trkpt><trkpt lat="56.2890438" lon="84.5122179"><ele>109.5</ele><time>1970-01-01T00:00:00.000Z</time></trkpt><trkpt lat="56.2889902" lon="84.5122557"><ele>108.8</ele><time>1970-01-01T00:00:00.000Z</time></trkpt><trkpt lat="56.2889673" lon="84.5122453"><ele>107.7</ele><time>1970-01-01T00:00:00.000Z</time></trkpt><trkpt lat="56.2889059" lon="84.5122237"><ele>106</ele><time>1970-01-01T00:00:00.000Z</time></trkpt><trkpt lat="56.2888357" lon="84.5122891"><ele>105.4</ele><time>1970-01-01T00:00:00.000Z</time></trkpt><trkpt lat="56.2887514" lon="84.5123667"><ele>104.4</ele><time>1970-01-01T00:00:00.000Z</time></trkpt><trkpt lat="56.2886733" lon="84.5124236"><ele>105.7</ele><time>1970-01-01T00:00:00.000Z</time></trkpt><trkpt lat="56.2886024" lon="84.5124717"><ele>105.8</ele><time>1970-01-01T00:00:00.000Z</time></trkpt><trkpt lat="56.2885223" lon="84.512519"><ele>105.6</ele><time>1970-01-01T00:00:00.000Z</time></trkpt><trkpt lat="56.2884517" lon="84.5125614"><ele>104.8</ele><time>1970-01-01T00:00:00.000Z</time></trkpt><trkpt lat="56.2883881" lon="84.5125857"><ele>103.6</ele><time>1970-01-01T00:00:00.000Z</time></trkpt><trkpt lat="56.2883182" lon="84.5126184"><ele>104</ele><time>1970-01-01T00:00:00.000Z</time></trkpt><trkpt lat="56.2882638" lon="84.5126641"><ele>104.3</ele><time>1970-01-01T00:00:00.000Z</time></trkpt><trkpt lat="56.2882086" lon="84.5127099"><ele>103.4</ele><time>1970-01-01T00:00:00.000Z</time></trkpt><trkpt lat="56.288154" lon="84.5127475"><ele>103.6</ele><time>1970-01-01T00:00:00.000Z</time></trkpt><trkpt lat="56.2880869" lon="84.5127926"><ele>104.2</ele><time>1970-01-01T00:00:00.000Z</time></trkpt><trkpt lat="56.288019" lon="84.5128373"><ele>103.6</ele><time>1970-01-01T00:00:00.000Z</time></trkpt><trkpt lat="56.2879493" lon="84.512877"><ele>104.6</ele><time>1970-01-01T00:00:00.000Z</time></trkpt><trkpt lat="56.2878863" lon="84.5129048"><ele>105.1</ele><time>1970-01-01T00:00:00.000Z</time></trkpt><trkpt lat="56.2878263" lon="84.5129287"><ele>104.8</ele><time>1970-01-01T00:00:00.000Z</time></trkpt><trkpt lat="56.28777" lon="84.5129579"><ele>104.5</ele><time>1970-01-01T00:00:00.000Z</time></trkpt><trkpt lat="56.2877123" lon="84.5129966"><ele>104.8</ele><time>1970-01-01T00:00:00.000Z</time></trkpt><trkpt lat="56.2876474" lon="84.5130408"><ele>103.6</ele><time>1970-01-01T00:00:00.000Z</time></trkpt><trkpt lat="56.2876025" lon="84.5130662"><ele>102.6</ele><time>1970-01-01T00:00:00.000Z</time></trkpt><trkpt lat="56.2875455" lon="84.5130881"><ele>103.7</ele><time>1970-01-01T00:00:00.000Z</time></trkpt><trkpt lat="56.2874871" lon="84.5131329"><ele>104.9</ele><time>1970-01-01T00:00:00.000Z</time></trkpt><trkpt lat="56.2874321" lon="84.5131702"><ele>105.2</ele><time>1970-01-01T00:00:00.000Z</time></trkpt><trkpt lat="56.2873735" lon="84.513217"><ele>107.1</ele><time>1970-01-01T00:00:00.000Z</time></trkpt><trkpt lat="56.2873147" lon="84.5132633"><ele>106.1</ele><time>1970-01-01T00:00:00.000Z</time></trkpt><trkpt lat="56.2872678" lon="84.5132878"><ele>105.3</ele><time>1970-01-01T00:00:00.000Z</time></trkpt><trkpt lat="56.287213" lon="84.5133078"><ele>105.6</ele><time>1970-01-01T00:00:00.000Z</time></trkpt><trkpt lat="56.2871534" lon="84.5133267"><ele>104.6</ele><time>1970-01-01T00:00:00.000Z</time></trkpt><trkpt lat="56.2871463" lon="84.5133168"><ele>104.8</ele><time>1970-01-01T00:00:00.000Z</time></trkpt><trkpt lat="56.287136" lon="84.5133278"><ele>104.8</ele><time>1970-01-01T00:00:00.000Z</time></trkpt><trkpt lat="56.2871331" lon="84.5133342"><ele>104.8</ele><time>1970-01-01T00:00:00.000Z</time></trkpt><trkpt lat="56.2871346" lon="84.5133393"><ele>104.8</ele><time>1970-01-01T00:00:00.000Z</time></trkpt><trkpt lat="56.2871365" lon="84.5133403"><ele>105.5</ele><time>1970-01-01T00:00:00.000Z</time></trkpt><trkpt lat="56.2871363" lon="84.5133406"><ele>105.5</ele><time>1970-01-01T00:00:00.000Z</time></trkpt><trkpt lat="56.2871356" lon="84.5133422"><ele>105.6</ele><time>1970-01-01T00:00:00.000Z</time></trkpt><trkpt lat="56.2871345" lon="84.5133445"><ele>105.8</ele><time>1970-01-01T00:00:00.000Z</time></trkpt><trkpt lat="56.2871344" lon="84.513345"><ele>105.8</ele><time>1970-01-01T00:00:00.000Z</time></trkpt><trkpt lat="56.2871296" lon="84.5133432"><ele>106</ele><time>1970-01-01T00:00:00.000Z</time></trkpt><trkpt lat="56.2871289" lon="84.5133461"><ele>106.1</ele><time>1970-01-01T00:00:00.000Z</time></trkpt><trkpt lat="56.2871287" lon="84.5133487"><ele>106.3</ele><time>1970-01-01T00:00:00.000Z</time></trkpt><trkpt lat="56.287132" lon="84.5133461"><ele>106.3</ele><time>1970-01-01T00:00:00.000Z</time></trkpt><trkpt lat="56.2871349" lon="84.5133618"><ele>107</ele><time>1970-01-01T00:00:00.000Z</time></trkpt><trkpt lat="56.2871342" lon="84.5133625"><ele>107</ele><time>1970-01-01T00:00:00.000Z</time></trkpt><trkpt lat="56.2871278" lon="84.5133671"><ele>107.3</ele><time>1970-01-01T00:00:00.000Z</time></trkpt><trkpt lat="56.2871239" lon="84.5133682"><ele>106.6</ele><time>1970-01-01T00:00:00.000Z</time></trkpt><trkpt lat="56.2871195" lon="84.5133643"><ele>106.7</ele><time>1970-01-01T00:00:00.000Z</time></trkpt><trkpt lat="56.2871162" lon="84.5133703"><ele>106.5</ele><time>1970-01-01T00:00:00.000Z</time></trkpt><trkpt lat="56.2871129" lon="84.5133931"><ele>106.4</ele><time>1970-01-01T00:00:00.000Z</time></trkpt><trkpt lat="56.2871167" lon="84.5133919"><ele>107.8</ele><time>1970-01-01T00:00:00.000Z</time></trkpt><trkpt lat="56.2871181" lon="84.5134134"><ele>108.3</ele><time>1970-01-01T00:00:00.000Z</time></trkpt><trkpt lat="56.2871169" lon="84.5134111"><ele>108.2</ele><time>1970-01-01T00:00:00.000Z</time></trkpt><trkpt lat="56.287123" lon="84.5133995"><ele>108</ele><time>1970-01-01T00:00:00.000Z</time></trkpt><trkpt lat="56.2871227" lon="84.513403"><ele>108.1</ele><time>1970-01-01T00:00:00.000Z</time></trkpt><trkpt lat="56.2871283" lon="84.5134071"><ele>107.4</ele><time>1970-01-01T00:00:00.000Z</time></trkpt><trkpt lat="56.2871235" lon="84.5134141"><ele>107.6</ele><time>1970-01-01T00:00:00.000Z</time></trkpt><trkpt lat="56.2871233" lon="84.5134106"><ele>106.7</ele><time>1970-01-01T00:00:00.000Z</time></trkpt><trkpt lat="56.2871181" lon="84.5134292"><ele>107.4</ele><time>1970-01-01T00:00:00.000Z</time></trkpt><trkpt lat="56.2870998" lon="84.5134182"><ele>105.9</ele><time>1970-01-01T00:00:00.000Z</time></trkpt><trkpt lat="56.2870381" lon="84.5133962"><ele>106.1</ele><time>1970-01-01T00:00:00.000Z</time></trkpt><trkpt lat="56.2869535" lon="84.5134268"><ele>105.2</ele><time>1970-01-01T00:00:00.000Z</time></trkpt><trkpt lat="56.2868788" lon="84.5134793"><ele>107.2</ele><time>1970-01-01T00:00:00.000Z</time></trkpt><trkpt lat="56.2868269" lon="84.5135287"><ele>108.9</ele><time>1970-01-01T00:00:00.000Z</time></trkpt><trkpt lat="56.2867517" lon="84.5135786"><ele>109.4</ele><time>1970-01-01T00:00:00.000Z</time></trkpt><trkpt lat="56.2866744" lon="84.513599"><ele>111.7</ele><time>1970-01-01T00:00:00.000Z</time></trkpt><trkpt lat="56.2866092" lon="84.5136419"><ele>110.3</ele><time>1970-01-01T00:00:00.000Z</time></trkpt><trkpt lat="56.286532" lon="84.5137042"><ele>110.3</ele><time>1970-01-01T00:00:00.000Z</time></trkpt><trkpt lat="56.2864572" lon="84.5137421"><ele>110.2</ele><time>1970-01-01T00:00:00.000Z</time></trkpt><trkpt lat="56.2863789" lon="84.5137867"><ele>110.5</ele><time>1970-01-01T00:00:00.000Z</time></trkpt><trkpt lat="56.2863178" lon="84.5138079"><ele>108.4</ele><time>1970-01-01T00:00:00.000Z</time></trkpt><trkpt lat="56.2862409" lon="84.5138542"><ele>107.9</ele><time>1970-01-01T00:00:00.000Z</time></trkpt><trkpt lat="56.2861703" lon="84.5139124"><ele>108.9</ele><time>1970-01-01T00:00:00.000Z</time></trkpt><trkpt lat="56.2861491" lon="84.5139493"><ele>107.5</ele><time>1970-01-01T00:00:00.000Z</time></trkpt><trkpt lat="56.2860911" lon="84.5139904"><ele>107.1</ele><time>1970-01-01T00:00:00.000Z</time></trkpt><trkpt lat="56.2860114" lon="84.514033"><ele>109.9</ele><time>1970-01-01T00:00:00.000Z</time></trkpt><trkpt lat="56.2859508" lon="84.5140623"><ele>110</ele><time>1970-01-01T00:00:00.000Z</time></trkpt><trkpt lat="56.2858848" lon="84.5140962"><ele>109.4</ele><time>1970-01-01T00:00:00.000Z</time></trkpt><trkpt lat="56.2858193" lon="84.5141318"><ele>109.3</ele><time>1970-01-01T00:00:00.000Z</time></trkpt><trkpt lat="56.2857591" lon="84.5141828"><ele>110.3</ele><time>1970-01-01T00:00:00.000Z</time></trkpt><trkpt lat="56.2856904" lon="84.5142589"><ele>109.2</ele><time>1970-01-01T00:00:00.000Z</time></trkpt><trkpt lat="56.2856184" lon="84.5142942"><ele>108.7</ele><time>1970-01-01T00:00:00.000Z</time></trkpt><trkpt lat="56.2855467" lon="84.5143291"><ele>110.4</ele><time>1970-01-01T00:00:00.000Z</time></trkpt><trkpt lat="56.285493" lon="84.5143636"><ele>109.5</ele><time>1970-01-01T00:00:00.000Z</time></trkpt><trkpt lat="56.2854282" lon="84.5144024"><ele>108.5</ele><time>1970-01-01T00:00:00.000Z</time></trkpt><trkpt lat="56.2853651" lon="84.5144342"><ele>106.4</ele><time>1970-01-01T00:00:00.000Z</time></trkpt><trkpt lat="56.2853204" lon="84.5144595"><ele>106.3</ele><time>1970-01-01T00:00:00.000Z</time></trkpt><trkpt lat="56.2852736" lon="84.5144865"><ele>106.3</ele><time>1970-01-01T00:00:00.000Z</time></trkpt><trkpt lat="56.2852132" lon="84.5145152"><ele>106.7</ele><time>1970-01-01T00:00:00.000Z</time></trkpt><trkpt lat="56.285145" lon="84.5145569"><ele>107</ele><time>1970-01-01T00:00:00.000Z</time></trkpt><trkpt lat="56.2850833" lon="84.5146077"><ele>107.1</ele><time>1970-01-01T00:00:00.000Z</time></trkpt><trkpt lat="56.2850291" lon="84.5146395"><ele>106.2</ele><time>1970-01-01T00:00:00.000Z</time></trkpt><trkpt lat="56.2849647" lon="84.5146739"><ele>105.9</ele><time>1970-01-01T00:00:00.000Z</time></trkpt><trkpt lat="56.28491" lon="84.5147143"><ele>105.8</ele><time>1970-01-01T00:00:00.000Z</time></trkpt><trkpt lat="56.284856" lon="84.5147437"><ele>106.5</ele><time>1970-01-01T00:00:00.000Z</time></trkpt><trkpt lat="56.2847946" lon="84.5147811"><ele>106.2</ele><time>1970-01-01T00:00:00.000Z</time></trkpt><trkpt lat="56.2847346" lon="84.514822"><ele>106.7</ele><time>1970-01-01T00:00:00.000Z</time></trkpt><trkpt lat="56.2846692" lon="84.5148687"><ele>108</ele><time>1970-01-01T00:00:00.000Z</time></trkpt><trkpt lat="56.2846041" lon="84.5149074"><ele>108.2</ele><time>1970-01-01T00:00:00.000Z</time></trkpt><trkpt lat="56.2845326" lon="84.5149469"><ele>107.5</ele><time>1970-01-01T00:00:00.000Z</time></trkpt><trkpt lat="56.2844676" lon="84.5149826"><ele>108.8</ele><time>1970-01-01T00:00:00.000Z</time></trkpt><trkpt lat="56.2844118" lon="84.515019"><ele>109</ele><time>1970-01-01T00:00:00.000Z</time></trkpt><trkpt lat="56.2843628" lon="84.5150516"><ele>108.7</ele><time>1970-01-01T00:00:00.000Z</time></trkpt><trkpt lat="56.2843183" lon="84.5150804"><ele>107.2</ele><time>1970-01-01T00:00:00.000Z</time></trkpt><trkpt lat="56.2842477" lon="84.5151206"><ele>108.6</ele><time>1970-01-01T00:00:00.000Z</time></trkpt><trkpt lat="56.2841902" lon="84.5151647"><ele>107.9</ele><time>1970-01-01T00:00:00.000Z</time></trkpt><trkpt lat="56.2841248" lon="84.5152013"><ele>107.2</ele><time>1970-01-01T00:00:00.000Z</time></trkpt><trkpt lat="56.2840405" lon="84.5152452"><ele>106.4</ele><time>1970-01-01T00:00:00.000Z</time></trkpt><trkpt lat="56.2839563" lon="84.5152738"><ele>107.8</ele><time>1970-01-01T00:00:00.000Z</time></trkpt><trkpt lat="56.2838876" lon="84.5152873"><ele>108.2</ele><time>1970-01-01T00:00:00.000Z</time></trkpt><trkpt lat="56.2838115" lon="84.5153037"><ele>108.6</ele><time>1970-01-01T00:00:00.000Z</time></trkpt><trkpt lat="56.2837455" lon="84.5153266"><ele>108</ele><time>1970-01-01T00:00:00.000Z</time></trkpt><trkpt lat="56.283672" lon="84.5153384"><ele>108.5</ele><time>1970-01-01T00:00:00.000Z</time></trkpt><trkpt lat="56.2836101" lon="84.5153441"><ele>108.1</ele><time>1970-01-01T00:00:00.000Z</time></trkpt><trkpt lat="56.2835641" lon="84.5153396"><ele>108.6</ele><time>1970-01-01T00:00:00.000Z</time></trkpt><trkpt lat="56.2835328" lon="84.5153479"><ele>109.5</ele><time>1970-01-01T00:00:00.000Z</time></trkpt><trkpt lat="56.2834807" lon="84.5153322"><ele>109.7</ele><time>1970-01-01T00:00:00.000Z</time></trkpt><trkpt lat="56.2834031" lon="84.5153299"><ele>109</ele><time>1970-01-01T00:00:00.000Z</time></trkpt><trkpt lat="56.2833205" lon="84.515313"><ele>109.7</ele><time>1970-01-01T00:00:00.000Z</time></trkpt><trkpt lat="56.2832527" lon="84.5152858"><ele>111.1</ele><time>1970-01-01T00:00:00.000Z</time></trkpt><trkpt lat="56.2831933" lon="84.5152744"><ele>111.7</ele><time>1970-01-01T00:00:00.000Z</time></trkpt><trkpt lat="56.2831248" lon="84.5152651"><ele>112.4</ele><time>1970-01-01T00:00:00.000Z</time></trkpt><trkpt lat="56.2830732" lon="84.5152272"><ele>110.2</ele><time>1970-01-01T00:00:00.000Z</time></trkpt><trkpt lat="56.2830102" lon="84.5152623"><ele>111.3</ele><time>1970-01-01T00:00:00.000Z</time></trkpt><trkpt lat="56.2829443" lon="84.5152436"><ele>110.6</ele><time>1970-01-01T00:00:00.000Z</time></trkpt><trkpt lat="56.2828861" lon="84.5152041"><ele>111.3</ele><time>1970-01-01T00:00:00.000Z</time></trkpt><trkpt lat="56.2828212" lon="84.5151684"><ele>111.8</ele><time>1970-01-01T00:00:00.000Z</time></trkpt><trkpt lat="56.2827422" lon="84.5151284"><ele>111.4</ele><time>1970-01-01T00:00:00.000Z</time></trkpt><trkpt lat="56.2826808" lon="84.5150908"><ele>109</ele><time>1970-01-01T00:00:00.000Z</time></trkpt><trkpt lat="56.2826239" lon="84.5150675"><ele>106</ele><time>1970-01-01T00:00:00.000Z</time></trkpt><trkpt lat="56.2825636" lon="84.515022"><ele>106.7</ele><time>1970-01-01T00:00:00.000Z</time></trkpt><trkpt lat="56.2825038" lon="84.5149758"><ele>105.6</ele><time>1970-01-01T00:00:00.000Z</time></trkpt><trkpt lat="56.2824374" lon="84.5149336"><ele>106.3</ele><time>1970-01-01T00:00:00.000Z</time></trkpt><trkpt lat="56.2823626" lon="84.5148774"><ele>105.3</ele><time>1970-01-01T00:00:00.000Z</time></trkpt><trkpt lat="56.282305" lon="84.5148157"><ele>104.5</ele><time>1970-01-01T00:00:00.000Z</time></trkpt><trkpt lat="56.2822524" lon="84.5147464"><ele>104.7</ele><time>1970-01-01T00:00:00.000Z</time></trkpt><trkpt lat="56.2821944" lon="84.5146658"><ele>106.6</ele><time>1970-01-01T00:00:00.000Z</time></trkpt><trkpt lat="56.2821331" lon="84.5145959"><ele>104.3</ele><time>1970-01-01T00:00:00.000Z</time></trkpt><trkpt lat="56.2820782" lon="84.5145326"><ele>104.6</ele><time>1970-01-01T00:00:00.000Z</time></trkpt><trkpt lat="56.2820193" lon="84.5144505"><ele>104.8</ele><time>1970-01-01T00:00:00.000Z</time></trkpt><trkpt lat="56.281973" lon="84.514362"><ele>104.3</ele><time>1970-01-01T00:00:00.000Z</time></trkpt><trkpt lat="56.2819184" lon="84.5142909"><ele>106.3</ele><time>1970-01-01T00:00:00.000Z</time></trkpt><trkpt lat="56.2818505" lon="84.5142163"><ele>108.9</ele><time>1970-01-01T00:00:00.000Z</time></trkpt><trkpt lat="56.2817791" lon="84.5141367"><ele>109.9</ele><time>1970-01-01T00:00:00.000Z</time></trkpt><trkpt lat="56.2817266" lon="84.51407"><ele>109</ele><time>1970-01-01T00:00:00.000Z</time></trkpt><trkpt lat="56.2816698" lon="84.5139699"><ele>108.9</ele><time>1970-01-01T00:00:00.000Z</time></trkpt><trkpt lat="56.2816115" lon="84.5138712"><ele>109.2</ele><time>1970-01-01T00:00:00.000Z</time></trkpt><trkpt lat="56.2815559" lon="84.5137729"><ele>108.9</ele><time>1970-01-01T00:00:00.000Z</time></trkpt><trkpt lat="56.2815123" lon="84.513695"><ele>109.6</ele><time>1970-01-01T00:00:00.000Z</time></trkpt><trkpt lat="56.2814845" lon="84.5136377"><ele>108</ele><time>1970-01-01T00:00:00.000Z</time></trkpt><trkpt lat="56.2814449" lon="84.513552"><ele>108.7</ele><time>1970-01-01T00:00:00.000Z</time></trkpt><trkpt lat="56.2814022" lon="84.5134605"><ele>108.3</ele><time>1970-01-01T00:00:00.000Z</time></trkpt><trkpt lat="56.2813499" lon="84.5133731"><ele>109.6</ele><time>1970-01-01T00:00:00.000Z</time></trkpt><trkpt lat="56.2812896" lon="84.5132862"><ele>110.6</ele><time>1970-01-01T00:00:00.000Z</time></trkpt><trkpt lat="56.2812427" lon="84.5132029"><ele>109.4</ele><time>1970-01-01T00:00:00.000Z</time></trkpt><trkpt lat="56.2812184" lon="84.5131228"><ele>108.4</ele><time>1970-01-01T00:00:00.000Z</time></trkpt><trkpt lat="56.2811898" lon="84.5130244"><ele>107.5</ele><time>1970-01-01T00:00:00.000Z</time></trkpt><trkpt lat="56.2811538" lon="84.5129257"><ele>105.6</ele><time>1970-01-01T00:00:00.000Z</time></trkpt><trkpt lat="56.2811086" lon="84.5128277"><ele>106.1</ele><time>1970-01-01T00:00:00.000Z</time></trkpt><trkpt lat="56.281062" lon="84.5127365"><ele>106</ele><time>1970-01-01T00:00:00.000Z</time></trkpt><trkpt lat="56.281021" lon="84.5126491"><ele>106.7</ele><time>1970-01-01T00:00:00.000Z</time></trkpt><trkpt lat="56.2809725" lon="84.5125273"><ele>106.8</ele><time>1970-01-01T00:00:00.000Z</time></trkpt><trkpt lat="56.2809091" lon="84.5124026"><ele>107.6</ele><time>1970-01-01T00:00:00.000Z</time></trkpt><trkpt lat="56.2808668" lon="84.5123022"><ele>108.7</ele><time>1970-01-01T00:00:00.000Z</time></trkpt><trkpt lat="56.2808216" lon="84.5121962"><ele>107.7</ele><time>1970-01-01T00:00:00.000Z</time></trkpt><trkpt lat="56.2807912" lon="84.5121082"><ele>108.9</ele><time>1970-01-01T00:00:00.000Z</time></trkpt><trkpt lat="56.2807629" lon="84.5120091"><ele>109.6</ele><time>1970-01-01T00:00:00.000Z</time></trkpt><trkpt lat="56.2807305" lon="84.5119199"><ele>106.4</ele><time>1970-01-01T00:00:00.000Z</time></trkpt><trkpt lat="56.2806939" lon="84.5118218"><ele>106.3</ele><time>1970-01-01T00:00:00.000Z</time></trkpt><trkpt lat="56.2806556" lon="84.5117208"><ele>107.4</ele><time>1970-01-01T00:00:00.000Z</time></trkpt><trkpt lat="56.2806189" lon="84.5116142"><ele>106.7</ele><time>1970-01-01T00:00:00.000Z</time></trkpt><trkpt lat="56.2805866" lon="84.5115159"><ele>106</ele><time>1970-01-01T00:00:00.000Z</time></trkpt><trkpt lat="56.2805418" lon="84.5114016"><ele>106.3</ele><time>1970-01-01T00:00:00.000Z</time></trkpt><trkpt lat="56.2804965" lon="84.5112614"><ele>106.8</ele><time>1970-01-01T00:00:00.000Z</time></trkpt><trkpt lat="56.2804491" lon="84.5111393"><ele>110.2</ele><time>1970-01-01T00:00:00.000Z</time></trkpt><trkpt lat="56.2804064" lon="84.5110509"><ele>111.4</ele><time>1970-01-01T00:00:00.000Z</time></trkpt><trkpt lat="56.2803601" lon="84.5109367"><ele>111</ele><time>1970-01-01T00:00:00.000Z</time></trkpt><trkpt lat="56.2803154" lon="84.5108432"><ele>110</ele><time>1970-01-01T00:00:00.000Z</time></trkpt><trkpt lat="56.2802769" lon="84.5107523"><ele>109.1</ele><time>1970-01-01T00:00:00.000Z</time></trkpt><trkpt lat="56.2802305" lon="84.5106202"><ele>109.1</ele><time>1970-01-01T00:00:00.000Z</time></trkpt><trkpt lat="56.2801989" lon="84.5105276"><ele>108.5</ele><time>1970-01-01T00:00:00.000Z</time></trkpt><trkpt lat="56.2801628" lon="84.5104277"><ele>111.3</ele><time>1970-01-01T00:00:00.000Z</time></trkpt><trkpt lat="56.2801196" lon="84.5103257"><ele>111.3</ele><time>1970-01-01T00:00:00.000Z</time></trkpt><trkpt lat="56.2800689" lon="84.5102056"><ele>111.1</ele><time>1970-01-01T00:00:00.000Z</time></trkpt><trkpt lat="56.2800321" lon="84.5100999"><ele>110.6</ele><time>1970-01-01T00:00:00.000Z</time></trkpt><trkpt lat="56.2800035" lon="84.5100037"><ele>109.4</ele><time>1970-01-01T00:00:00.000Z</time></trkpt><trkpt lat="56.2799618" lon="84.5098953"><ele>109.7</ele><time>1970-01-01T00:00:00.000Z</time></trkpt><trkpt lat="56.2799124" lon="84.509775"><ele>111.6</ele><time>1970-01-01T00:00:00.000Z</time></trkpt><trkpt lat="56.2798878" lon="84.5096638"><ele>111.2</ele><time>1970-01-01T00:00:00.000Z</time></trkpt><trkpt lat="56.2798455" lon="84.5095605"><ele>111.8</ele><time>1970-01-01T00:00:00.000Z</time></trkpt><trkpt lat="56.2797905" lon="84.5094743"><ele>110.2</ele><time>1970-01-01T00:00:00.000Z</time></trkpt><trkpt lat="56.2797486" lon="84.5093818"><ele>111.6</ele><time>1970-01-01T00:00:00.000Z</time></trkpt><trkpt lat="56.2797032" lon="84.5092542"><ele>112</ele><time>1970-01-01T00:00:00.000Z</time></trkpt><trkpt lat="56.2796608" lon="84.50913"><ele>111.7</ele><time>1970-01-01T00:00:00.000Z</time></trkpt><trkpt lat="56.2796263" lon="84.5090286"><ele>112.8</ele><time>1970-01-01T00:00:00.000Z</time></trkpt><trkpt lat="56.279585" lon="84.5089147"><ele>111.1</ele><time>1970-01-01T00:00:00.000Z</time></trkpt><trkpt lat="56.2795443" lon="84.5088215"><ele>109.9</ele><time>1970-01-01T00:00:00.000Z</time></trkpt><trkpt lat="56.2795083" lon="84.5087179"><ele>109.4</ele><time>1970-01-01T00:00:00.000Z</time></trkpt><trkpt lat="56.2794706" lon="84.5086072"><ele>111.1</ele><time>1970-01-01T00:00:00.000Z</time></trkpt><trkpt lat="56.2794249" lon="84.5085124"><ele>111.3</ele><time>1970-01-01T00:00:00.000Z</time></trkpt><trkpt lat="56.2793777" lon="84.5084044"><ele>110.5</ele><time>1970-01-01T00:00:00.000Z</time></trkpt><trkpt lat="56.2793367" lon="84.5082992"><ele>109.9</ele><time>1970-01-01T00:00:00.000Z</time></trkpt><trkpt lat="56.2792927" lon="84.5081984"><ele>108.6</ele><time>1970-01-01T00:00:00.000Z</time></trkpt><trkpt lat="56.2792475" lon="84.5080756"><ele>109.8</ele><time>1970-01-01T00:00:00.000Z</time></trkpt><trkpt lat="56.2792164" lon="84.5079512"><ele>107.4</ele><time>1970-01-01T00:00:00.000Z</time></trkpt><trkpt lat="56.2792001" lon="84.5078445"><ele>106.4</ele><time>1970-01-01T00:00:00.000Z</time></trkpt><trkpt lat="56.2791529" lon="84.5077237"><ele>107.1</ele><time>1970-01-01T00:00:00.000Z</time></trkpt><trkpt lat="56.2790967" lon="84.5076041"><ele>107.4</ele><time>1970-01-01T00:00:00.000Z</time></trkpt><trkpt lat="56.2790454" lon="84.5074957"><ele>107.2</ele><time>1970-01-01T00:00:00.000Z</time></trkpt><trkpt lat="56.2790069" lon="84.5074037"><ele>108.8</ele><time>1970-01-01T00:00:00.000Z</time></trkpt><trkpt lat="56.278961" lon="84.5072947"><ele>110.1</ele><time>1970-01-01T00:00:00.000Z</time></trkpt><trkpt lat="56.2789118" lon="84.5072031"><ele>110.7</ele><time>1970-01-01T00:00:00.000Z</time></trkpt><trkpt lat="56.2788605" lon="84.5071043"><ele>110.4</ele><time>1970-01-01T00:00:00.000Z</time></trkpt><trkpt lat="56.2788152" lon="84.5070042"><ele>110</ele><time>1970-01-01T00:00:00.000Z</time></trkpt><trkpt lat="56.2787973" lon="84.5069062"><ele>109</ele><time>1970-01-01T00:00:00.000Z</time></trkpt><trkpt lat="56.2787467" lon="84.506766"><ele>110.4</ele><time>1970-01-01T00:00:00.000Z</time></trkpt><trkpt lat="56.2787144" lon="84.506653"><ele>110.2</ele><time>1970-01-01T00:00:00.000Z</time></trkpt><trkpt lat="56.2786817" lon="84.50656"><ele>110</ele><time>1970-01-01T00:00:00.000Z</time></trkpt><trkpt lat="56.2786478" lon="84.5064535"><ele>108.8</ele><time>1970-01-01T00:00:00.000Z</time></trkpt><trkpt lat="56.2786062" lon="84.506353"><ele>107.3</ele><time>1970-01-01T00:00:00.000Z</time></trkpt><trkpt lat="56.2785713" lon="84.5062511"><ele>108.5</ele><time>1970-01-01T00:00:00.000Z</time></trkpt><trkpt lat="56.2785333" lon="84.5061215"><ele>108.7</ele><time>1970-01-01T00:00:00.000Z</time></trkpt><trkpt lat="56.2784881" lon="84.5059995"><ele>108.4</ele><time>1970-01-01T00:00:00.000Z</time></trkpt><trkpt lat="56.2784529" lon="84.5059285"><ele>109.3</ele><time>1970-01-01T00:00:00.000Z</time></trkpt><trkpt lat="56.2784045" lon="84.5058239"><ele>108.8</ele><time>1970-01-01T00:00:00.000Z</time></trkpt><trkpt lat="56.2783621" lon="84.5057114"><ele>107.2</ele><time>1970-01-01T00:00:00.000Z</time></trkpt><trkpt lat="56.2783296" lon="84.505616"><ele>106.8</ele><time>1970-01-01T00:00:00.000Z</time></trkpt><trkpt lat="56.2782931" lon="84.5055148"><ele>104.9</ele><time>1970-01-01T00:00:00.000Z</time></trkpt><trkpt lat="56.2782581" lon="84.5053976"><ele>107.4</ele><time>1970-01-01T00:00:00.000Z</time></trkpt><trkpt lat="56.2782129" lon="84.5052826"><ele>107.8</ele><time>1970-01-01T00:00:00.000Z</time></trkpt><trkpt lat="56.2781729" lon="84.5051804"><ele>109.7</ele><time>1970-01-01T00:00:00.000Z</time></trkpt><trkpt lat="56.2781253" lon="84.5050552"><ele>109.1</ele><time>1970-01-01T00:00:00.000Z</time></trkpt><trkpt lat="56.2780878" lon="84.5049521"><ele>108.7</ele><time>1970-01-01T00:00:00.000Z</time></trkpt><trkpt lat="56.2780515" lon="84.5048652"><ele>108.6</ele><time>1970-01-01T00:00:00.000Z</time></trkpt><trkpt lat="56.2780109" lon="84.5047525"><ele>106.9</ele><time>1970-01-01T00:00:00.000Z</time></trkpt><trkpt lat="56.2779707" lon="84.5046317"><ele>107.6</ele><time>1970-01-01T00:00:00.000Z</time></trkpt><trkpt lat="56.2779331" lon="84.5045092"><ele>108</ele><time>1970-01-01T00:00:00.000Z</time></trkpt><trkpt lat="56.2778919" lon="84.5043945"><ele>109.1</ele><time>1970-01-01T00:00:00.000Z</time></trkpt><trkpt lat="56.2778498" lon="84.5042914"><ele>107.4</ele><time>1970-01-01T00:00:00.000Z</time></trkpt><trkpt lat="56.2778286" lon="84.5042045"><ele>106.3</ele><time>1970-01-01T00:00:00.000Z</time></trkpt><trkpt lat="56.2777925" lon="84.5041106"><ele>105.7</ele><time>1970-01-01T00:00:00.000Z</time></trkpt><trkpt lat="56.2777446" lon="84.5039918"><ele>103.7</ele><time>1970-01-01T00:00:00.000Z</time></trkpt><trkpt lat="56.2776924" lon="84.5038891"><ele>103.3</ele><time>1970-01-01T00:00:00.000Z</time></trkpt><trkpt lat="56.2776559" lon="84.5037946"><ele>106.2</ele><time>1970-01-01T00:00:00.000Z</time></trkpt><trkpt lat="56.2776153" lon="84.5036767"><ele>106.4</ele><time>1970-01-01T00:00:00.000Z</time></trkpt><trkpt lat="56.2775783" lon="84.5035632"><ele>106</ele><time>1970-01-01T00:00:00.000Z</time></trkpt><trkpt lat="56.2775343" lon="84.5034679"><ele>104.8</ele><time>1970-01-01T00:00:00.000Z</time></trkpt><trkpt lat="56.2774967" lon="84.503361"><ele>105.5</ele><time>1970-01-01T00:00:00.000Z</time></trkpt><trkpt lat="56.277454" lon="84.5032301"><ele>105.9</ele><time>1970-01-01T00:00:00.000Z</time></trkpt><trkpt lat="56.2774035" lon="84.5031071"><ele>106</ele><time>1970-01-01T00:00:00.000Z</time></trkpt><trkpt lat="56.2773601" lon="84.5030046"><ele>108.5</ele><time>1970-01-01T00:00:00.000Z</time></trkpt><trkpt lat="56.2773188" lon="84.5028944"><ele>109.6</ele><time>1970-01-01T00:00:00.000Z</time></trkpt><trkpt lat="56.2772755" lon="84.5027934"><ele>109.3</ele><time>1970-01-01T00:00:00.000Z</time></trkpt><trkpt lat="56.2772337" lon="84.5026779"><ele>108.3</ele><time>1970-01-01T00:00:00.000Z</time></trkpt><trkpt lat="56.2771836" lon="84.5025654"><ele>107.1</ele><time>1970-01-01T00:00:00.000Z</time></trkpt><trkpt lat="56.2771594" lon="84.5024841"><ele>105.3</ele><time>1970-01-01T00:00:00.000Z</time></trkpt><trkpt lat="56.2771281" lon="84.5023608"><ele>106.1</ele><time>1970-01-01T00:00:00.000Z</time></trkpt><trkpt lat="56.2770909" lon="84.502255"><ele>106.4</ele><time>1970-01-01T00:00:00.000Z</time></trkpt><trkpt lat="56.2770544" lon="84.5021467"><ele>104.9</ele><time>1970-01-01T00:00:00.000Z</time></trkpt><trkpt lat="56.2770114" lon="84.5020267"><ele>106.2</ele><time>1970-01-01T00:00:00.000Z</time></trkpt><trkpt lat="56.2769649" lon="84.5019182"><ele>105.6</ele><time>1970-01-01T00:00:00.000Z</time></trkpt><trkpt lat="56.2769255" lon="84.5018132"><ele>106</ele><time>1970-01-01T00:00:00.000Z</time></trkpt><trkpt lat="56.27688" lon="84.501688"><ele>105.8</ele><time>1970-01-01T00:00:00.000Z</time></trkpt><trkpt lat="56.2768431" lon="84.5015917"><ele>104.2</ele><time>1970-01-01T00:00:00.000Z</time></trkpt><trkpt lat="56.2768019" lon="84.5014893"><ele>106.7</ele><time>1970-01-01T00:00:00.000Z</time></trkpt><trkpt lat="56.2767607" lon="84.5013669"><ele>109.5</ele><time>1970-01-01T00:00:00.000Z</time></trkpt><trkpt lat="56.2767254" lon="84.501246"><ele>109.7</ele><time>1970-01-01T00:00:00.000Z</time></trkpt><trkpt lat="56.2766876" lon="84.501136"><ele>110.4</ele><time>1970-01-01T00:00:00.000Z</time></trkpt><trkpt lat="56.2766282" lon="84.5010138"><ele>109.7</ele><time>1970-01-01T00:00:00.000Z</time></trkpt><trkpt lat="56.2765807" lon="84.5009065"><ele>109.9</ele><time>1970-01-01T00:00:00.000Z</time></trkpt><trkpt lat="56.2765367" lon="84.5008075"><ele>110.2</ele><time>1970-01-01T00:00:00.000Z</time></trkpt><trkpt lat="56.2764944" lon="84.5007042"><ele>109.2</ele><time>1970-01-01T00:00:00.000Z</time></trkpt><trkpt lat="56.2764506" lon="84.5006132"><ele>109</ele><time>1970-01-01T00:00:00.000Z</time></trkpt><trkpt lat="56.2764217" lon="84.5005337"><ele>109.6</ele><time>1970-01-01T00:00:00.000Z</time></trkpt><trkpt lat="56.2763927" lon="84.5004386"><ele>108.5</ele><time>1970-01-01T00:00:00.000Z</time></trkpt><trkpt lat="56.2763558" lon="84.5003325"><ele>109.9</ele><time>1970-01-01T00:00:00.000Z</time></trkpt><trkpt lat="56.2763161" lon="84.500232"><ele>109.5</ele><time>1970-01-01T00:00:00.000Z</time></trkpt><trkpt lat="56.2762833" lon="84.5001186"><ele>109.9</ele><time>1970-01-01T00:00:00.000Z</time></trkpt><trkpt lat="56.2762557" lon="84.5000325"><ele>109.3</ele><time>1970-01-01T00:00:00.000Z</time></trkpt><trkpt lat="56.2761968" lon="84.4999112"><ele>110.1</ele><time>1970-01-01T00:00:00.000Z</time></trkpt><trkpt lat="56.2761615" lon="84.4998197"><ele>108.1</ele><time>1970-01-01T00:00:00.000Z</time></trkpt><trkpt lat="56.2761351" lon="84.499729"><ele>109.2</ele><time>1970-01-01T00:00:00.000Z</time></trkpt><trkpt lat="56.2760926" lon="84.4996206"><ele>107.6</ele><time>1970-01-01T00:00:00.000Z</time></trkpt><trkpt lat="56.2760421" lon="84.4995205"><ele>108.3</ele><time>1970-01-01T00:00:00.000Z</time></trkpt><trkpt lat="56.2760148" lon="84.499431"><ele>108</ele><time>1970-01-01T00:00:00.000Z</time></trkpt><trkpt lat="56.2759785" lon="84.4993072"><ele>105.9</ele><time>1970-01-01T00:00:00.000Z</time></trkpt><trkpt lat="56.2759436" lon="84.4991963"><ele>104.6</ele><time>1970-01-01T00:00:00.000Z</time></trkpt><trkpt lat="56.2759133" lon="84.4990949"><ele>104</ele><time>1970-01-01T00:00:00.000Z</time></trkpt><trkpt lat="56.275886" lon="84.4989961"><ele>104.3</ele><time>1970-01-01T00:00:00.000Z</time></trkpt><trkpt lat="56.275846" lon="84.4988961"><ele>104.6</ele><time>1970-01-01T00:00:00.000Z</time></trkpt><trkpt lat="56.275794" lon="84.4987862"><ele>105.2</ele><time>1970-01-01T00:00:00.000Z</time></trkpt><trkpt lat="56.2757509" lon="84.4986814"><ele>103.8</ele><time>1970-01-01T00:00:00.000Z</time></trkpt><trkpt lat="56.2757001" lon="84.4986042"><ele>105</ele><time>1970-01-01T00:00:00.000Z</time></trkpt><trkpt lat="56.2756729" lon="84.4985433"><ele>107.1</ele><time>1970-01-01T00:00:00.000Z</time></trkpt><trkpt lat="56.2756476" lon="84.4984307"><ele>107.8</ele><time>1970-01-01T00:00:00.000Z</time></trkpt><trkpt lat="56.2756298" lon="84.4983504"><ele>107.1</ele><time>1970-01-01T00:00:00.000Z</time></trkpt><trkpt lat="56.2755932" lon="84.4982553"><ele>106.2</ele><time>1970-01-01T00:00:00.000Z</time></trkpt><trkpt lat="56.2755441" lon="84.4981403"><ele>106.1</ele><time>1970-01-01T00:00:00.000Z</time></trkpt><trkpt lat="56.275508" lon="84.4980538"><ele>108.1</ele><time>1970-01-01T00:00:00.000Z</time></trkpt><trkpt lat="56.2754605" lon="84.4979608"><ele>108.8</ele><time>1970-01-01T00:00:00.000Z</time></trkpt><trkpt lat="56.2754048" lon="84.4978583"><ele>109.2</ele><time>1970-01-01T00:00:00.000Z</time></trkpt><trkpt lat="56.275372" lon="84.4977699"><ele>110</ele><time>1970-01-01T00:00:00.000Z</time></trkpt><trkpt lat="56.2753603" lon="84.4977493"><ele>110.1</ele><time>1970-01-01T00:00:00.000Z</time></trkpt><trkpt lat="56.2753623" lon="84.4977582"><ele>110.1</ele><time>1970-01-01T00:00:00.000Z</time></trkpt><trkpt lat="56.2753636" lon="84.4977631"><ele>110.5</ele><time>1970-01-01T00:00:00.000Z</time></trkpt><trkpt lat="56.2753668" lon="84.4977809"><ele>110.5</ele><time>1970-01-01T00:00:00.000Z</time></trkpt><trkpt lat="56.2753209" lon="84.4977495"><ele>111</ele><time>1970-01-01T00:00:00.000Z</time></trkpt><trkpt lat="56.275269" lon="84.4977296"><ele>111.6</ele><time>1970-01-01T00:00:00.000Z</time></trkpt><trkpt lat="56.2752311" lon="84.49771"><ele>112.1</ele><time>1970-01-01T00:00:00.000Z</time></trkpt><trkpt lat="56.2751889" lon="84.4976665"><ele>111.9</ele><time>1970-01-01T00:00:00.000Z</time></trkpt><trkpt lat="56.2751193" lon="84.4976987"><ele>110.2</ele><time>1970-01-01T00:00:00.000Z</time></trkpt><trkpt lat="56.2750524" lon="84.4975983"><ele>109.5</ele><time>1970-01-01T00:00:00.000Z</time></trkpt><trkpt lat="56.2749851" lon="84.4975312"><ele>109.3</ele><time>1970-01-01T00:00:00.000Z</time></trkpt><trkpt lat="56.274916" lon="84.4974679"><ele>108.4</ele><time>1970-01-01T00:00:00.000Z</time></trkpt><trkpt lat="56.2748462" lon="84.4974196"><ele>107.9</ele><time>1970-01-01T00:00:00.000Z</time></trkpt><trkpt lat="56.2747829" lon="84.497393"><ele>109.1</ele><time>1970-01-01T00:00:00.000Z</time></trkpt><trkpt lat="56.2747127" lon="84.4973755"><ele>109.5</ele><time>1970-01-01T00:00:00.000Z</time></trkpt><trkpt lat="56.2746375" lon="84.497358"><ele>109.3</ele><time>1970-01-01T00:00:00.000Z</time></trkpt><trkpt lat="56.27457" lon="84.4973458"><ele>109.4</ele><time>1970-01-01T00:00:00.000Z</time></trkpt><trkpt lat="56.2744905" lon="84.4973302"><ele>108.5</ele><time>1970-01-01T00:00:00.000Z</time></trkpt><trkpt lat="56.2744109" lon="84.4973235"><ele>106.9</ele><time>1970-01-01T00:00:00.000Z</time></trkpt><trkpt lat="56.2743338" lon="84.4973224"><ele>106.1</ele><time>1970-01-01T00:00:00.000Z</time></trkpt><trkpt lat="56.2742582" lon="84.4973118"><ele>106.1</ele><time>1970-01-01T00:00:00.000Z</time></trkpt><trkpt lat="56.2741959" lon="84.4973144"><ele>105.5</ele><time>1970-01-01T00:00:00.000Z</time></trkpt><trkpt lat="56.2741354" lon="84.4973344"><ele>105.3</ele><time>1970-01-01T00:00:00.000Z</time></trkpt><trkpt lat="56.2740782" lon="84.497354"><ele>105.4</ele><time>1970-01-01T00:00:00.000Z</time></trkpt><trkpt lat="56.2740071" lon="84.4973754"><ele>106</ele><time>1970-01-01T00:00:00.000Z</time></trkpt><trkpt lat="56.2739446" lon="84.4974042"><ele>105.5</ele><time>1970-01-01T00:00:00.000Z</time></trkpt><trkpt lat="56.2738688" lon="84.4974397"><ele>105.7</ele><time>1970-01-01T00:00:00.000Z</time></trkpt><trkpt lat="56.2737964" lon="84.4974575"><ele>104.8</ele><time>1970-01-01T00:00:00.000Z</time></trkpt><trkpt lat="56.2737309" lon="84.4975263"><ele>103.4</ele><time>1970-01-01T00:00:00.000Z</time></trkpt><trkpt lat="56.2736712" lon="84.4975978"><ele>103.8</ele><time>1970-01-01T00:00:00.000Z</time></trkpt><trkpt lat="56.2736163" lon="84.497651"><ele>104.4</ele><time>1970-01-01T00:00:00.000Z</time></trkpt><trkpt lat="56.2735532" lon="84.497717"><ele>106.2</ele><time>1970-01-01T00:00:00.000Z</time></trkpt><trkpt lat="56.2734931" lon="84.4977945"><ele>107</ele><time>1970-01-01T00:00:00.000Z</time></trkpt><trkpt lat="56.2734304" lon="84.4978716"><ele>107</ele><time>1970-01-01T00:00:00.000Z</time></trkpt><trkpt lat="56.2733742" lon="84.4979486"><ele>107.1</ele><time>1970-01-01T00:00:00.000Z</time></trkpt><trkpt lat="56.2733047" lon="84.4980212"><ele>106.6</ele><time>1970-01-01T00:00:00.000Z</time></trkpt><trkpt lat="56.2732426" lon="84.4981015"><ele>106.4</ele><time>1970-01-01T00:00:00.000Z</time></trkpt><trkpt lat="56.273186" lon="84.4981609"><ele>104.9</ele><time>1970-01-01T00:00:00.000Z</time></trkpt><trkpt lat="56.2731337" lon="84.4982041"><ele>104.4</ele><time>1970-01-01T00:00:00.000Z</time></trkpt><trkpt lat="56.2730859" lon="84.4982536"><ele>105.3</ele><time>1970-01-01T00:00:00.000Z</time></trkpt><trkpt lat="56.2730345" lon="84.4983196"><ele>104</ele><time>1970-01-01T00:00:00.000Z</time></trkpt><trkpt lat="56.272983" lon="84.4983868"><ele>105</ele><time>1970-01-01T00:00:00.000Z</time></trkpt><trkpt lat="56.2729395" lon="84.4984464"><ele>104.7</ele><time>1970-01-01T00:00:00.000Z</time></trkpt><trkpt lat="56.2728882" lon="84.4985155"><ele>104.9</ele><time>1970-01-01T00:00:00.000Z</time></trkpt><trkpt lat="56.2728342" lon="84.4985858"><ele>106</ele><time>1970-01-01T00:00:00.000Z</time></trkpt><trkpt lat="56.2727725" lon="84.4986487"><ele>103.7</ele><time>1970-01-01T00:00:00.000Z</time></trkpt><trkpt lat="56.2727103" lon="84.4987114"><ele>104.3</ele><time>1970-01-01T00:00:00.000Z</time></trkpt><trkpt lat="56.2726599" lon="84.4987805"><ele>105.5</ele><time>1970-01-01T00:00:00.000Z</time></trkpt><trkpt lat="56.2726047" lon="84.4988447"><ele>106.3</ele><time>1970-01-01T00:00:00.000Z</time></trkpt><trkpt lat="56.2725406" lon="84.4989265"><ele>108.7</ele><time>1970-01-01T00:00:00.000Z</time></trkpt><trkpt lat="56.272482" lon="84.4989847"><ele>107.4</ele><time>1970-01-01T00:00:00.000Z</time></trkpt><trkpt lat="56.2724171" lon="84.4990567"><ele>106.8</ele><time>1970-01-01T00:00:00.000Z</time></trkpt><trkpt lat="56.2723678" lon="84.4991121"><ele>105.4</ele><time>1970-01-01T00:00:00.000Z</time></trkpt><trkpt lat="56.2723136" lon="84.4991627"><ele>104.5</ele><time>1970-01-01T00:00:00.000Z</time></trkpt><trkpt lat="56.272246" lon="84.4992228"><ele>103.1</ele><time>1970-01-01T00:00:00.000Z</time></trkpt><trkpt lat="56.2721866" lon="84.499292"><ele>104.9</ele><time>1970-01-01T00:00:00.000Z</time></trkpt><trkpt lat="56.2721255" lon="84.4993671"><ele>104.4</ele><time>1970-01-01T00:00:00.000Z</time></trkpt><trkpt lat="56.272067" lon="84.4994264"><ele>104.6</ele><time>1970-01-01T00:00:00.000Z</time></trkpt><trkpt lat="56.2720046" lon="84.4994945"><ele>103.5</ele><time>1970-01-01T00:00:00.000Z</time></trkpt><trkpt lat="56.2719462" lon="84.4995589"><ele>104</ele><time>1970-01-01T00:00:00.000Z</time></trkpt><trkpt lat="56.2718947" lon="84.4996261"><ele>103.7</ele><time>1970-01-01T00:00:00.000Z</time></trkpt><trkpt lat="56.2718338" lon="84.4996827"><ele>104</ele><time>1970-01-01T00:00:00.000Z</time></trkpt><trkpt lat="56.2717781" lon="84.499747"><ele>103.2</ele><time>1970-01-01T00:00:00.000Z</time></trkpt><trkpt lat="56.2717256" lon="84.4997976"><ele>101.9</ele><time>1970-01-01T00:00:00.000Z</time></trkpt><trkpt lat="56.2716646" lon="84.4998564"><ele>101.1</ele><time>1970-01-01T00:00:00.000Z</time></trkpt><trkpt lat="56.2716058" lon="84.49992"><ele>103</ele><time>1970-01-01T00:00:00.000Z</time></trkpt><trkpt lat="56.2715416" lon="84.4999795"><ele>103.8</ele><time>1970-01-01T00:00:00.000Z</time></trkpt><trkpt lat="56.2714823" lon="84.5000525"><ele>104</ele><time>1970-01-01T00:00:00.000Z</time></trkpt><trkpt lat="56.2714185" lon="84.5001297"><ele>103.9</ele><time>1970-01-01T00:00:00.000Z</time></trkpt><trkpt lat="56.2713681" lon="84.500197"><ele>103</ele><time>1970-01-01T00:00:00.000Z</time></trkpt><trkpt lat="56.2713036" lon="84.5002577"><ele>103.5</ele><time>1970-01-01T00:00:00.000Z</time></trkpt><trkpt lat="56.2712476" lon="84.5003171"><ele>100.1</ele><time>1970-01-01T00:00:00.000Z</time></trkpt><trkpt lat="56.2711824" lon="84.5003694"><ele>100.9</ele><time>1970-01-01T00:00:00.000Z</time></trkpt><trkpt lat="56.2711232" lon="84.5004466"><ele>100.7</ele><time>1970-01-01T00:00:00.000Z</time></trkpt><trkpt lat="56.2710586" lon="84.5005417"><ele>99.9</ele><time>1970-01-01T00:00:00.000Z</time></trkpt><trkpt lat="56.2710258" lon="84.5006065"><ele>100.3</ele><time>1970-01-01T00:00:00.000Z</time></trkpt><trkpt lat="56.271031" lon="84.500605"><ele>100.3</ele><time>1970-01-01T00:00:00.000Z</time></trkpt><trkpt lat="56.2710361" lon="84.5006012"><ele>100.3</ele><time>1970-01-01T00:00:00.000Z</time></trkpt><trkpt lat="56.2710405" lon="84.5005946"><ele>100.4</ele><time>1970-01-01T00:00:00.000Z</time></trkpt><trkpt lat="56.2710135" lon="84.5006254"><ele>99.1</ele><time>1970-01-01T00:00:00.000Z</time></trkpt><trkpt lat="56.2709618" lon="84.5006912"><ele>98.2</ele><time>1970-01-01T00:00:00.000Z</time></trkpt><trkpt lat="56.2709004" lon="84.5007468"><ele>98.9</ele><time>1970-01-01T00:00:00.000Z</time></trkpt><trkpt lat="56.2708407" lon="84.5008247"><ele>99.4</ele><time>1970-01-01T00:00:00.000Z</time></trkpt><trkpt lat="56.2707862" lon="84.5008883"><ele>99.2</ele><time>1970-01-01T00:00:00.000Z</time></trkpt><trkpt lat="56.2707327" lon="84.5009449"><ele>99</ele><time>1970-01-01T00:00:00.000Z</time></trkpt><trkpt lat="56.2706743" lon="84.5010089"><ele>100.2</ele><time>1970-01-01T00:00:00.000Z</time></trkpt><trkpt lat="56.270614" lon="84.5010769"><ele>100.3</ele><time>1970-01-01T00:00:00.000Z</time></trkpt><trkpt lat="56.2705561" lon="84.5011458"><ele>101.6</ele><time>1970-01-01T00:00:00.000Z</time></trkpt><trkpt lat="56.2705036" lon="84.5012159"><ele>101.1</ele><time>1970-01-01T00:00:00.000Z</time></trkpt><trkpt lat="56.2704399" lon="84.5012856"><ele>101</ele><time>1970-01-01T00:00:00.000Z</time></trkpt><trkpt lat="56.2703875" lon="84.5013539"><ele>100.1</ele><time>1970-01-01T00:00:00.000Z</time></trkpt><trkpt lat="56.2703309" lon="84.501423"><ele>99.1</ele><time>1970-01-01T00:00:00.000Z</time></trkpt><trkpt lat="56.270269" lon="84.5014811"><ele>99.7</ele><time>1970-01-01T00:00:00.000Z</time></trkpt><trkpt lat="56.2702013" lon="84.5015492"><ele>99.6</ele><time>1970-01-01T00:00:00.000Z</time></trkpt><trkpt lat="56.2701397" lon="84.5016249"><ele>98.1</ele><time>1970-01-01T00:00:00.000Z</time></trkpt><trkpt lat="56.2700766" lon="84.5016817"><ele>98.3</ele><time>1970-01-01T00:00:00.000Z</time></trkpt><trkpt lat="56.2700204" lon="84.50174"><ele>98.5</ele><time>1970-01-01T00:00:00.000Z</time></trkpt><trkpt lat="56.269953" lon="84.5018005"><ele>98</ele><time>1970-01-01T00:00:00.000Z</time></trkpt><trkpt lat="56.2698978" lon="84.5018826"><ele>97.9</ele><time>1970-01-01T00:00:00.000Z</time></trkpt><trkpt lat="56.2698454" lon="84.5019686"><ele>96.5</ele><time>1970-01-01T00:00:00.000Z</time></trkpt><trkpt lat="56.2697883" lon="84.5020315"><ele>96.4</ele><time>1970-01-01T00:00:00.000Z</time></trkpt><trkpt lat="56.2697246" lon="84.5020924"><ele>96.6</ele><time>1970-01-01T00:00:00.000Z</time></trkpt><trkpt lat="56.2696644" lon="84.5021461"><ele>97.3</ele><time>1970-01-01T00:00:00.000Z</time></trkpt><trkpt lat="56.269609" lon="84.5022167"><ele>97.8</ele><time>1970-01-01T00:00:00.000Z</time></trkpt><trkpt lat="56.2695497" lon="84.5023044"><ele>97.8</ele><time>1970-01-01T00:00:00.000Z</time></trkpt><trkpt lat="56.269494" lon="84.5023713"><ele>99.2</ele><time>1970-01-01T00:00:00.000Z</time></trkpt><trkpt lat="56.2694337" lon="84.502418"><ele>99.6</ele><time>1970-01-01T00:00:00.000Z</time></trkpt><trkpt lat="56.2694004" lon="84.5025166"><ele>99.8</ele><time>1970-01-01T00:00:00.000Z</time></trkpt><trkpt lat="56.2693277" lon="84.5025776"><ele>99.5</ele><time>1970-01-01T00:00:00.000Z</time></trkpt><trkpt lat="56.2692728" lon="84.5026413"><ele>98.8</ele><time>1970-01-01T00:00:00.000Z</time></trkpt><trkpt lat="56.2692206" lon="84.5027039"><ele>97.5</ele><time>1970-01-01T00:00:00.000Z</time></trkpt><trkpt lat="56.2691677" lon="84.5027562"><ele>96.6</ele><time>1970-01-01T00:00:00.000Z</time></trkpt><trkpt lat="56.2691071" lon="84.5028254"><ele>95.1</ele><time>1970-01-01T00:00:00.000Z</time></trkpt><trkpt lat="56.2690561" lon="84.5028992"><ele>93.8</ele><time>1970-01-01T00:00:00.000Z</time></trkpt><trkpt lat="56.2690023" lon="84.5029582"><ele>94.1</ele><time>1970-01-01T00:00:00.000Z</time></trkpt><trkpt lat="56.2689504" lon="84.5030074"><ele>93.2</ele><time>1970-01-01T00:00:00.000Z</time></trkpt><trkpt lat="56.2688974" lon="84.5030638"><ele>94</ele><time>1970-01-01T00:00:00.000Z</time></trkpt><trkpt lat="56.2688236" lon="84.5031416"><ele>94.3</ele><time>1970-01-01T00:00:00.000Z</time></trkpt><trkpt lat="56.2687603" lon="84.5032234"><ele>95</ele><time>1970-01-01T00:00:00.000Z</time></trkpt><trkpt lat="56.2687088" lon="84.503293"><ele>95.7</ele><time>1970-01-01T00:00:00.000Z</time></trkpt><trkpt lat="56.2686415" lon="84.5033689"><ele>96.6</ele><time>1970-01-01T00:00:00.000Z</time></trkpt><trkpt lat="56.2685853" lon="84.5034456"><ele>96.3</ele><time>1970-01-01T00:00:00.000Z</time></trkpt><trkpt lat="56.268525" lon="84.5035168"><ele>96</ele><time>1970-01-01T00:00:00.000Z</time></trkpt><trkpt lat="56.268465" lon="84.5035732"><ele>97.3</ele><time>1970-01-01T00:00:00.000Z</time></trkpt><trkpt lat="56.268406" lon="84.503632"><ele>98.3</ele><time>1970-01-01T00:00:00.000Z</time></trkpt><trkpt lat="56.2683451" lon="84.5036977"><ele>98.1</ele><time>1970-01-01T00:00:00.000Z</time></trkpt><trkpt lat="56.2682908" lon="84.5037547"><ele>97.4</ele><time>1970-01-01T00:00:00.000Z</time></trkpt><trkpt lat="56.2682243" lon="84.5038175"><ele>97.8</ele><time>1970-01-01T00:00:00.000Z</time></trkpt><trkpt lat="56.2681558" lon="84.5038878"><ele>98.9</ele><time>1970-01-01T00:00:00.000Z</time></trkpt><trkpt lat="56.2681075" lon="84.5039423"><ele>98.7</ele><time>1970-01-01T00:00:00.000Z</time></trkpt><trkpt lat="56.2680505" lon="84.5039988"><ele>96.4</ele><time>1970-01-01T00:00:00.000Z</time></trkpt><trkpt lat="56.2679828" lon="84.5040654"><ele>96.9</ele><time>1970-01-01T00:00:00.000Z</time></trkpt><trkpt lat="56.2679197" lon="84.5041354"><ele>96.6</ele><time>1970-01-01T00:00:00.000Z</time></trkpt><trkpt lat="56.2678687" lon="84.5041921"><ele>96.7</ele><time>1970-01-01T00:00:00.000Z</time></trkpt><trkpt lat="56.2678203" lon="84.5042607"><ele>96.2</ele><time>1970-01-01T00:00:00.000Z</time></trkpt><trkpt lat="56.2677549" lon="84.5043275"><ele>95.8</ele><time>1970-01-01T00:00:00.000Z</time></trkpt><trkpt lat="56.2676885" lon="84.5043745"><ele>95.3</ele><time>1970-01-01T00:00:00.000Z</time></trkpt><trkpt lat="56.2676256" lon="84.5044582"><ele>96.3</ele><time>1970-01-01T00:00:00.000Z</time></trkpt><trkpt lat="56.2675683" lon="84.5045477"><ele>95.6</ele><time>1970-01-01T00:00:00.000Z</time></trkpt><trkpt lat="56.2675106" lon="84.5046202"><ele>96.4</ele><time>1970-01-01T00:00:00.000Z</time></trkpt><trkpt lat="56.2674564" lon="84.5046843"><ele>94.6</ele><time>1970-01-01T00:00:00.000Z</time></trkpt><trkpt lat="56.2673975" lon="84.5047496"><ele>94.1</ele><time>1970-01-01T00:00:00.000Z</time></trkpt><trkpt lat="56.2673465" lon="84.5048215"><ele>94.9</ele><time>1970-01-01T00:00:00.000Z</time></trkpt><trkpt lat="56.2672828" lon="84.5048866"><ele>94.6</ele><time>1970-01-01T00:00:00.000Z</time></trkpt><trkpt lat="56.2672215" lon="84.504956"><ele>93.9</ele><time>1970-01-01T00:00:00.000Z</time></trkpt><trkpt lat="56.2671724" lon="84.5050241"><ele>93.5</ele><time>1970-01-01T00:00:00.000Z</time></trkpt><trkpt lat="56.2671175" lon="84.5050924"><ele>94.9</ele><time>1970-01-01T00:00:00.000Z</time></trkpt><trkpt lat="56.2670747" lon="84.5051534"><ele>99</ele><time>1970-01-01T00:00:00.000Z</time></trkpt><trkpt lat="56.2670319" lon="84.5052231"><ele>100.9</ele><time>1970-01-01T00:00:00.000Z</time></trkpt><trkpt lat="56.2669673" lon="84.505262"><ele>101.1</ele><time>1970-01-01T00:00:00.000Z</time></trkpt><trkpt lat="56.2669056" lon="84.5053114"><ele>102.6</ele><time>1970-01-01T00:00:00.000Z</time></trkpt><trkpt lat="56.2668632" lon="84.5053923"><ele>102.5</ele><time>1970-01-01T00:00:00.000Z</time></trkpt><trkpt lat="56.2668001" lon="84.5054495"><ele>98.6</ele><time>1970-01-01T00:00:00.000Z</time></trkpt><trkpt lat="56.2667308" lon="84.5054779"><ele>95.3</ele><time>1970-01-01T00:00:00.000Z</time></trkpt><trkpt lat="56.2666826" lon="84.5055263"><ele>98.5</ele><time>1970-01-01T00:00:00.000Z</time></trkpt><trkpt lat="56.2666183" lon="84.505593"><ele>97</ele><time>1970-01-01T00:00:00.000Z</time></trkpt><trkpt lat="56.2665519" lon="84.5056605"><ele>96.3</ele><time>1970-01-01T00:00:00.000Z</time></trkpt><trkpt lat="56.2664948" lon="84.5057119"><ele>93.2</ele><time>1970-01-01T00:00:00.000Z</time></trkpt><trkpt lat="56.2664397" lon="84.5057652"><ele>92.5</ele><time>1970-01-01T00:00:00.000Z</time></trkpt><trkpt lat="56.2663874" lon="84.5058199"><ele>89.6</ele><time>1970-01-01T00:00:00.000Z</time></trkpt><trkpt lat="56.2663389" lon="84.505877"><ele>89.7</ele><time>1970-01-01T00:00:00.000Z</time></trkpt><trkpt lat="56.2662901" lon="84.5059291"><ele>89.3</ele><time>1970-01-01T00:00:00.000Z</time></trkpt><trkpt lat="56.2662322" lon="84.5059831"><ele>89.9</ele><time>1970-01-01T00:00:00.000Z</time></trkpt><trkpt lat="56.2661743" lon="84.5060467"><ele>89.7</ele><time>1970-01-01T00:00:00.000Z</time></trkpt><trkpt lat="56.2661175" lon="84.506113"><ele>88.7</ele><time>1970-01-01T00:00:00.000Z</time></trkpt><trkpt lat="56.2660656" lon="84.5061816"><ele>87.9</ele><time>1970-01-01T00:00:00.000Z</time></trkpt><trkpt lat="56.2660042" lon="84.5062449"><ele>86.8</ele><time>1970-01-01T00:00:00.000Z</time></trkpt><trkpt lat="56.2659395" lon="84.506315"><ele>85.7</ele><time>1970-01-01T00:00:00.000Z</time></trkpt><trkpt lat="56.2658805" lon="84.5063711"><ele>84.7</ele><time>1970-01-01T00:00:00.000Z</time></trkpt><trkpt lat="56.2658205" lon="84.5064328"><ele>84.5</ele><time>1970-01-01T00:00:00.000Z</time></trkpt><trkpt lat="56.2657637" lon="84.5064956"><ele>84.9</ele><time>1970-01-01T00:00:00.000Z</time></trkpt><trkpt lat="56.2657042" lon="84.5065712"><ele>84.4</ele><time>1970-01-01T00:00:00.000Z</time></trkpt><trkpt lat="56.2656425" lon="84.5066323"><ele>85.1</ele><time>1970-01-01T00:00:00.000Z</time></trkpt><trkpt lat="56.2655813" lon="84.5066825"><ele>83.7</ele><time>1970-01-01T00:00:00.000Z</time></trkpt><trkpt lat="56.2655304" lon="84.5067298"><ele>82.5</ele><time>1970-01-01T00:00:00.000Z</time></trkpt><trkpt lat="56.2654743" lon="84.5067767"><ele>83.3</ele><time>1970-01-01T00:00:00.000Z</time></trkpt><trkpt lat="56.265412" lon="84.5068325"><ele>81.8</ele><time>1970-01-01T00:00:00.000Z</time></trkpt><trkpt lat="56.2653577" lon="84.5068922"><ele>82.4</ele><time>1970-01-01T00:00:00.000Z</time></trkpt><trkpt lat="56.2652994" lon="84.5069729"><ele>84.1</ele><time>1970-01-01T00:00:00.000Z</time></trkpt><trkpt lat="56.2652453" lon="84.5070777"><ele>84.4</ele><time>1970-01-01T00:00:00.000Z</time></trkpt><trkpt lat="56.2651873" lon="84.5071746"><ele>84.3</ele><time>1970-01-01T00:00:00.000Z</time></trkpt><trkpt lat="56.2651301" lon="84.507237"><ele>85.2</ele><time>1970-01-01T00:00:00.000Z</time></trkpt><trkpt lat="56.265067" lon="84.5073101"><ele>85.1</ele><time>1970-01-01T00:00:00.000Z</time></trkpt><trkpt lat="56.265002" lon="84.507388"><ele>84.8</ele><time>1970-01-01T00:00:00.000Z</time></trkpt><trkpt lat="56.2649302" lon="84.5074493"><ele>87.1</ele><time>1970-01-01T00:00:00.000Z</time></trkpt><trkpt lat="56.2648566" lon="84.5075117"><ele>87.9</ele><time>1970-01-01T00:00:00.000Z</time></trkpt><trkpt lat="56.2647902" lon="84.5075894"><ele>87.2</ele><time>1970-01-01T00:00:00.000Z</time></trkpt><trkpt lat="56.2647326" lon="84.507659"><ele>88.1</ele><time>1970-01-01T00:00:00.000Z</time></trkpt><trkpt lat="56.2646786" lon="84.5077443"><ele>87.9</ele><time>1970-01-01T00:00:00.000Z</time></trkpt><trkpt lat="56.264619" lon="84.5078225"><ele>88.4</ele><time>1970-01-01T00:00:00.000Z</time></trkpt><trkpt lat="56.2645546" lon="84.5079006"><ele>86.6</ele><time>1970-01-01T00:00:00.000Z</time></trkpt><trkpt lat="56.2644983" lon="84.5079598"><ele>85.3</ele><time>1970-01-01T00:00:00.000Z</time></trkpt><trkpt lat="56.264478" lon="84.5079702"><ele>86</ele><time>1970-01-01T00:00:00.000Z</time></trkpt><trkpt lat="56.264409" lon="84.5080443"><ele>88.9</ele><time>1970-01-01T00:00:00.000Z</time></trkpt><trkpt lat="56.2643502" lon="84.5081329"><ele>86.4</ele><time>1970-01-01T00:00:00.000Z</time></trkpt><trkpt lat="56.264291" lon="84.5082105"><ele>84.6</ele><time>1970-01-01T00:00:00.000Z</time></trkpt><trkpt lat="56.2642334" lon="84.5082723"><ele>84.3</ele><time>1970-01-01T00:00:00.000Z</time></trkpt><trkpt lat="56.264174" lon="84.5083284"><ele>83.2</ele><time>1970-01-01T00:00:00.000Z</time></trkpt><trkpt lat="56.2641069" lon="84.5083978"><ele>84</ele><time>1970-01-01T00:00:00.000Z</time></trkpt><trkpt lat="56.2640492" lon="84.5084682"><ele>84.8</ele><time>1970-01-01T00:00:00.000Z</time></trkpt><trkpt lat="56.2639975" lon="84.5085418"><ele>84.3</ele><time>1970-01-01T00:00:00.000Z</time></trkpt><trkpt lat="56.2639402" lon="84.5086238"><ele>83.6</ele><time>1970-01-01T00:00:00.000Z</time></trkpt><trkpt lat="56.2638822" lon="84.5087013"><ele>82.7</ele><time>1970-01-01T00:00:00.000Z</time></trkpt><trkpt lat="56.2638169" lon="84.5087622"><ele>81.6</ele><time>1970-01-01T00:00:00.000Z</time></trkpt><trkpt lat="56.263766" lon="84.5088131"><ele>80.2</ele><time>1970-01-01T00:00:00.000Z</time></trkpt><trkpt lat="56.2637046" lon="84.5088912"><ele>80.3</ele><time>1970-01-01T00:00:00.000Z</time></trkpt><trkpt lat="56.2636501" lon="84.5089559"><ele>79.4</ele><time>1970-01-01T00:00:00.000Z</time></trkpt><trkpt lat="56.2635872" lon="84.5090222"><ele>79</ele><time>1970-01-01T00:00:00.000Z</time></trkpt><trkpt lat="56.2635185" lon="84.509096"><ele>80</ele><time>1970-01-01T00:00:00.000Z</time></trkpt><trkpt lat="56.2634555" lon="84.5091655"><ele>80.9</ele><time>1970-01-01T00:00:00.000Z</time></trkpt><trkpt lat="56.2633894" lon="84.5092479"><ele>79.8</ele><time>1970-01-01T00:00:00.000Z</time></trkpt><trkpt lat="56.2633269" lon="84.509301"><ele>79.4</ele><time>1970-01-01T00:00:00.000Z</time></trkpt><trkpt lat="56.2632618" lon="84.5093681"><ele>80.8</ele><time>1970-01-01T00:00:00.000Z</time></trkpt><trkpt lat="56.2631997" lon="84.5094386"><ele>81.5</ele><time>1970-01-01T00:00:00.000Z</time></trkpt><trkpt lat="56.2631443" lon="84.5095196"><ele>81.6</ele><time>1970-01-01T00:00:00.000Z</time></trkpt><trkpt lat="56.2630792" lon="84.5095875"><ele>79.8</ele><time>1970-01-01T00:00:00.000Z</time></trkpt><trkpt lat="56.2630121" lon="84.5096358"><ele>79.2</ele><time>1970-01-01T00:00:00.000Z</time></trkpt><trkpt lat="56.2629456" lon="84.5097133"><ele>80.1</ele><time>1970-01-01T00:00:00.000Z</time></trkpt><trkpt lat="56.2628824" lon="84.5097977"><ele>79.6</ele><time>1970-01-01T00:00:00.000Z</time></trkpt><trkpt lat="56.2628275" lon="84.5098496"><ele>83.3</ele><time>1970-01-01T00:00:00.000Z</time></trkpt><trkpt lat="56.2627627" lon="84.5099462"><ele>82</ele><time>1970-01-01T00:00:00.000Z</time></trkpt><trkpt lat="56.2627068" lon="84.5100349"><ele>83.2</ele><time>1970-01-01T00:00:00.000Z</time></trkpt><trkpt lat="56.2626525" lon="84.510121"><ele>83.2</ele><time>1970-01-01T00:00:00.000Z</time></trkpt><trkpt lat="56.2625947" lon="84.5102034"><ele>81.8</ele><time>1970-01-01T00:00:00.000Z</time></trkpt><trkpt lat="56.2625387" lon="84.5102859"><ele>81.9</ele><time>1970-01-01T00:00:00.000Z</time></trkpt><trkpt lat="56.2624778" lon="84.5103388"><ele>81.5</ele><time>1970-01-01T00:00:00.000Z</time></trkpt><trkpt lat="56.2624179" lon="84.5104146"><ele>81.6</ele><time>1970-01-01T00:00:00.000Z</time></trkpt><trkpt lat="56.2623529" lon="84.5104766"><ele>82.1</ele><time>1970-01-01T00:00:00.000Z</time></trkpt><trkpt lat="56.2622856" lon="84.5105186"><ele>81.6</ele><time>1970-01-01T00:00:00.000Z</time></trkpt><trkpt lat="56.2622209" lon="84.5105695"><ele>81.2</ele><time>1970-01-01T00:00:00.000Z</time></trkpt><trkpt lat="56.2621603" lon="84.5106446"><ele>81.5</ele><time>1970-01-01T00:00:00.000Z</time></trkpt><trkpt lat="56.2620974" lon="84.5107237"><ele>81.9</ele><time>1970-01-01T00:00:00.000Z</time></trkpt><trkpt lat="56.2620421" lon="84.5108048"><ele>81.2</ele><time>1970-01-01T00:00:00.000Z</time></trkpt><trkpt lat="56.2619747" lon="84.5108808"><ele>81.5</ele><time>1970-01-01T00:00:00.000Z</time></trkpt><trkpt lat="56.2619103" lon="84.5109681"><ele>80.9</ele><time>1970-01-01T00:00:00.000Z</time></trkpt><trkpt lat="56.2618461" lon="84.511048"><ele>80.8</ele><time>1970-01-01T00:00:00.000Z</time></trkpt><trkpt lat="56.261772" lon="84.5111143"><ele>81.8</ele><time>1970-01-01T00:00:00.000Z</time></trkpt><trkpt lat="56.2617062" lon="84.5111813"><ele>80.4</ele><time>1970-01-01T00:00:00.000Z</time></trkpt><trkpt lat="56.261642" lon="84.511253"><ele>79.9</ele><time>1970-01-01T00:00:00.000Z</time></trkpt><trkpt lat="56.2615699" lon="84.5113287"><ele>81.8</ele><time>1970-01-01T00:00:00.000Z</time></trkpt><trkpt lat="56.2615029" lon="84.5113896"><ele>81.1</ele><time>1970-01-01T00:00:00.000Z</time></trkpt><trkpt lat="56.2614384" lon="84.5114517"><ele>80.7</ele><time>1970-01-01T00:00:00.000Z</time></trkpt><trkpt lat="56.2613684" lon="84.5114971"><ele>80.6</ele><time>1970-01-01T00:00:00.000Z</time></trkpt><trkpt lat="56.2612971" lon="84.5115239"><ele>80.3</ele><time>1970-01-01T00:00:00.000Z</time></trkpt><trkpt lat="56.2612337" lon="84.5115511"><ele>79.4</ele><time>1970-01-01T00:00:00.000Z</time></trkpt><trkpt lat="56.2611504" lon="84.5115612"><ele>79.7</ele><time>1970-01-01T00:00:00.000Z</time></trkpt><trkpt lat="56.261078" lon="84.5115992"><ele>80.8</ele><time>1970-01-01T00:00:00.000Z</time></trkpt><trkpt lat="56.2609999" lon="84.5116073"><ele>81.7</ele><time>1970-01-01T00:00:00.000Z</time></trkpt><trkpt lat="56.2609313" lon="84.5116356"><ele>81.7</ele><time>1970-01-01T00:00:00.000Z</time></trkpt><trkpt lat="56.260856" lon="84.5116546"><ele>83.5</ele><time>1970-01-01T00:00:00.000Z</time></trkpt><trkpt lat="56.2607826" lon="84.5116651"><ele>83.2</ele><time>1970-01-01T00:00:00.000Z</time></trkpt><trkpt lat="56.2606947" lon="84.5116838"><ele>84.1</ele><time>1970-01-01T00:00:00.000Z</time></trkpt><trkpt lat="56.2606157" lon="84.5116866"><ele>84</ele><time>1970-01-01T00:00:00.000Z</time></trkpt><trkpt lat="56.2605445" lon="84.5117006"><ele>83.4</ele><time>1970-01-01T00:00:00.000Z</time></trkpt><trkpt lat="56.2604682" lon="84.5117118"><ele>84</ele><time>1970-01-01T00:00:00.000Z</time></trkpt><trkpt lat="56.2603847" lon="84.5117136"><ele>82.8</ele><time>1970-01-01T00:00:00.000Z</time></trkpt><trkpt lat="56.2603034" lon="84.5117171"><ele>82.6</ele><time>1970-01-01T00:00:00.000Z</time></trkpt><trkpt lat="56.260231" lon="84.5117032"><ele>81.5</ele><time>1970-01-01T00:00:00.000Z</time></trkpt><trkpt lat="56.260165" lon="84.5116826"><ele>81.8</ele><time>1970-01-01T00:00:00.000Z</time></trkpt><trkpt lat="56.2600966" lon="84.5116873"><ele>83</ele><time>1970-01-01T00:00:00.000Z</time></trkpt><trkpt lat="56.2600253" lon="84.511691"><ele>81.5</ele><time>1970-01-01T00:00:00.000Z</time></trkpt><trkpt lat="56.2599566" lon="84.5116899"><ele>82.6</ele><time>1970-01-01T00:00:00.000Z</time></trkpt><trkpt lat="56.259886" lon="84.5116947"><ele>83.2</ele><time>1970-01-01T00:00:00.000Z</time></trkpt><trkpt lat="56.259809" lon="84.5116878"><ele>82.7</ele><time>1970-01-01T00:00:00.000Z</time></trkpt><trkpt lat="56.2597389" lon="84.5116909"><ele>81.9</ele><time>1970-01-01T00:00:00.000Z</time></trkpt><trkpt lat="56.2596582" lon="84.5116854"><ele>82.1</ele><time>1970-01-01T00:00:00.000Z</time></trkpt><trkpt lat="56.2595868" lon="84.5116724"><ele>80.6</ele><time>1970-01-01T00:00:00.000Z</time></trkpt><trkpt lat="56.2595067" lon="84.5116486"><ele>79.2</ele><time>1970-01-01T00:00:00.000Z</time></trkpt><trkpt lat="56.2594227" lon="84.5116213"><ele>80.1</ele><time>1970-01-01T00:00:00.000Z</time></trkpt><trkpt lat="56.2593596" lon="84.5116046"><ele>79.6</ele><time>1970-01-01T00:00:00.000Z</time></trkpt><trkpt lat="56.2592771" lon="84.5115747"><ele>79</ele><time>1970-01-01T00:00:00.000Z</time></trkpt><trkpt lat="56.2591973" lon="84.5115486"><ele>78.9</ele><time>1970-01-01T00:00:00.000Z</time></trkpt><trkpt lat="56.2591283" lon="84.5115249"><ele>78.9</ele><time>1970-01-01T00:00:00.000Z</time></trkpt><trkpt lat="56.2590561" lon="84.5115071"><ele>79.2</ele><time>1970-01-01T00:00:00.000Z</time></trkpt><trkpt lat="56.2589766" lon="84.5115003"><ele>81.2</ele><time>1970-01-01T00:00:00.000Z</time></trkpt><trkpt lat="56.2588917" lon="84.5115042"><ele>83.4</ele><time>1970-01-01T00:00:00.000Z</time></trkpt><trkpt lat="56.2588084" lon="84.5114946"><ele>85.1</ele><time>1970-01-01T00:00:00.000Z</time></trkpt><trkpt lat="56.2587388" lon="84.5114687"><ele>86.6</ele><time>1970-01-01T00:00:00.000Z</time></trkpt><trkpt lat="56.2586563" lon="84.5114522"><ele>88</ele><time>1970-01-01T00:00:00.000Z</time></trkpt><trkpt lat="56.2586113" lon="84.5114613"><ele>89.3</ele><time>1970-01-01T00:00:00.000Z</time></trkpt><trkpt lat="56.2585985" lon="84.5114751"><ele>89.2</ele><time>1970-01-01T00:00:00.000Z</time></trkpt><trkpt lat="56.2586067" lon="84.5115095"><ele>89.1</ele><time>1970-01-01T00:00:00.000Z</time></trkpt><trkpt lat="56.2586258" lon="84.511527"><ele>89.3</ele><time>1970-01-01T00:00:00.000Z</time></trkpt><trkpt lat="56.258579" lon="84.511455"><ele>87.9</ele><time>1970-01-01T00:00:00.000Z</time></trkpt><trkpt lat="56.2585527" lon="84.5114084"><ele>88</ele><time>1970-01-01T00:00:00.000Z</time></trkpt><trkpt lat="56.258505" lon="84.511353"><ele>88.4</ele><time>1970-01-01T00:00:00.000Z</time></trkpt><trkpt lat="56.2584361" lon="84.5113405"><ele>87.8</ele><time>1970-01-01T00:00:00.000Z</time></trkpt><trkpt lat="56.2583689" lon="84.511332"><ele>87.6</ele><time>1970-01-01T00:00:00.000Z</time></trkpt><trkpt lat="56.258284" lon="84.5112781"><ele>87.3</ele><time>1970-01-01T00:00:00.000Z</time></trkpt><trkpt lat="56.2582098" lon="84.5112535"><ele>86.6</ele><time>1970-01-01T00:00:00.000Z</time></trkpt><trkpt lat="56.2581518" lon="84.5112389"><ele>85.4</ele><time>1970-01-01T00:00:00.000Z</time></trkpt><trkpt lat="56.2581292" lon="84.5111981"><ele>84.1</ele><time>1970-01-01T00:00:00.000Z</time></trkpt><trkpt lat="56.2580765" lon="84.5111443"><ele>84.3</ele><time>1970-01-01T00:00:00.000Z</time></trkpt><trkpt lat="56.2580137" lon="84.5111216"><ele>86.3</ele><time>1970-01-01T00:00:00.000Z</time></trkpt><trkpt lat="56.2579357" lon="84.511089"><ele>85.7</ele><time>1970-01-01T00:00:00.000Z</time></trkpt><trkpt lat="56.2578615" lon="84.5110591"><ele>86</ele><time>1970-01-01T00:00:00.000Z</time></trkpt><trkpt lat="56.257777" lon="84.5110105"><ele>86</ele><time>1970-01-01T00:00:00.000Z</time></trkpt><trkpt lat="56.2577091" lon="84.5109718"><ele>85.2</ele><time>1970-01-01T00:00:00.000Z</time></trkpt><trkpt lat="56.2576433" lon="84.5109345"><ele>85.7</ele><time>1970-01-01T00:00:00.000Z</time></trkpt><trkpt lat="56.2575666" lon="84.5108894"><ele>86.3</ele><time>1970-01-01T00:00:00.000Z</time></trkpt><trkpt lat="56.257511" lon="84.5108536"><ele>86.5</ele><time>1970-01-01T00:00:00.000Z</time></trkpt><trkpt lat="56.2574354" lon="84.5108105"><ele>87.8</ele><time>1970-01-01T00:00:00.000Z</time></trkpt><trkpt lat="56.2573689" lon="84.5107669"><ele>89.4</ele><time>1970-01-01T00:00:00.000Z</time></trkpt><trkpt lat="56.2572991" lon="84.5107158"><ele>88.1</ele><time>1970-01-01T00:00:00.000Z</time></trkpt><trkpt lat="56.2572427" lon="84.5106747"><ele>88.4</ele><time>1970-01-01T00:00:00.000Z</time></trkpt><trkpt lat="56.2571841" lon="84.5106485"><ele>87.8</ele><time>1970-01-01T00:00:00.000Z</time></trkpt><trkpt lat="56.2571076" lon="84.5106458"><ele>87.5</ele><time>1970-01-01T00:00:00.000Z</time></trkpt><trkpt lat="56.2570456" lon="84.5106048"><ele>88.3</ele><time>1970-01-01T00:00:00.000Z</time></trkpt><trkpt lat="56.256982" lon="84.5105591"><ele>90.3</ele><time>1970-01-01T00:00:00.000Z</time></trkpt><trkpt lat="56.2569093" lon="84.5105323"><ele>92.8</ele><time>1970-01-01T00:00:00.000Z</time></trkpt><trkpt lat="56.2568461" lon="84.5105024"><ele>94.3</ele><time>1970-01-01T00:00:00.000Z</time></trkpt><trkpt lat="56.2567811" lon="84.5104665"><ele>95.3</ele><time>1970-01-01T00:00:00.000Z</time></trkpt><trkpt lat="56.2567114" lon="84.5104281"><ele>95.4</ele><time>1970-01-01T00:00:00.000Z</time></trkpt><trkpt lat="56.2566351" lon="84.5103783"><ele>96</ele><time>1970-01-01T00:00:00.000Z</time></trkpt><trkpt lat="56.2565747" lon="84.5103477"><ele>96.7</ele><time>1970-01-01T00:00:00.000Z</time></trkpt><trkpt lat="56.2565084" lon="84.5102807"><ele>92.7</ele><time>1970-01-01T00:00:00.000Z</time></trkpt><trkpt lat="56.2564521" lon="84.5102214"><ele>91.4</ele><time>1970-01-01T00:00:00.000Z</time></trkpt><trkpt lat="56.2563857" lon="84.5101798"><ele>94</ele><time>1970-01-01T00:00:00.000Z</time></trkpt><trkpt lat="56.256311" lon="84.5101398"><ele>91.3</ele><time>1970-01-01T00:00:00.000Z</time></trkpt><trkpt lat="56.2562522" lon="84.5101048"><ele>91.7</ele><time>1970-01-01T00:00:00.000Z</time></trkpt><trkpt lat="56.2561846" lon="84.5100727"><ele>92.1</ele><time>1970-01-01T00:00:00.000Z</time></trkpt><trkpt lat="56.2561244" lon="84.5100334"><ele>92</ele><time>1970-01-01T00:00:00.000Z</time></trkpt><trkpt lat="56.2560628" lon="84.5099874"><ele>92.7</ele><time>1970-01-01T00:00:00.000Z</time></trkpt><trkpt lat="56.2560008" lon="84.5099461"><ele>91.7</ele><time>1970-01-01T00:00:00.000Z</time></trkpt><trkpt lat="56.2559454" lon="84.5099101"><ele>91.5</ele><time>1970-01-01T00:00:00.000Z</time></trkpt><trkpt lat="56.2558809" lon="84.5098711"><ele>94.2</ele><time>1970-01-01T00:00:00.000Z</time></trkpt><trkpt lat="56.2557992" lon="84.5098318"><ele>91.7</ele><time>1970-01-01T00:00:00.000Z</time></trkpt><trkpt lat="56.2557105" lon="84.509771"><ele>91.7</ele><time>1970-01-01T00:00:00.000Z</time></trkpt><trkpt lat="56.2556499" lon="84.5097802"><ele>94.3</ele><time>1970-01-01T00:00:00.000Z</time></trkpt><trkpt lat="56.2556185" lon="84.5098002"><ele>93.8</ele><time>1970-01-01T00:00:00.000Z</time></trkpt><trkpt lat="56.2555526" lon="84.5097699"><ele>93</ele><time>1970-01-01T00:00:00.000Z</time></trkpt><trkpt lat="56.2554841" lon="84.50974"><ele>92.3</ele><time>1970-01-01T00:00:00.000Z</time></trkpt><trkpt lat="56.2554212" lon="84.5097279"><ele>93.8</ele><time>1970-01-01T00:00:00.000Z</time></trkpt><trkpt lat="56.2553569" lon="84.5097311"><ele>95.5</ele><time>1970-01-01T00:00:00.000Z</time></trkpt><trkpt lat="56.2553005" lon="84.5097301"><ele>93</ele><time>1970-01-01T00:00:00.000Z</time></trkpt><trkpt lat="56.255235" lon="84.5097298"><ele>92.3</ele><time>1970-01-01T00:00:00.000Z</time></trkpt><trkpt lat="56.2551573" lon="84.5097207"><ele>89.7</ele><time>1970-01-01T00:00:00.000Z</time></trkpt><trkpt lat="56.2550868" lon="84.509721"><ele>86.9</ele><time>1970-01-01T00:00:00.000Z</time></trkpt><trkpt lat="56.2550179" lon="84.5097375"><ele>86</ele><time>1970-01-01T00:00:00.000Z</time></trkpt><trkpt lat="56.2549512" lon="84.5097559"><ele>86.3</ele><time>1970-01-01T00:00:00.000Z</time></trkpt><trkpt lat="56.2548794" lon="84.5097729"><ele>86.8</ele><time>1970-01-01T00:00:00.000Z</time></trkpt><trkpt lat="56.2548024" lon="84.5097894"><ele>86.6</ele><time>1970-01-01T00:00:00.000Z</time></trkpt><trkpt lat="56.2547315" lon="84.5098248"><ele>86.3</ele><time>1970-01-01T00:00:00.000Z</time></trkpt><trkpt lat="56.254659" lon="84.5098588"><ele>86</ele><time>1970-01-01T00:00:00.000Z</time></trkpt><trkpt lat="56.2545998" lon="84.509892"><ele>86.7</ele><time>1970-01-01T00:00:00.000Z</time></trkpt><trkpt lat="56.2545276" lon="84.5099241"><ele>86.8</ele><time>1970-01-01T00:00:00.000Z</time></trkpt><trkpt lat="56.2544634" lon="84.5099745"><ele>87</ele><time>1970-01-01T00:00:00.000Z</time></trkpt><trkpt lat="56.2544036" lon="84.5100183"><ele>87</ele><time>1970-01-01T00:00:00.000Z</time></trkpt><trkpt lat="56.2543283" lon="84.5100514"><ele>86.7</ele><time>1970-01-01T00:00:00.000Z</time></trkpt><trkpt lat="56.2542429" lon="84.5100756"><ele>86.5</ele><time>1970-01-01T00:00:00.000Z</time></trkpt><trkpt lat="56.2541829" lon="84.5101078"><ele>84.8</ele><time>1970-01-01T00:00:00.000Z</time></trkpt><trkpt lat="56.2541124" lon="84.5101649"><ele>83.1</ele><time>1970-01-01T00:00:00.000Z</time></trkpt><trkpt lat="56.2540441" lon="84.5101993"><ele>83.1</ele><time>1970-01-01T00:00:00.000Z</time></trkpt><trkpt lat="56.2539741" lon="84.5102309"><ele>82.9</ele><time>1970-01-01T00:00:00.000Z</time></trkpt><trkpt lat="56.2538955" lon="84.5102532"><ele>82.1</ele><time>1970-01-01T00:00:00.000Z</time></trkpt><trkpt lat="56.2538277" lon="84.5102786"><ele>80.9</ele><time>1970-01-01T00:00:00.000Z</time></trkpt><trkpt lat="56.2537565" lon="84.51031"><ele>79.9</ele><time>1970-01-01T00:00:00.000Z</time></trkpt><trkpt lat="56.2536802" lon="84.5103473"><ele>81</ele><time>1970-01-01T00:00:00.000Z</time></trkpt><trkpt lat="56.2536171" lon="84.5103774"><ele>80.4</ele><time>1970-01-01T00:00:00.000Z</time></trkpt><trkpt lat="56.2535558" lon="84.5104065"><ele>80.7</ele><time>1970-01-01T00:00:00.000Z</time></trkpt><trkpt lat="56.253476" lon="84.5104279"><ele>79.5</ele><time>1970-01-01T00:00:00.000Z</time></trkpt><trkpt lat="56.2534091" lon="84.5104499"><ele>80.6</ele><time>1970-01-01T00:00:00.000Z</time></trkpt><trkpt lat="56.2533285" lon="84.5104834"><ele>81</ele><time>1970-01-01T00:00:00.000Z</time></trkpt><trkpt lat="56.2532547" lon="84.5105209"><ele>79.9</ele><time>1970-01-01T00:00:00.000Z</time></trkpt><trkpt lat="56.2531789" lon="84.5105701"><ele>80.4</ele><time>1970-01-01T00:00:00.000Z</time></trkpt><trkpt lat="56.2531011" lon="84.5106219"><ele>80.9</ele><time>1970-01-01T00:00:00.000Z</time></trkpt><trkpt lat="56.2530341" lon="84.5106541"><ele>81.4</ele><time>1970-01-01T00:00:00.000Z</time></trkpt><trkpt lat="56.2529579" lon="84.5106892"><ele>81.1</ele><time>1970-01-01T00:00:00.000Z</time></trkpt><trkpt lat="56.2528795" lon="84.5107237"><ele>82.2</ele><time>1970-01-01T00:00:00.000Z</time></trkpt><trkpt lat="56.2528077" lon="84.5107505"><ele>81.4</ele><time>1970-01-01T00:00:00.000Z</time></trkpt><trkpt lat="56.2527411" lon="84.5107744"><ele>81.6</ele><time>1970-01-01T00:00:00.000Z</time></trkpt><trkpt lat="56.2526667" lon="84.5108214"><ele>80.2</ele><time>1970-01-01T00:00:00.000Z</time></trkpt><trkpt lat="56.2525949" lon="84.5108596"><ele>80.7</ele><time>1970-01-01T00:00:00.000Z</time></trkpt><trkpt lat="56.2525271" lon="84.5108995"><ele>80.7</ele><time>1970-01-01T00:00:00.000Z</time></trkpt><trkpt lat="56.2524536" lon="84.5109468"><ele>80.8</ele><time>1970-01-01T00:00:00.000Z</time></trkpt><trkpt lat="56.2523895" lon="84.5109847"><ele>80.7</ele><time>1970-01-01T00:00:00.000Z</time></trkpt><trkpt lat="56.2523167" lon="84.5110341"><ele>81.3</ele><time>1970-01-01T00:00:00.000Z</time></trkpt><trkpt lat="56.2522473" lon="84.5110713"><ele>81.2</ele><time>1970-01-01T00:00:00.000Z</time></trkpt><trkpt lat="56.2521835" lon="84.5111038"><ele>82.8</ele><time>1970-01-01T00:00:00.000Z</time></trkpt><trkpt lat="56.2521008" lon="84.5111421"><ele>82</ele><time>1970-01-01T00:00:00.000Z</time></trkpt><trkpt lat="56.2520401" lon="84.5111675"><ele>81.5</ele><time>1970-01-01T00:00:00.000Z</time></trkpt><trkpt lat="56.2519852" lon="84.5112164"><ele>80.4</ele><time>1970-01-01T00:00:00.000Z</time></trkpt><trkpt lat="56.2519154" lon="84.5112555"><ele>81.2</ele><time>1970-01-01T00:00:00.000Z</time></trkpt><trkpt lat="56.2518326" lon="84.5112994"><ele>82.8</ele><time>1970-01-01T00:00:00.000Z</time></trkpt><trkpt lat="56.2517579" lon="84.511328"><ele>82.2</ele><time>1970-01-01T00:00:00.000Z</time></trkpt><trkpt lat="56.2516888" lon="84.511357"><ele>83.1</ele><time>1970-01-01T00:00:00.000Z</time></trkpt><trkpt lat="56.2516173" lon="84.5113974"><ele>82.8</ele><time>1970-01-01T00:00:00.000Z</time></trkpt><trkpt lat="56.251554" lon="84.5114498"><ele>83.4</ele><time>1970-01-01T00:00:00.000Z</time></trkpt><trkpt lat="56.2514898" lon="84.5114843"><ele>85.2</ele><time>1970-01-01T00:00:00.000Z</time></trkpt><trkpt lat="56.2514257" lon="84.5115176"><ele>85</ele><time>1970-01-01T00:00:00.000Z</time></trkpt><trkpt lat="56.2513616" lon="84.5115427"><ele>84.2</ele><time>1970-01-01T00:00:00.000Z</time></trkpt><trkpt lat="56.2512986" lon="84.5115652"><ele>85.4</ele><time>1970-01-01T00:00:00.000Z</time></trkpt><trkpt lat="56.2512323" lon="84.5115952"><ele>84.5</ele><time>1970-01-01T00:00:00.000Z</time></trkpt><trkpt lat="56.2511572" lon="84.5116207"><ele>84.6</ele><time>1970-01-01T00:00:00.000Z</time></trkpt><trkpt lat="56.2510853" lon="84.511648"><ele>83</ele><time>1970-01-01T00:00:00.000Z</time></trkpt><trkpt lat="56.2510223" lon="84.5116705"><ele>83.9</ele><time>1970-01-01T00:00:00.000Z</time></trkpt><trkpt lat="56.2509609" lon="84.5117015"><ele>83.5</ele><time>1970-01-01T00:00:00.000Z</time></trkpt><trkpt lat="56.2508956" lon="84.5117481"><ele>84.8</ele><time>1970-01-01T00:00:00.000Z</time></trkpt><trkpt lat="56.2508307" lon="84.5117849"><ele>85.1</ele><time>1970-01-01T00:00:00.000Z</time></trkpt><trkpt lat="56.2507594" lon="84.5118171"><ele>84</ele><time>1970-01-01T00:00:00.000Z</time></trkpt><trkpt lat="56.2506895" lon="84.5118458"><ele>83.2</ele><time>1970-01-01T00:00:00.000Z</time></trkpt><trkpt lat="56.2506235" lon="84.5118692"><ele>83.1</ele><time>1970-01-01T00:00:00.000Z</time></trkpt><trkpt lat="56.2505517" lon="84.5118979"><ele>81.8</ele><time>1970-01-01T00:00:00.000Z</time></trkpt><trkpt lat="56.250474" lon="84.5119403"><ele>80.9</ele><time>1970-01-01T00:00:00.000Z</time></trkpt><trkpt lat="56.2504145" lon="84.5119703"><ele>80.7</ele><time>1970-01-01T00:00:00.000Z</time></trkpt><trkpt lat="56.2503516" lon="84.5120001"><ele>81.1</ele><time>1970-01-01T00:00:00.000Z</time></trkpt><trkpt lat="56.2502839" lon="84.5120462"><ele>82.3</ele><time>1970-01-01T00:00:00.000Z</time></trkpt><trkpt lat="56.2502116" lon="84.512093"><ele>82.3</ele><time>1970-01-01T00:00:00.000Z</time></trkpt><trkpt lat="56.2501433" lon="84.5121273"><ele>82.3</ele><time>1970-01-01T00:00:00.000Z</time></trkpt><trkpt lat="56.2500766" lon="84.5121659"><ele>82.7</ele><time>1970-01-01T00:00:00.000Z</time></trkpt><trkpt lat="56.250005" lon="84.512221"><ele>83</ele><time>1970-01-01T00:00:00.000Z</time></trkpt><trkpt lat="56.2499393" lon="84.5122795"><ele>82</ele><time>1970-01-01T00:00:00.000Z</time></trkpt><trkpt lat="56.249877" lon="84.5123367"><ele>82.2</ele><time>1970-01-01T00:00:00.000Z</time></trkpt><trkpt lat="56.2498227" lon="84.5123847"><ele>82.3</ele><time>1970-01-01T00:00:00.000Z</time></trkpt><trkpt lat="56.2497653" lon="84.5124358"><ele>83.2</ele><time>1970-01-01T00:00:00.000Z</time></trkpt><trkpt lat="56.2496944" lon="84.5124883"><ele>82.6</ele><time>1970-01-01T00:00:00.000Z</time></trkpt><trkpt lat="56.2496406" lon="84.5125437"><ele>81.6</ele><time>1970-01-01T00:00:00.000Z</time></trkpt><trkpt lat="56.249583" lon="84.5126097"><ele>80.6</ele><time>1970-01-01T00:00:00.000Z</time></trkpt><trkpt lat="56.2495239" lon="84.5126876"><ele>81</ele><time>1970-01-01T00:00:00.000Z</time></trkpt><trkpt lat="56.2494658" lon="84.512759"><ele>80.5</ele><time>1970-01-01T00:00:00.000Z</time></trkpt><trkpt lat="56.2493998" lon="84.5128186"><ele>80</ele><time>1970-01-01T00:00:00.000Z</time></trkpt><trkpt lat="56.2493331" lon="84.5128848"><ele>79.6</ele><time>1970-01-01T00:00:00.000Z</time></trkpt><trkpt lat="56.2492768" lon="84.5129339"><ele>81.1</ele><time>1970-01-01T00:00:00.000Z</time></trkpt><trkpt lat="56.2492128" lon="84.5130061"><ele>80.7</ele><time>1970-01-01T00:00:00.000Z</time></trkpt><trkpt lat="56.2491433" lon="84.5130846"><ele>80.6</ele><time>1970-01-01T00:00:00.000Z</time></trkpt><trkpt lat="56.2490838" lon="84.5131413"><ele>80.5</ele><time>1970-01-01T00:00:00.000Z</time></trkpt><trkpt lat="56.2490166" lon="84.5131876"><ele>81.8</ele><time>1970-01-01T00:00:00.000Z</time></trkpt><trkpt lat="56.2489562" lon="84.51323"><ele>80.3</ele><time>1970-01-01T00:00:00.000Z</time></trkpt><trkpt lat="56.2488898" lon="84.5133012"><ele>79.4</ele><time>1970-01-01T00:00:00.000Z</time></trkpt><trkpt lat="56.2488217" lon="84.5133885"><ele>79.7</ele><time>1970-01-01T00:00:00.000Z</time></trkpt><trkpt lat="56.2487518" lon="84.5134635"><ele>79.9</ele><time>1970-01-01T00:00:00.000Z</time></trkpt><trkpt lat="56.2487137" lon="84.5135536"><ele>80.1</ele><time>1970-01-01T00:00:00.000Z</time></trkpt><trkpt lat="56.2486572" lon="84.513615"><ele>80.9</ele><time>1970-01-01T00:00:00.000Z</time></trkpt><trkpt lat="56.2485927" lon="84.5136842"><ele>83.4</ele><time>1970-01-01T00:00:00.000Z</time></trkpt><trkpt lat="56.2485283" lon="84.5137225"><ele>81.5</ele><time>1970-01-01T00:00:00.000Z</time></trkpt><trkpt lat="56.2484628" lon="84.5137514"><ele>80.7</ele><time>1970-01-01T00:00:00.000Z</time></trkpt><trkpt lat="56.2483999" lon="84.5138049"><ele>82.3</ele><time>1970-01-01T00:00:00.000Z</time></trkpt><trkpt lat="56.2483361" lon="84.5138712"><ele>81.4</ele><time>1970-01-01T00:00:00.000Z</time></trkpt><trkpt lat="56.2482754" lon="84.513943"><ele>81</ele><time>1970-01-01T00:00:00.000Z</time></trkpt><trkpt lat="56.2482064" lon="84.5140023"><ele>80.7</ele><time>1970-01-01T00:00:00.000Z</time></trkpt><trkpt lat="56.2481457" lon="84.5140537"><ele>80.8</ele><time>1970-01-01T00:00:00.000Z</time></trkpt><trkpt lat="56.2480785" lon="84.514109"><ele>80.1</ele><time>1970-01-01T00:00:00.000Z</time></trkpt><trkpt lat="56.2480151" lon="84.5141718"><ele>78.8</ele><time>1970-01-01T00:00:00.000Z</time></trkpt><trkpt lat="56.2479598" lon="84.5142332"><ele>81.1</ele><time>1970-01-01T00:00:00.000Z</time></trkpt><trkpt lat="56.2478958" lon="84.5142859"><ele>83.3</ele><time>1970-01-01T00:00:00.000Z</time></trkpt><trkpt lat="56.2478863" lon="84.5143441"><ele>78.5</ele><time>1970-01-01T00:00:00.000Z</time></trkpt><trkpt lat="56.2478331" lon="84.5143693"><ele>77.5</ele><time>1970-01-01T00:00:00.000Z</time></trkpt><trkpt lat="56.2477709" lon="84.5144172"><ele>76.6</ele><time>1970-01-01T00:00:00.000Z</time></trkpt><trkpt lat="56.2477023" lon="84.5144906"><ele>75.6</ele><time>1970-01-01T00:00:00.000Z</time></trkpt><trkpt lat="56.247629" lon="84.5145482"><ele>75.9</ele><time>1970-01-01T00:00:00.000Z</time></trkpt><trkpt lat="56.2475627" lon="84.5145868"><ele>77</ele><time>1970-01-01T00:00:00.000Z</time></trkpt><trkpt lat="56.2475084" lon="84.5146409"><ele>78.3</ele><time>1970-01-01T00:00:00.000Z</time></trkpt><trkpt lat="56.2474584" lon="84.5147021"><ele>78.6</ele><time>1970-01-01T00:00:00.000Z</time></trkpt><trkpt lat="56.2473986" lon="84.5147855"><ele>79.2</ele><time>1970-01-01T00:00:00.000Z</time></trkpt><trkpt lat="56.2473331" lon="84.5148375"><ele>81.2</ele><time>1970-01-01T00:00:00.000Z</time></trkpt><trkpt lat="56.2472665" lon="84.5148924"><ele>80.6</ele><time>1970-01-01T00:00:00.000Z</time></trkpt><trkpt lat="56.2472039" lon="84.5149613"><ele>80</ele><time>1970-01-01T00:00:00.000Z</time></trkpt><trkpt lat="56.2471686" lon="84.5150505"><ele>80.6</ele><time>1970-01-01T00:00:00.000Z</time></trkpt><trkpt lat="56.247141" lon="84.5151323"><ele>80.9</ele><time>1970-01-01T00:00:00.000Z</time></trkpt><trkpt lat="56.2470777" lon="84.5151673"><ele>79.8</ele><time>1970-01-01T00:00:00.000Z</time></trkpt><trkpt lat="56.247026" lon="84.5151837"><ele>79.6</ele><time>1970-01-01T00:00:00.000Z</time></trkpt><trkpt lat="56.2469845" lon="84.5152475"><ele>82.1</ele><time>1970-01-01T00:00:00.000Z</time></trkpt><trkpt lat="56.2469262" lon="84.5152879"><ele>81.9</ele><time>1970-01-01T00:00:00.000Z</time></trkpt><trkpt lat="56.246909" lon="84.5153174"><ele>80.9</ele><time>1970-01-01T00:00:00.000Z</time></trkpt><trkpt lat="56.2468486" lon="84.5153253"><ele>80.1</ele><time>1970-01-01T00:00:00.000Z</time></trkpt><trkpt lat="56.2467907" lon="84.5153057"><ele>77.8</ele><time>1970-01-01T00:00:00.000Z</time></trkpt><trkpt lat="56.2467451" lon="84.5152669"><ele>79.6</ele><time>1970-01-01T00:00:00.000Z</time></trkpt><trkpt lat="56.2466851" lon="84.5152573"><ele>76.7</ele><time>1970-01-01T00:00:00.000Z</time></trkpt><trkpt lat="56.2466493" lon="84.5152854"><ele>73.5</ele><time>1970-01-01T00:00:00.000Z</time></trkpt><trkpt lat="56.2466087" lon="84.5153313"><ele>71.1</ele><time>1970-01-01T00:00:00.000Z</time></trkpt><trkpt lat="56.2465674" lon="84.5153945"><ele>71.4</ele><time>1970-01-01T00:00:00.000Z</time></trkpt><trkpt lat="56.2465197" lon="84.515414"><ele>68.5</ele><time>1970-01-01T00:00:00.000Z</time></trkpt><trkpt lat="56.2464515" lon="84.5154606"><ele>66.2</ele><time>1970-01-01T00:00:00.000Z</time></trkpt><trkpt lat="56.2463981" lon="84.5155202"><ele>63.8</ele><time>1970-01-01T00:00:00.000Z</time></trkpt><trkpt lat="56.2463418" lon="84.5156056"><ele>64.2</ele><time>1970-01-01T00:00:00.000Z</time></trkpt><trkpt lat="56.2462796" lon="84.5156685"><ele>64.9</ele><time>1970-01-01T00:00:00.000Z</time></trkpt><trkpt lat="56.2462239" lon="84.5157421"><ele>65.7</ele><time>1970-01-01T00:00:00.000Z</time></trkpt><trkpt lat="56.2461661" lon="84.5157659"><ele>64.9</ele><time>1970-01-01T00:00:00.000Z</time></trkpt><trkpt lat="56.24612" lon="84.5158276"><ele>64.3</ele><time>1970-01-01T00:00:00.000Z</time></trkpt><trkpt lat="56.2460716" lon="84.5159008"><ele>64.1</ele><time>1970-01-01T00:00:00.000Z</time></trkpt><trkpt lat="56.2460169" lon="84.5159427"><ele>65.2</ele><time>1970-01-01T00:00:00.000Z</time></trkpt><trkpt lat="56.2459959" lon="84.5159594"><ele>64.6</ele><time>1970-01-01T00:00:00.000Z</time></trkpt><trkpt lat="56.2459835" lon="84.515973"><ele>65.2</ele><time>1970-01-01T00:00:00.000Z</time></trkpt><trkpt lat="56.2459831" lon="84.5159858"><ele>65.8</ele><time>1970-01-01T00:00:00.000Z</time></trkpt><trkpt lat="56.2459809" lon="84.515999"><ele>65.9</ele><time>1970-01-01T00:00:00.000Z</time></trkpt><trkpt lat="56.2459795" lon="84.5160052"><ele>66</ele><time>1970-01-01T00:00:00.000Z</time></trkpt><trkpt lat="56.2459666" lon="84.5160235"><ele>67.3</ele><time>1970-01-01T00:00:00.000Z</time></trkpt><trkpt lat="56.2459528" lon="84.5160626"><ele>67.4</ele><time>1970-01-01T00:00:00.000Z</time></trkpt><trkpt lat="56.2459089" lon="84.5161178"><ele>68.3</ele><time>1970-01-01T00:00:00.000Z</time></trkpt><trkpt lat="56.2458745" lon="84.5161466"><ele>69.9</ele><time>1970-01-01T00:00:00.000Z</time></trkpt><trkpt lat="56.245868" lon="84.5161786"><ele>71.7</ele><time>1970-01-01T00:00:00.000Z</time></trkpt><trkpt lat="56.2458689" lon="84.5161709"><ele>73.6</ele><time>1970-01-01T00:00:00.000Z</time></trkpt><trkpt lat="56.245868" lon="84.5161818"><ele>73.6</ele><time>1970-01-01T00:00:00.000Z</time></trkpt><trkpt lat="56.2458675" lon="84.5161826"><ele>73.7</ele><time>1970-01-01T00:00:00.000Z</time></trkpt><trkpt lat="56.2458806" lon="84.5162056"><ele>75.5</ele><time>1970-01-01T00:00:00.000Z</time></trkpt><trkpt lat="56.2458894" lon="84.5162304"><ele>75.3</ele><time>1970-01-01T00:00:00.000Z</time></trkpt><trkpt lat="56.2458891" lon="84.5162307"><ele>75.3</ele><time>1970-01-01T00:00:00.000Z</time></trkpt><trkpt lat="56.2458844" lon="84.5162405"><ele>75.4</ele><time>1970-01-01T00:00:00.000Z</time></trkpt><trkpt lat="56.2458715" lon="84.5162427"><ele>75.9</ele><time>1970-01-01T00:00:00.000Z</time></trkpt><trkpt lat="56.2458695" lon="84.5162699"><ele>76.1</ele><time>1970-01-01T00:00:00.000Z</time></trkpt><trkpt lat="56.2458651" lon="84.5162795"><ele>76.5</ele><time>1970-01-01T00:00:00.000Z</time></trkpt><trkpt lat="56.2458661" lon="84.516278"><ele>76.5</ele><time>1970-01-01T00:00:00.000Z</time></trkpt><trkpt lat="56.2458648" lon="84.5162816"><ele>76.8</ele><time>1970-01-01T00:00:00.000Z</time></trkpt><trkpt lat="56.2458503" lon="84.5163252"><ele>78.5</ele><time>1970-01-01T00:00:00.000Z</time></trkpt><trkpt lat="56.2458495" lon="84.5163187"><ele>78.5</ele><time>1970-01-01T00:00:00.000Z</time></trkpt><trkpt lat="56.2458493" lon="84.5163183"><ele>78.5</ele><time>1970-01-01T00:00:00.000Z</time></trkpt><trkpt lat="56.2458495" lon="84.5163179"><ele>78.5</ele><time>1970-01-01T00:00:00.000Z</time></trkpt><trkpt lat="56.2458497" lon="84.5163185"><ele>78.5</ele><time>1970-01-01T00:00:00.000Z</time></trkpt><trkpt lat="56.2458494" lon="84.5163237"><ele>78.4</ele><time>1970-01-01T00:00:00.000Z</time></trkpt><trkpt lat="56.245844" lon="84.5163195"><ele>78.4</ele><time>1970-01-01T00:00:00.000Z</time></trkpt><trkpt lat="56.2458452" lon="84.5163093"><ele>78.7</ele><time>1970-01-01T00:00:00.000Z</time></trkpt><trkpt lat="56.2458457" lon="84.5163095"><ele>78.7</ele><time>1970-01-01T00:00:00.000Z</time></trkpt><trkpt lat="56.245846" lon="84.5163176"><ele>78.7</ele><time>1970-01-01T00:00:00.000Z</time></trkpt><trkpt lat="56.2458478" lon="84.5163144"><ele>78.2</ele><time>1970-01-01T00:00:00.000Z</time></trkpt><trkpt lat="56.2458578" lon="84.5163265"><ele>78.2</ele><time>1970-01-01T00:00:00.000Z</time></trkpt><trkpt lat="56.2458625" lon="84.5163342"><ele>78.2</ele><time>1970-01-01T00:00:00.000Z</time></trkpt><trkpt lat="56.245866" lon="84.5163338"><ele>78.2</ele><time>1970-01-01T00:00:00.000Z</time></trkpt><trkpt lat="56.2458609" lon="84.5163353"><ele>78.3</ele><time>1970-01-01T00:00:00.000Z</time></trkpt><trkpt lat="56.2458599" lon="84.5163351"><ele>78.4</ele><time>1970-01-01T00:00:00.000Z</time></trkpt><trkpt lat="56.2458599" lon="84.5163339"><ele>78.4</ele><time>1970-01-01T00:00:00.000Z</time></trkpt><trkpt lat="56.2458598" lon="84.516333"><ele>78.4</ele><time>1970-01-01T00:00:00.000Z</time></trkpt><trkpt lat="56.2458597" lon="84.5163324"><ele>78.4</ele><time>1970-01-01T00:00:00.000Z</time></trkpt><trkpt lat="56.2458603" lon="84.5163278"><ele>78.4</ele><time>1970-01-01T00:00:00.000Z</time></trkpt><trkpt lat="56.2458606" lon="84.5163246"><ele>78.4</ele><time>1970-01-01T00:00:00.000Z</time></trkpt><trkpt lat="56.2458607" lon="84.5163237"><ele>78.4</ele><time>1970-01-01T00:00:00.000Z</time></trkpt><trkpt lat="56.2458631" lon="84.5163175"><ele>78.5</ele><time>1970-01-01T00:00:00.000Z</time></trkpt><trkpt lat="56.2458628" lon="84.5163186"><ele>78.8</ele><time>1970-01-01T00:00:00.000Z</time></trkpt><trkpt lat="56.2458624" lon="84.5163196"><ele>78.8</ele><time>1970-01-01T00:00:00.000Z</time></trkpt><trkpt lat="56.2458622" lon="84.5163207"><ele>78.8</ele><time>1970-01-01T00:00:00.000Z</time></trkpt><trkpt lat="56.2458619" lon="84.5163223"><ele>78.8</ele><time>1970-01-01T00:00:00.000Z</time></trkpt><trkpt lat="56.2458619" lon="84.5163231"><ele>78.8</ele><time>1970-01-01T00:00:00.000Z</time></trkpt><trkpt lat="56.2458618" lon="84.5163238"><ele>78.8</ele><time>1970-01-01T00:00:00.000Z</time></trkpt><trkpt lat="56.2458614" lon="84.5163239"><ele>78.8</ele><time>1970-01-01T00:00:00.000Z</time></trkpt><trkpt lat="56.2458612" lon="84.5163278"><ele>78.5</ele><time>1970-01-01T00:00:00.000Z</time></trkpt><trkpt lat="56.2458608" lon="84.5163285"><ele>78.5</ele><time>1970-01-01T00:00:00.000Z</time></trkpt><trkpt lat="56.2458604" lon="84.5163291"><ele>78.6</ele><time>1970-01-01T00:00:00.000Z</time></trkpt><trkpt lat="56.2458594" lon="84.5163286"><ele>78.6</ele><time>1970-01-01T00:00:00.000Z</time></trkpt><trkpt lat="56.2458578" lon="84.5163283"><ele>78.9</ele><time>1970-01-01T00:00:00.000Z</time></trkpt><trkpt lat="56.2458576" lon="84.5163286"><ele>78.8</ele><time>1970-01-01T00:00:00.000Z</time></trkpt><trkpt lat="56.2458577" lon="84.5163298"><ele>78.8</ele><time>1970-01-01T00:00:00.000Z</time></trkpt><trkpt lat="56.2458569" lon="84.51633"><ele>78.4</ele><time>1970-01-01T00:00:00.000Z</time></trkpt><trkpt lat="56.2458564" lon="84.5163314"><ele>78.4</ele><time>1970-01-01T00:00:00.000Z</time></trkpt><trkpt lat="56.2458562" lon="84.516332"><ele>78.4</ele><time>1970-01-01T00:00:00.000Z</time></trkpt><trkpt lat="56.2458559" lon="84.5163326"><ele>78.4</ele><time>1970-01-01T00:00:00.000Z</time></trkpt><trkpt lat="56.2458554" lon="84.5163336"><ele>78.4</ele><time>1970-01-01T00:00:00.000Z</time></trkpt><trkpt lat="56.245855" lon="84.5163345"><ele>78.5</ele><time>1970-01-01T00:00:00.000Z</time></trkpt><trkpt lat="56.2458543" lon="84.5163345"><ele>78.5</ele><time>1970-01-01T00:00:00.000Z</time></trkpt><trkpt lat="56.2458562" lon="84.5163371"><ele>78.9</ele><time>1970-01-01T00:00:00.000Z</time></trkpt><trkpt lat="56.2458549" lon="84.5163347"><ele>78.9</ele><time>1970-01-01T00:00:00.000Z</time></trkpt><trkpt lat="56.245854" lon="84.5163348"><ele>78.9</ele><time>1970-01-01T00:00:00.000Z</time></trkpt><trkpt lat="56.2458522" lon="84.5163292"><ele>78.7</ele><time>1970-01-01T00:00:00.000Z</time></trkpt><trkpt lat="56.2458526" lon="84.5163308"><ele>78.7</ele><time>1970-01-01T00:00:00.000Z</time></trkpt><trkpt lat="56.2458523" lon="84.516336"><ele>78.9</ele><time>1970-01-01T00:00:00.000Z</time></trkpt><trkpt lat="56.2458421" lon="84.5163607"><ele>78.9</ele><time>1970-01-01T00:00:00.000Z</time></trkpt><trkpt lat="56.2458167" lon="84.5164414"><ele>78</ele><time>1970-01-01T00:00:00.000Z</time></trkpt><trkpt lat="56.245778" lon="84.5165082"><ele>77.1</ele><time>1970-01-01T00:00:00.000Z</time></trkpt><trkpt lat="56.2457406" lon="84.5165202"><ele>75.9</ele><time>1970-01-01T00:00:00.000Z</time></trkpt><trkpt lat="56.2456893" lon="84.5165448"><ele>76.4</ele><time>1970-01-01T00:00:00.000Z</time></trkpt><trkpt lat="56.245625" lon="84.5165666"><ele>75.6</ele><time>1970-01-01T00:00:00.000Z</time></trkpt><trkpt lat="56.2455653" lon="84.5166187"><ele>75.9</ele><time>1970-01-01T00:00:00.000Z</time></trkpt><trkpt lat="56.2455112" lon="84.5166635"><ele>75.2</ele><time>1970-01-01T00:00:00.000Z</time></trkpt><trkpt lat="56.2454595" lon="84.5167111"><ele>73.7</ele><time>1970-01-01T00:00:00.000Z</time></trkpt><trkpt lat="56.2454057" lon="84.5167603"><ele>74.5</ele><time>1970-01-01T00:00:00.000Z</time></trkpt><trkpt lat="56.2453432" lon="84.516821"><ele>73.2</ele><time>1970-01-01T00:00:00.000Z</time></trkpt><trkpt lat="56.2452953" lon="84.5168747"><ele>73.5</ele><time>1970-01-01T00:00:00.000Z</time></trkpt><trkpt lat="56.2452484" lon="84.5169259"><ele>73.1</ele><time>1970-01-01T00:00:00.000Z</time></trkpt><trkpt lat="56.2451995" lon="84.5169751"><ele>73.1</ele><time>1970-01-01T00:00:00.000Z</time></trkpt><trkpt lat="56.2451481" lon="84.517019"><ele>72.1</ele><time>1970-01-01T00:00:00.000Z</time></trkpt><trkpt lat="56.2451144" lon="84.5170452"><ele>70.9</ele><time>1970-01-01T00:00:00.000Z</time></trkpt><trkpt lat="56.2450907" lon="84.517063"><ele>68.7</ele><time>1970-01-01T00:00:00.000Z</time></trkpt><trkpt lat="56.2450361" lon="84.5171138"><ele>68.1</ele><time>1970-01-01T00:00:00.000Z</time></trkpt><trkpt lat="56.2449604" lon="84.5171829"><ele>67.5</ele><time>1970-01-01T00:00:00.000Z</time></trkpt><trkpt lat="56.244899" lon="84.5172376"><ele>69.5</ele><time>1970-01-01T00:00:00.000Z</time></trkpt><trkpt lat="56.2448248" lon="84.517298"><ele>69.3</ele><time>1970-01-01T00:00:00.000Z</time></trkpt><trkpt lat="56.2447617" lon="84.5173718"><ele>71.8</ele><time>1970-01-01T00:00:00.000Z</time></trkpt><trkpt lat="56.2446956" lon="84.5174321"><ele>71.6</ele><time>1970-01-01T00:00:00.000Z</time></trkpt><trkpt lat="56.2446375" lon="84.5174989"><ele>72</ele><time>1970-01-01T00:00:00.000Z</time></trkpt><trkpt lat="56.2445655" lon="84.517572"><ele>71.8</ele><time>1970-01-01T00:00:00.000Z</time></trkpt><trkpt lat="56.2445028" lon="84.5176264"><ele>72.6</ele><time>1970-01-01T00:00:00.000Z</time></trkpt><trkpt lat="56.2444392" lon="84.5176939"><ele>72.2</ele><time>1970-01-01T00:00:00.000Z</time></trkpt><trkpt lat="56.2443834" lon="84.5177547"><ele>72.1</ele><time>1970-01-01T00:00:00.000Z</time></trkpt><trkpt lat="56.244329" lon="84.5178024"><ele>72.6</ele><time>1970-01-01T00:00:00.000Z</time></trkpt><trkpt lat="56.2442613" lon="84.5178618"><ele>72.3</ele><time>1970-01-01T00:00:00.000Z</time></trkpt><trkpt lat="56.2442043" lon="84.5179117"><ele>71.1</ele><time>1970-01-01T00:00:00.000Z</time></trkpt><trkpt lat="56.2441443" lon="84.5179773"><ele>71.9</ele><time>1970-01-01T00:00:00.000Z</time></trkpt><trkpt lat="56.2440835" lon="84.5180393"><ele>72.1</ele><time>1970-01-01T00:00:00.000Z</time></trkpt><trkpt lat="56.2440413" lon="84.5180498"><ele>72.6</ele><time>1970-01-01T00:00:00.000Z</time></trkpt><trkpt lat="56.2439778" lon="84.5181192"><ele>72.3</ele><time>1970-01-01T00:00:00.000Z</time></trkpt><trkpt lat="56.2439254" lon="84.5182103"><ele>72.4</ele><time>1970-01-01T00:00:00.000Z</time></trkpt><trkpt lat="56.2438752" lon="84.5182894"><ele>72.1</ele><time>1970-01-01T00:00:00.000Z</time></trkpt><trkpt lat="56.2438149" lon="84.5183642"><ele>72.6</ele><time>1970-01-01T00:00:00.000Z</time></trkpt><trkpt lat="56.2437554" lon="84.5184223"><ele>73.5</ele><time>1970-01-01T00:00:00.000Z</time></trkpt><trkpt lat="56.2436954" lon="84.5184892"><ele>73.7</ele><time>1970-01-01T00:00:00.000Z</time></trkpt><trkpt lat="56.2436448" lon="84.518545"><ele>75.1</ele><time>1970-01-01T00:00:00.000Z</time></trkpt><trkpt lat="56.2435877" lon="84.5185974"><ele>75.2</ele><time>1970-01-01T00:00:00.000Z</time></trkpt><trkpt lat="56.243529" lon="84.5186562"><ele>74.7</ele><time>1970-01-01T00:00:00.000Z</time></trkpt><trkpt lat="56.2434567" lon="84.5187105"><ele>75.2</ele><time>1970-01-01T00:00:00.000Z</time></trkpt><trkpt lat="56.2433912" lon="84.5187681"><ele>74.5</ele><time>1970-01-01T00:00:00.000Z</time></trkpt><trkpt lat="56.2433322" lon="84.5188336"><ele>75.6</ele><time>1970-01-01T00:00:00.000Z</time></trkpt><trkpt lat="56.2432688" lon="84.518904"><ele>76.6</ele><time>1970-01-01T00:00:00.000Z</time></trkpt><trkpt lat="56.2432151" lon="84.5189657"><ele>76.8</ele><time>1970-01-01T00:00:00.000Z</time></trkpt><trkpt lat="56.2431714" lon="84.5190265"><ele>77</ele><time>1970-01-01T00:00:00.000Z</time></trkpt><trkpt lat="56.2431071" lon="84.5191029"><ele>77.2</ele><time>1970-01-01T00:00:00.000Z</time></trkpt><trkpt lat="56.2430433" lon="84.519152"><ele>75</ele><time>1970-01-01T00:00:00.000Z</time></trkpt><trkpt lat="56.2429899" lon="84.5192026"><ele>73.3</ele><time>1970-01-01T00:00:00.000Z</time></trkpt><trkpt lat="56.2429288" lon="84.5192632"><ele>73.5</ele><time>1970-01-01T00:00:00.000Z</time></trkpt><trkpt lat="56.242865" lon="84.519319"><ele>73.8</ele><time>1970-01-01T00:00:00.000Z</time></trkpt><trkpt lat="56.2428058" lon="84.5193662"><ele>74.3</ele><time>1970-01-01T00:00:00.000Z</time></trkpt><trkpt lat="56.2427476" lon="84.5194237"><ele>74</ele><time>1970-01-01T00:00:00.000Z</time></trkpt><trkpt lat="56.2426885" lon="84.5194904"><ele>74.3</ele><time>1970-01-01T00:00:00.000Z</time></trkpt><trkpt lat="56.2426302" lon="84.5195603"><ele>74.6</ele><time>1970-01-01T00:00:00.000Z</time></trkpt><trkpt lat="56.2425728" lon="84.5196177"><ele>75.2</ele><time>1970-01-01T00:00:00.000Z</time></trkpt><trkpt lat="56.2425105" lon="84.5196684"><ele>75.2</ele><time>1970-01-01T00:00:00.000Z</time></trkpt><trkpt lat="56.242442" lon="84.5197269"><ele>73.7</ele><time>1970-01-01T00:00:00.000Z</time></trkpt><trkpt lat="56.2423747" lon="84.5197707"><ele>71.9</ele><time>1970-01-01T00:00:00.000Z</time></trkpt><trkpt lat="56.2423225" lon="84.5198284"><ele>72.6</ele><time>1970-01-01T00:00:00.000Z</time></trkpt><trkpt lat="56.2422654" lon="84.5198882"><ele>72.3</ele><time>1970-01-01T00:00:00.000Z</time></trkpt><trkpt lat="56.2422014" lon="84.5199459"><ele>70.5</ele><time>1970-01-01T00:00:00.000Z</time></trkpt><trkpt lat="56.2421428" lon="84.519999"><ele>70.2</ele><time>1970-01-01T00:00:00.000Z</time></trkpt><trkpt lat="56.242083" lon="84.520071"><ele>69.9</ele><time>1970-01-01T00:00:00.000Z</time></trkpt><trkpt lat="56.2420195" lon="84.5201536"><ele>71.7</ele><time>1970-01-01T00:00:00.000Z</time></trkpt><trkpt lat="56.2419623" lon="84.5202158"><ele>71.7</ele><time>1970-01-01T00:00:00.000Z</time></trkpt><trkpt lat="56.24191" lon="84.5202675"><ele>73.3</ele><time>1970-01-01T00:00:00.000Z</time></trkpt><trkpt lat="56.2418384" lon="84.5203413"><ele>74.1</ele><time>1970-01-01T00:00:00.000Z</time></trkpt><trkpt lat="56.2417737" lon="84.5204029"><ele>74</ele><time>1970-01-01T00:00:00.000Z</time></trkpt><trkpt lat="56.2417056" lon="84.520468"><ele>72.6</ele><time>1970-01-01T00:00:00.000Z</time></trkpt><trkpt lat="56.2416484" lon="84.5205264"><ele>75.9</ele><time>1970-01-01T00:00:00.000Z</time></trkpt><trkpt lat="56.2415952" lon="84.5205822"><ele>75.3</ele><time>1970-01-01T00:00:00.000Z</time></trkpt><trkpt lat="56.2415405" lon="84.5206404"><ele>76.1</ele><time>1970-01-01T00:00:00.000Z</time></trkpt><trkpt lat="56.2414703" lon="84.5206963"><ele>75.4</ele><time>1970-01-01T00:00:00.000Z</time></trkpt><trkpt lat="56.2414046" lon="84.5207489"><ele>75.5</ele><time>1970-01-01T00:00:00.000Z</time></trkpt><trkpt lat="56.2413453" lon="84.5208018"><ele>75.5</ele><time>1970-01-01T00:00:00.000Z</time></trkpt><trkpt lat="56.2412872" lon="84.5208616"><ele>77.3</ele><time>1970-01-01T00:00:00.000Z</time></trkpt><trkpt lat="56.2412275" lon="84.5209514"><ele>79.7</ele><time>1970-01-01T00:00:00.000Z</time></trkpt><trkpt lat="56.2411789" lon="84.5210195"><ele>80.6</ele><time>1970-01-01T00:00:00.000Z</time></trkpt><trkpt lat="56.2411288" lon="84.521076"><ele>79.2</ele><time>1970-01-01T00:00:00.000Z</time></trkpt><trkpt lat="56.2410853" lon="84.521125"><ele>79.8</ele><time>1970-01-01T00:00:00.000Z</time></trkpt><trkpt lat="56.2410268" lon="84.5211826"><ele>79.3</ele><time>1970-01-01T00:00:00.000Z</time></trkpt><trkpt lat="56.2409606" lon="84.5212373"><ele>78.6</ele><time>1970-01-01T00:00:00.000Z</time></trkpt><trkpt lat="56.2409063" lon="84.5212869"><ele>79.2</ele><time>1970-01-01T00:00:00.000Z</time></trkpt><trkpt lat="56.2408429" lon="84.5213468"><ele>79.8</ele><time>1970-01-01T00:00:00.000Z</time></trkpt><trkpt lat="56.2407887" lon="84.5213937"><ele>81.3</ele><time>1970-01-01T00:00:00.000Z</time></trkpt><trkpt lat="56.2407316" lon="84.5214571"><ele>80.3</ele><time>1970-01-01T00:00:00.000Z</time></trkpt><trkpt lat="56.2406793" lon="84.5215111"><ele>79.4</ele><time>1970-01-01T00:00:00.000Z</time></trkpt><trkpt lat="56.2406152" lon="84.5215824"><ele>80</ele><time>1970-01-01T00:00:00.000Z</time></trkpt><trkpt lat="56.2405563" lon="84.5216401"><ele>80</ele><time>1970-01-01T00:00:00.000Z</time></trkpt><trkpt lat="56.2405014" lon="84.5216813"><ele>80.3</ele><time>1970-01-01T00:00:00.000Z</time></trkpt><trkpt lat="56.2404527" lon="84.5217212"><ele>80.1</ele><time>1970-01-01T00:00:00.000Z</time></trkpt><trkpt lat="56.2403975" lon="84.5217739"><ele>81</ele><time>1970-01-01T00:00:00.000Z</time></trkpt><trkpt lat="56.2403469" lon="84.5218436"><ele>80.9</ele><time>1970-01-01T00:00:00.000Z</time></trkpt><trkpt lat="56.2402927" lon="84.5219108"><ele>80</ele><time>1970-01-01T00:00:00.000Z</time></trkpt><trkpt lat="56.240231" lon="84.5219724"><ele>81.7</ele><time>1970-01-01T00:00:00.000Z</time></trkpt><trkpt lat="56.2401759" lon="84.5220421"><ele>81.7</ele><time>1970-01-01T00:00:00.000Z</time></trkpt><trkpt lat="56.2401184" lon="84.5221037"><ele>81.2</ele><time>1970-01-01T00:00:00.000Z</time></trkpt><trkpt lat="56.2400553" lon="84.5221726"><ele>83.1</ele><time>1970-01-01T00:00:00.000Z</time></trkpt><trkpt lat="56.2400033" lon="84.5222226"><ele>82</ele><time>1970-01-01T00:00:00.000Z</time></trkpt><trkpt lat="56.2399346" lon="84.5222775"><ele>81.2</ele><time>1970-01-01T00:00:00.000Z</time></trkpt><trkpt lat="56.2398835" lon="84.5223216"><ele>81.3</ele><time>1970-01-01T00:00:00.000Z</time></trkpt><trkpt lat="56.2398218" lon="84.5223709"><ele>82.2</ele><time>1970-01-01T00:00:00.000Z</time></trkpt><trkpt lat="56.2397523" lon="84.5224485"><ele>83.5</ele><time>1970-01-01T00:00:00.000Z</time></trkpt><trkpt lat="56.2396869" lon="84.5225186"><ele>83.8</ele><time>1970-01-01T00:00:00.000Z</time></trkpt><trkpt lat="56.2396294" lon="84.5225724"><ele>84.1</ele><time>1970-01-01T00:00:00.000Z</time></trkpt><trkpt lat="56.2395667" lon="84.5226308"><ele>84.5</ele><time>1970-01-01T00:00:00.000Z</time></trkpt><trkpt lat="56.2395039" lon="84.5226819"><ele>83.7</ele><time>1970-01-01T00:00:00.000Z</time></trkpt><trkpt lat="56.2394442" lon="84.5227484"><ele>83.1</ele><time>1970-01-01T00:00:00.000Z</time></trkpt><trkpt lat="56.2393898" lon="84.5228093"><ele>82.8</ele><time>1970-01-01T00:00:00.000Z</time></trkpt><trkpt lat="56.2393333" lon="84.522871"><ele>82</ele><time>1970-01-01T00:00:00.000Z</time></trkpt><trkpt lat="56.2392681" lon="84.5229439"><ele>83.1</ele><time>1970-01-01T00:00:00.000Z</time></trkpt><trkpt lat="56.2391996" lon="84.5230127"><ele>83.2</ele><time>1970-01-01T00:00:00.000Z</time></trkpt><trkpt lat="56.2391397" lon="84.5230724"><ele>83.1</ele><time>1970-01-01T00:00:00.000Z</time></trkpt><trkpt lat="56.2390812" lon="84.5231285"><ele>82.6</ele><time>1970-01-01T00:00:00.000Z</time></trkpt><trkpt lat="56.2390259" lon="84.5231842"><ele>84.1</ele><time>1970-01-01T00:00:00.000Z</time></trkpt><trkpt lat="56.23897" lon="84.5232327"><ele>84.9</ele><time>1970-01-01T00:00:00.000Z</time></trkpt><trkpt lat="56.2389158" lon="84.523278"><ele>84.3</ele><time>1970-01-01T00:00:00.000Z</time></trkpt><trkpt lat="56.2388536" lon="84.5233218"><ele>84.1</ele><time>1970-01-01T00:00:00.000Z</time></trkpt><trkpt lat="56.2388008" lon="84.5233764"><ele>82</ele><time>1970-01-01T00:00:00.000Z</time></trkpt><trkpt lat="56.2387429" lon="84.5234429"><ele>82.1</ele><time>1970-01-01T00:00:00.000Z</time></trkpt><trkpt lat="56.238691" lon="84.5235081"><ele>81.2</ele><time>1970-01-01T00:00:00.000Z</time></trkpt><trkpt lat="56.23863" lon="84.5235738"><ele>79.7</ele><time>1970-01-01T00:00:00.000Z</time></trkpt><trkpt lat="56.23857" lon="84.5236382"><ele>80.5</ele><time>1970-01-01T00:00:00.000Z</time></trkpt><trkpt lat="56.2385061" lon="84.5237032"><ele>79.9</ele><time>1970-01-01T00:00:00.000Z</time></trkpt><trkpt lat="56.2384434" lon="84.5237659"><ele>79.4</ele><time>1970-01-01T00:00:00.000Z</time></trkpt><trkpt lat="56.2383724" lon="84.5238384"><ele>79.9</ele><time>1970-01-01T00:00:00.000Z</time></trkpt><trkpt lat="56.2383169" lon="84.5238984"><ele>82.4</ele><time>1970-01-01T00:00:00.000Z</time></trkpt><trkpt lat="56.238244" lon="84.5239659"><ele>80.6</ele><time>1970-01-01T00:00:00.000Z</time></trkpt><trkpt lat="56.2381883" lon="84.5240228"><ele>80.5</ele><time>1970-01-01T00:00:00.000Z</time></trkpt><trkpt lat="56.238124" lon="84.52408"><ele>80.6</ele><time>1970-01-01T00:00:00.000Z</time></trkpt><trkpt lat="56.2380592" lon="84.5241359"><ele>83.1</ele><time>1970-01-01T00:00:00.000Z</time></trkpt><trkpt lat="56.2379747" lon="84.5242131"><ele>82.6</ele><time>1970-01-01T00:00:00.000Z</time></trkpt><trkpt lat="56.2379046" lon="84.5242718"><ele>83.7</ele><time>1970-01-01T00:00:00.000Z</time></trkpt><trkpt lat="56.2378512" lon="84.5243114"><ele>84</ele><time>1970-01-01T00:00:00.000Z</time></trkpt><trkpt lat="56.2377923" lon="84.5243702"><ele>82</ele><time>1970-01-01T00:00:00.000Z</time></trkpt><trkpt lat="56.2377289" lon="84.5244372"><ele>81.4</ele><time>1970-01-01T00:00:00.000Z</time></trkpt><trkpt lat="56.2376715" lon="84.5245145"><ele>81.2</ele><time>1970-01-01T00:00:00.000Z</time></trkpt><trkpt lat="56.2376421" lon="84.5245915"><ele>83.9</ele><time>1970-01-01T00:00:00.000Z</time></trkpt><trkpt lat="56.2375803" lon="84.5246891"><ele>82.6</ele><time>1970-01-01T00:00:00.000Z</time></trkpt><trkpt lat="56.2375055" lon="84.5247424"><ele>82.5</ele><time>1970-01-01T00:00:00.000Z</time></trkpt><trkpt lat="56.2374306" lon="84.5248086"><ele>83.1</ele><time>1970-01-01T00:00:00.000Z</time></trkpt><trkpt lat="56.237369" lon="84.5248813"><ele>84.8</ele><time>1970-01-01T00:00:00.000Z</time></trkpt><trkpt lat="56.2373107" lon="84.5249572"><ele>88.5</ele><time>1970-01-01T00:00:00.000Z</time></trkpt><trkpt lat="56.2372705" lon="84.5250211"><ele>89.4</ele><time>1970-01-01T00:00:00.000Z</time></trkpt><trkpt lat="56.2372119" lon="84.5250932"><ele>90.5</ele><time>1970-01-01T00:00:00.000Z</time></trkpt><trkpt lat="56.2371526" lon="84.5251537"><ele>90.6</ele><time>1970-01-01T00:00:00.000Z</time></trkpt><trkpt lat="56.2370881" lon="84.5251899"><ele>90.2</ele><time>1970-01-01T00:00:00.000Z</time></trkpt><trkpt lat="56.2370429" lon="84.5252792"><ele>91.5</ele><time>1970-01-01T00:00:00.000Z</time></trkpt><trkpt lat="56.2369874" lon="84.5253326"><ele>89.7</ele><time>1970-01-01T00:00:00.000Z</time></trkpt><trkpt lat="56.2369256" lon="84.5253769"><ele>92.2</ele><time>1970-01-01T00:00:00.000Z</time></trkpt><trkpt lat="56.2368502" lon="84.5254444"><ele>91.5</ele><time>1970-01-01T00:00:00.000Z</time></trkpt><trkpt lat="56.2367702" lon="84.525495"><ele>89.6</ele><time>1970-01-01T00:00:00.000Z</time></trkpt><trkpt lat="56.2366987" lon="84.5255189"><ele>87.1</ele><time>1970-01-01T00:00:00.000Z</time></trkpt><trkpt lat="56.2366431" lon="84.5255309"><ele>85.6</ele><time>1970-01-01T00:00:00.000Z</time></trkpt><trkpt lat="56.2365774" lon="84.5255584"><ele>84.8</ele><time>1970-01-01T00:00:00.000Z</time></trkpt><trkpt lat="56.2365109" lon="84.5255906"><ele>84.3</ele><time>1970-01-01T00:00:00.000Z</time></trkpt><trkpt lat="56.2364523" lon="84.5256082"><ele>82.4</ele><time>1970-01-01T00:00:00.000Z</time></trkpt><trkpt lat="56.2363788" lon="84.5256369"><ele>83.6</ele><time>1970-01-01T00:00:00.000Z</time></trkpt><trkpt lat="56.2363201" lon="84.5256621"><ele>83.1</ele><time>1970-01-01T00:00:00.000Z</time></trkpt><trkpt lat="56.2362569" lon="84.5256825"><ele>82.2</ele><time>1970-01-01T00:00:00.000Z</time></trkpt><trkpt lat="56.2361851" lon="84.525717"><ele>83.4</ele><time>1970-01-01T00:00:00.000Z</time></trkpt><trkpt lat="56.2361282" lon="84.5257415"><ele>84.2</ele><time>1970-01-01T00:00:00.000Z</time></trkpt><trkpt lat="56.2360742" lon="84.5257719"><ele>86</ele><time>1970-01-01T00:00:00.000Z</time></trkpt><trkpt lat="56.2360128" lon="84.5258009"><ele>90.1</ele><time>1970-01-01T00:00:00.000Z</time></trkpt><trkpt lat="56.2359435" lon="84.5258345"><ele>93.2</ele><time>1970-01-01T00:00:00.000Z</time></trkpt><trkpt lat="56.2358697" lon="84.5258618"><ele>95.1</ele><time>1970-01-01T00:00:00.000Z</time></trkpt><trkpt lat="56.2358632" lon="84.5258735"><ele>95.1</ele><time>1970-01-01T00:00:00.000Z</time></trkpt><trkpt lat="56.2358598" lon="84.5258702"><ele>95.1</ele><time>1970-01-01T00:00:00.000Z</time></trkpt><trkpt lat="56.235858" lon="84.5258672"><ele>95.2</ele><time>1970-01-01T00:00:00.000Z</time></trkpt><trkpt lat="56.2358528" lon="84.5258621"><ele>95.1</ele><time>1970-01-01T00:00:00.000Z</time></trkpt><trkpt lat="56.2358522" lon="84.5258623"><ele>95.2</ele><time>1970-01-01T00:00:00.000Z</time></trkpt><trkpt lat="56.2358504" lon="84.5258618"><ele>94.9</ele><time>1970-01-01T00:00:00.000Z</time></trkpt><trkpt lat="56.2357906" lon="84.5258673"><ele>94.4</ele><time>1970-01-01T00:00:00.000Z</time></trkpt><trkpt lat="56.235723" lon="84.5258669"><ele>93.7</ele><time>1970-01-01T00:00:00.000Z</time></trkpt><trkpt lat="56.2356516" lon="84.5258599"><ele>92.5</ele><time>1970-01-01T00:00:00.000Z</time></trkpt><trkpt lat="56.2355728" lon="84.5258506"><ele>91.3</ele><time>1970-01-01T00:00:00.000Z</time></trkpt><trkpt lat="56.2355196" lon="84.5258619"><ele>92.2</ele><time>1970-01-01T00:00:00.000Z</time></trkpt><trkpt lat="56.2354544" lon="84.5258695"><ele>92.7</ele><time>1970-01-01T00:00:00.000Z</time></trkpt><trkpt lat="56.2353906" lon="84.5258762"><ele>92.1</ele><time>1970-01-01T00:00:00.000Z</time></trkpt><trkpt lat="56.2353304" lon="84.5258764"><ele>91.3</ele><time>1970-01-01T00:00:00.000Z</time></trkpt><trkpt lat="56.2352676" lon="84.5258618"><ele>94</ele><time>1970-01-01T00:00:00.000Z</time></trkpt><trkpt lat="56.2351916" lon="84.5258373"><ele>95.6</ele><time>1970-01-01T00:00:00.000Z</time></trkpt><trkpt lat="56.2351112" lon="84.525825"><ele>95.9</ele><time>1970-01-01T00:00:00.000Z</time></trkpt><trkpt lat="56.2350385" lon="84.525794"><ele>95.4</ele><time>1970-01-01T00:00:00.000Z</time></trkpt><trkpt lat="56.2349801" lon="84.525767"><ele>96.5</ele><time>1970-01-01T00:00:00.000Z</time></trkpt><trkpt lat="56.234915" lon="84.5257364"><ele>96.8</ele><time>1970-01-01T00:00:00.000Z</time></trkpt><trkpt lat="56.2348584" lon="84.5256982"><ele>96.4</ele><time>1970-01-01T00:00:00.000Z</time></trkpt><trkpt lat="56.2348076" lon="84.5256448"><ele>96.8</ele><time>1970-01-01T00:00:00.000Z</time></trkpt><trkpt lat="56.2347548" lon="84.5256029"><ele>96.6</ele><time>1970-01-01T00:00:00.000Z</time></trkpt><trkpt lat="56.2346887" lon="84.5255686"><ele>94.5</ele><time>1970-01-01T00:00:00.000Z</time></trkpt><trkpt lat="56.2346217" lon="84.5255378"><ele>96.1</ele><time>1970-01-01T00:00:00.000Z</time></trkpt><trkpt lat="56.2345553" lon="84.5255017"><ele>97</ele><time>1970-01-01T00:00:00.000Z</time></trkpt><trkpt lat="56.234498" lon="84.5254557"><ele>96.7</ele><time>1970-01-01T00:00:00.000Z</time></trkpt><trkpt lat="56.2344357" lon="84.5253785"><ele>96.8</ele><time>1970-01-01T00:00:00.000Z</time></trkpt><trkpt lat="56.2343782" lon="84.5253251"><ele>97.6</ele><time>1970-01-01T00:00:00.000Z</time></trkpt><trkpt lat="56.2343257" lon="84.5252698"><ele>98.5</ele><time>1970-01-01T00:00:00.000Z</time></trkpt><trkpt lat="56.2342717" lon="84.5252062"><ele>97.4</ele><time>1970-01-01T00:00:00.000Z</time></trkpt><trkpt lat="56.2342184" lon="84.5251507"><ele>98.6</ele><time>1970-01-01T00:00:00.000Z</time></trkpt><trkpt lat="56.2341675" lon="84.5250984"><ele>100.6</ele><time>1970-01-01T00:00:00.000Z</time></trkpt><trkpt lat="56.2341198" lon="84.5250302"><ele>101.1</ele><time>1970-01-01T00:00:00.000Z</time></trkpt><trkpt lat="56.2340661" lon="84.5249673"><ele>101.8</ele><time>1970-01-01T00:00:00.000Z</time></trkpt><trkpt lat="56.2340284" lon="84.5248964"><ele>103.1</ele><time>1970-01-01T00:00:00.000Z</time></trkpt><trkpt lat="56.2339685" lon="84.5248984"><ele>101</ele><time>1970-01-01T00:00:00.000Z</time></trkpt><trkpt lat="56.2339075" lon="84.5248777"><ele>100.7</ele><time>1970-01-01T00:00:00.000Z</time></trkpt><trkpt lat="56.2338446" lon="84.5248317"><ele>101</ele><time>1970-01-01T00:00:00.000Z</time></trkpt><trkpt lat="56.2337822" lon="84.5247688"><ele>101</ele><time>1970-01-01T00:00:00.000Z</time></trkpt><trkpt lat="56.2337161" lon="84.5247201"><ele>99.2</ele><time>1970-01-01T00:00:00.000Z</time></trkpt><trkpt lat="56.2336551" lon="84.5246856"><ele>98.4</ele><time>1970-01-01T00:00:00.000Z</time></trkpt><trkpt lat="56.2335796" lon="84.5246465"><ele>98.8</ele><time>1970-01-01T00:00:00.000Z</time></trkpt><trkpt lat="56.2335138" lon="84.52462"><ele>100.2</ele><time>1970-01-01T00:00:00.000Z</time></trkpt><trkpt lat="56.2334502" lon="84.5245834"><ele>99.6</ele><time>1970-01-01T00:00:00.000Z</time></trkpt><trkpt lat="56.2333971" lon="84.5245303"><ele>99.2</ele><time>1970-01-01T00:00:00.000Z</time></trkpt><trkpt lat="56.2333439" lon="84.5244739"><ele>98.3</ele><time>1970-01-01T00:00:00.000Z</time></trkpt><trkpt lat="56.233285" lon="84.5244477"><ele>97.7</ele><time>1970-01-01T00:00:00.000Z</time></trkpt><trkpt lat="56.2332323" lon="84.5244147"><ele>99.3</ele><time>1970-01-01T00:00:00.000Z</time></trkpt><trkpt lat="56.2331719" lon="84.5243759"><ele>98.1</ele><time>1970-01-01T00:00:00.000Z</time></trkpt><trkpt lat="56.2331036" lon="84.5243317"><ele>99.6</ele><time>1970-01-01T00:00:00.000Z</time></trkpt><trkpt lat="56.2330411" lon="84.5242954"><ele>99.2</ele><time>1970-01-01T00:00:00.000Z</time></trkpt><trkpt lat="56.2329873" lon="84.5242619"><ele>99</ele><time>1970-01-01T00:00:00.000Z</time></trkpt><trkpt lat="56.232934" lon="84.5242294"><ele>100</ele><time>1970-01-01T00:00:00.000Z</time></trkpt><trkpt lat="56.2328787" lon="84.5241868"><ele>99.6</ele><time>1970-01-01T00:00:00.000Z</time></trkpt><trkpt lat="56.2328184" lon="84.5241402"><ele>100.5</ele><time>1970-01-01T00:00:00.000Z</time></trkpt><trkpt lat="56.2327533" lon="84.5241033"><ele>101.3</ele><time>1970-01-01T00:00:00.000Z</time></trkpt><trkpt lat="56.2326942" lon="84.5240802"><ele>102.3</ele><time>1970-01-01T00:00:00.000Z</time></trkpt><trkpt lat="56.2326288" lon="84.5240674"><ele>103.6</ele><time>1970-01-01T00:00:00.000Z</time></trkpt><trkpt lat="56.2325586" lon="84.5240496"><ele>104.1</ele><time>1970-01-01T00:00:00.000Z</time></trkpt><trkpt lat="56.2324881" lon="84.524042"><ele>104.4</ele><time>1970-01-01T00:00:00.000Z</time></trkpt><trkpt lat="56.2324248" lon="84.5240347"><ele>102.1</ele><time>1970-01-01T00:00:00.000Z</time></trkpt><trkpt lat="56.2323662" lon="84.5240261"><ele>102.4</ele><time>1970-01-01T00:00:00.000Z</time></trkpt><trkpt lat="56.2322938" lon="84.5240282"><ele>103.3</ele><time>1970-01-01T00:00:00.000Z</time></trkpt><trkpt lat="56.2322205" lon="84.5240223"><ele>103</ele><time>1970-01-01T00:00:00.000Z</time></trkpt><trkpt lat="56.2321525" lon="84.5240177"><ele>102.9</ele><time>1970-01-01T00:00:00.000Z</time></trkpt><trkpt lat="56.2320864" lon="84.5240105"><ele>102.9</ele><time>1970-01-01T00:00:00.000Z</time></trkpt><trkpt lat="56.2320249" lon="84.5239977"><ele>103.5</ele><time>1970-01-01T00:00:00.000Z</time></trkpt><trkpt lat="56.2319537" lon="84.5239794"><ele>104.3</ele><time>1970-01-01T00:00:00.000Z</time></trkpt><trkpt lat="56.2318859" lon="84.5239808"><ele>104.1</ele><time>1970-01-01T00:00:00.000Z</time></trkpt><trkpt lat="56.2318252" lon="84.5239807"><ele>105</ele><time>1970-01-01T00:00:00.000Z</time></trkpt><trkpt lat="56.2317541" lon="84.5239789"><ele>106.7</ele><time>1970-01-01T00:00:00.000Z</time></trkpt><trkpt lat="56.2317032" lon="84.5239748"><ele>106.8</ele><time>1970-01-01T00:00:00.000Z</time></trkpt><trkpt lat="56.2316404" lon="84.5239745"><ele>106.5</ele><time>1970-01-01T00:00:00.000Z</time></trkpt><trkpt lat="56.2315663" lon="84.5239829"><ele>105.7</ele><time>1970-01-01T00:00:00.000Z</time></trkpt><trkpt lat="56.2315028" lon="84.5239769"><ele>105.7</ele><time>1970-01-01T00:00:00.000Z</time></trkpt><trkpt lat="56.2314463" lon="84.5239628"><ele>102.5</ele><time>1970-01-01T00:00:00.000Z</time></trkpt><trkpt lat="56.231386" lon="84.5239417"><ele>103.6</ele><time>1970-01-01T00:00:00.000Z</time></trkpt><trkpt lat="56.2313208" lon="84.5239132"><ele>105</ele><time>1970-01-01T00:00:00.000Z</time></trkpt><trkpt lat="56.2312563" lon="84.5239031"><ele>102.7</ele><time>1970-01-01T00:00:00.000Z</time></trkpt><trkpt lat="56.231198" lon="84.5238905"><ele>102.6</ele><time>1970-01-01T00:00:00.000Z</time></trkpt><trkpt lat="56.2311219" lon="84.5238913"><ele>103.5</ele><time>1970-01-01T00:00:00.000Z</time></trkpt><trkpt lat="56.2310553" lon="84.5239008"><ele>103.9</ele><time>1970-01-01T00:00:00.000Z</time></trkpt><trkpt lat="56.2309855" lon="84.5239171"><ele>102.3</ele><time>1970-01-01T00:00:00.000Z</time></trkpt><trkpt lat="56.2309078" lon="84.5239155"><ele>100.2</ele><time>1970-01-01T00:00:00.000Z</time></trkpt><trkpt lat="56.2308366" lon="84.5239155"><ele>101.3</ele><time>1970-01-01T00:00:00.000Z</time></trkpt><trkpt lat="56.2307669" lon="84.523912"><ele>100.1</ele><time>1970-01-01T00:00:00.000Z</time></trkpt><trkpt lat="56.2306974" lon="84.5239066"><ele>102.1</ele><time>1970-01-01T00:00:00.000Z</time></trkpt><trkpt lat="56.2306328" lon="84.5239155"><ele>100.9</ele><time>1970-01-01T00:00:00.000Z</time></trkpt><trkpt lat="56.2305566" lon="84.5239211"><ele>99.5</ele><time>1970-01-01T00:00:00.000Z</time></trkpt><trkpt lat="56.230495" lon="84.5239366"><ele>98.4</ele><time>1970-01-01T00:00:00.000Z</time></trkpt><trkpt lat="56.2304274" lon="84.5239584"><ele>97.9</ele><time>1970-01-01T00:00:00.000Z</time></trkpt><trkpt lat="56.2303524" lon="84.5239876"><ele>99</ele><time>1970-01-01T00:00:00.000Z</time></trkpt><trkpt lat="56.2302785" lon="84.5240007"><ele>98.2</ele><time>1970-01-01T00:00:00.000Z</time></trkpt><trkpt lat="56.2302127" lon="84.5240042"><ele>96.3</ele><time>1970-01-01T00:00:00.000Z</time></trkpt><trkpt lat="56.2301509" lon="84.5240066"><ele>95.6</ele><time>1970-01-01T00:00:00.000Z</time></trkpt><trkpt lat="56.2300792" lon="84.5240133"><ele>96.8</ele><time>1970-01-01T00:00:00.000Z</time></trkpt><trkpt lat="56.2300126" lon="84.5240226"><ele>97.2</ele><time>1970-01-01T00:00:00.000Z</time></trkpt><trkpt lat="56.2299509" lon="84.524023"><ele>96.7</ele><time>1970-01-01T00:00:00.000Z</time></trkpt><trkpt lat="56.2298813" lon="84.5240367"><ele>98.4</ele><time>1970-01-01T00:00:00.000Z</time></trkpt><trkpt lat="56.2298206" lon="84.5240446"><ele>97.9</ele><time>1970-01-01T00:00:00.000Z</time></trkpt><trkpt lat="56.229753" lon="84.5240795"><ele>100.2</ele><time>1970-01-01T00:00:00.000Z</time></trkpt><trkpt lat="56.2297361" lon="84.5241522"><ele>104.6</ele><time>1970-01-01T00:00:00.000Z</time></trkpt><trkpt lat="56.2297184" lon="84.5241954"><ele>107.6</ele><time>1970-01-01T00:00:00.000Z</time></trkpt><trkpt lat="56.2296864" lon="84.5242354"><ele>110.1</ele><time>1970-01-01T00:00:00.000Z</time></trkpt><trkpt lat="56.2296672" lon="84.5242399"><ele>110.1</ele><time>1970-01-01T00:00:00.000Z</time></trkpt><trkpt lat="56.2296646" lon="84.5242343"><ele>110.2</ele><time>1970-01-01T00:00:00.000Z</time></trkpt><trkpt lat="56.2296833" lon="84.5242717"><ele>110</ele><time>1970-01-01T00:00:00.000Z</time></trkpt><trkpt lat="56.2296863" lon="84.5242726"><ele>109.7</ele><time>1970-01-01T00:00:00.000Z</time></trkpt><trkpt lat="56.2296849" lon="84.5242712"><ele>109.8</ele><time>1970-01-01T00:00:00.000Z</time></trkpt><trkpt lat="56.2296873" lon="84.5242876"><ele>110.2</ele><time>1970-01-01T00:00:00.000Z</time></trkpt><trkpt lat="56.2297055" lon="84.5243615"><ele>109.8</ele><time>1970-01-01T00:00:00.000Z</time></trkpt><trkpt lat="56.2297285" lon="84.5244137"><ele>109.7</ele><time>1970-01-01T00:00:00.000Z</time></trkpt><trkpt lat="56.2297698" lon="84.5245273"><ele>109.4</ele><time>1970-01-01T00:00:00.000Z</time></trkpt><trkpt lat="56.229818" lon="84.5246634"><ele>110.1</ele><time>1970-01-01T00:00:00.000Z</time></trkpt><trkpt lat="56.2298623" lon="84.5247705"><ele>108.7</ele><time>1970-01-01T00:00:00.000Z</time></trkpt><trkpt lat="56.2299028" lon="84.5248542"><ele>107.9</ele><time>1970-01-01T00:00:00.000Z</time></trkpt><trkpt lat="56.2299481" lon="84.5249388"><ele>109.4</ele><time>1970-01-01T00:00:00.000Z</time></trkpt><trkpt lat="56.2299963" lon="84.5250245"><ele>108.3</ele><time>1970-01-01T00:00:00.000Z</time></trkpt><trkpt lat="56.2300388" lon="84.5251158"><ele>107.2</ele><time>1970-01-01T00:00:00.000Z</time></trkpt><trkpt lat="56.2300875" lon="84.5251885"><ele>109.2</ele><time>1970-01-01T00:00:00.000Z</time></trkpt><trkpt lat="56.2301531" lon="84.5252629"><ele>111.1</ele><time>1970-01-01T00:00:00.000Z</time></trkpt><trkpt lat="56.2302202" lon="84.5253648"><ele>111.1</ele><time>1970-01-01T00:00:00.000Z</time></trkpt><trkpt lat="56.2302726" lon="84.5254407"><ele>110.5</ele><time>1970-01-01T00:00:00.000Z</time></trkpt><trkpt lat="56.2303244" lon="84.5255367"><ele>110.7</ele><time>1970-01-01T00:00:00.000Z</time></trkpt><trkpt lat="56.2303695" lon="84.525633"><ele>108.5</ele><time>1970-01-01T00:00:00.000Z</time></trkpt><trkpt lat="56.2304156" lon="84.5257178"><ele>108.8</ele><time>1970-01-01T00:00:00.000Z</time></trkpt><trkpt lat="56.230462" lon="84.5258175"><ele>105.7</ele><time>1970-01-01T00:00:00.000Z</time></trkpt><trkpt lat="56.2305005" lon="84.5259021"><ele>104.1</ele><time>1970-01-01T00:00:00.000Z</time></trkpt><trkpt lat="56.2305477" lon="84.5259824"><ele>103.8</ele><time>1970-01-01T00:00:00.000Z</time></trkpt><trkpt lat="56.2305798" lon="84.5260926"><ele>103.8</ele><time>1970-01-01T00:00:00.000Z</time></trkpt><trkpt lat="56.2306143" lon="84.5262078"><ele>103</ele><time>1970-01-01T00:00:00.000Z</time></trkpt><trkpt lat="56.2306496" lon="84.5262951"><ele>104.6</ele><time>1970-01-01T00:00:00.000Z</time></trkpt><trkpt lat="56.2306921" lon="84.5263755"><ele>104</ele><time>1970-01-01T00:00:00.000Z</time></trkpt><trkpt lat="56.2307333" lon="84.5264734"><ele>104.9</ele><time>1970-01-01T00:00:00.000Z</time></trkpt><trkpt lat="56.2307658" lon="84.5265798"><ele>106.1</ele><time>1970-01-01T00:00:00.000Z</time></trkpt><trkpt lat="56.230797" lon="84.5266964"><ele>105.7</ele><time>1970-01-01T00:00:00.000Z</time></trkpt><trkpt lat="56.2308184" lon="84.5268143"><ele>105.4</ele><time>1970-01-01T00:00:00.000Z</time></trkpt><trkpt lat="56.230841" lon="84.5269419"><ele>106.7</ele><time>1970-01-01T00:00:00.000Z</time></trkpt><trkpt lat="56.2308673" lon="84.5270467"><ele>105.6</ele><time>1970-01-01T00:00:00.000Z</time></trkpt><trkpt lat="56.2308962" lon="84.5271584"><ele>105.3</ele><time>1970-01-01T00:00:00.000Z</time></trkpt><trkpt lat="56.2309393" lon="84.5272644"><ele>104</ele><time>1970-01-01T00:00:00.000Z</time></trkpt><trkpt lat="56.2309689" lon="84.5273941"><ele>104.2</ele><time>1970-01-01T00:00:00.000Z</time></trkpt><trkpt lat="56.2310024" lon="84.5275171"><ele>103.1</ele><time>1970-01-01T00:00:00.000Z</time></trkpt><trkpt lat="56.2310486" lon="84.5276352"><ele>103.7</ele><time>1970-01-01T00:00:00.000Z</time></trkpt><trkpt lat="56.2310636" lon="84.5277448"><ele>102.7</ele><time>1970-01-01T00:00:00.000Z</time></trkpt><trkpt lat="56.2310842" lon="84.5278605"><ele>102.2</ele><time>1970-01-01T00:00:00.000Z</time></trkpt><trkpt lat="56.2311148" lon="84.5279936"><ele>103</ele><time>1970-01-01T00:00:00.000Z</time></trkpt><trkpt lat="56.2311493" lon="84.5281242"><ele>101.1</ele><time>1970-01-01T00:00:00.000Z</time></trkpt><trkpt lat="56.2311934" lon="84.5282521"><ele>102.6</ele><time>1970-01-01T00:00:00.000Z</time></trkpt><trkpt lat="56.2312387" lon="84.5283747"><ele>101.6</ele><time>1970-01-01T00:00:00.000Z</time></trkpt><trkpt lat="56.2312806" lon="84.5284956"><ele>102.6</ele><time>1970-01-01T00:00:00.000Z</time></trkpt><trkpt lat="56.2313231" lon="84.5286056"><ele>102.3</ele><time>1970-01-01T00:00:00.000Z</time></trkpt><trkpt lat="56.2313547" lon="84.5287282"><ele>103.5</ele><time>1970-01-01T00:00:00.000Z</time></trkpt><trkpt lat="56.2313743" lon="84.5288547"><ele>102.1</ele><time>1970-01-01T00:00:00.000Z</time></trkpt><trkpt lat="56.2313858" lon="84.5289727"><ele>101.8</ele><time>1970-01-01T00:00:00.000Z</time></trkpt><trkpt lat="56.2314084" lon="84.5290934"><ele>100.9</ele><time>1970-01-01T00:00:00.000Z</time></trkpt><trkpt lat="56.2314312" lon="84.5292175"><ele>100.3</ele><time>1970-01-01T00:00:00.000Z</time></trkpt><trkpt lat="56.2314586" lon="84.5293318"><ele>97.5</ele><time>1970-01-01T00:00:00.000Z</time></trkpt><trkpt lat="56.2314894" lon="84.5294459"><ele>97.2</ele><time>1970-01-01T00:00:00.000Z</time></trkpt><trkpt lat="56.2315188" lon="84.5295771"><ele>100.8</ele><time>1970-01-01T00:00:00.000Z</time></trkpt><trkpt lat="56.2315537" lon="84.5297129"><ele>102.2</ele><time>1970-01-01T00:00:00.000Z</time></trkpt><trkpt lat="56.231585" lon="84.5298497"><ele>102.9</ele><time>1970-01-01T00:00:00.000Z</time></trkpt><trkpt lat="56.231612" lon="84.52997"><ele>102.3</ele><time>1970-01-01T00:00:00.000Z</time></trkpt><trkpt lat="56.2316549" lon="84.5300805"><ele>101.5</ele><time>1970-01-01T00:00:00.000Z</time></trkpt><trkpt lat="56.2316958" lon="84.5301605"><ele>100.9</ele><time>1970-01-01T00:00:00.000Z</time></trkpt><trkpt lat="56.2317371" lon="84.5302589"><ele>100.1</ele><time>1970-01-01T00:00:00.000Z</time></trkpt><trkpt lat="56.2317773" lon="84.5303644"><ele>98.3</ele><time>1970-01-01T00:00:00.000Z</time></trkpt><trkpt lat="56.2318197" lon="84.5304466"><ele>98.3</ele><time>1970-01-01T00:00:00.000Z</time></trkpt><trkpt lat="56.2318678" lon="84.5305282"><ele>99.1</ele><time>1970-01-01T00:00:00.000Z</time></trkpt><trkpt lat="56.2319248" lon="84.5306139"><ele>100.4</ele><time>1970-01-01T00:00:00.000Z</time></trkpt><trkpt lat="56.2319932" lon="84.5307174"><ele>103.7</ele><time>1970-01-01T00:00:00.000Z</time></trkpt><trkpt lat="56.232054" lon="84.5307902"><ele>103.7</ele><time>1970-01-01T00:00:00.000Z</time></trkpt><trkpt lat="56.2321321" lon="84.5308351"><ele>103.2</ele><time>1970-01-01T00:00:00.000Z</time></trkpt><trkpt lat="56.2322068" lon="84.5308667"><ele>102.6</ele><time>1970-01-01T00:00:00.000Z</time></trkpt><trkpt lat="56.2322792" lon="84.5308784"><ele>103.2</ele><time>1970-01-01T00:00:00.000Z</time></trkpt><trkpt lat="56.232368" lon="84.5309108"><ele>105.4</ele><time>1970-01-01T00:00:00.000Z</time></trkpt><trkpt lat="56.2324437" lon="84.5309463"><ele>108.1</ele><time>1970-01-01T00:00:00.000Z</time></trkpt><trkpt lat="56.2325163" lon="84.5310092"><ele>107.4</ele><time>1970-01-01T00:00:00.000Z</time></trkpt><trkpt lat="56.2325728" lon="84.5311068"><ele>107.5</ele><time>1970-01-01T00:00:00.000Z</time></trkpt><trkpt lat="56.232626" lon="84.5311825"><ele>106.7</ele><time>1970-01-01T00:00:00.000Z</time></trkpt><trkpt lat="56.232685" lon="84.5312633"><ele>106.5</ele><time>1970-01-01T00:00:00.000Z</time></trkpt><trkpt lat="56.2327371" lon="84.5313375"><ele>104.2</ele><time>1970-01-01T00:00:00.000Z</time></trkpt><trkpt lat="56.232786" lon="84.5314241"><ele>103.9</ele><time>1970-01-01T00:00:00.000Z</time></trkpt><trkpt lat="56.2328282" lon="84.5315097"><ele>102</ele><time>1970-01-01T00:00:00.000Z</time></trkpt><trkpt lat="56.232872" lon="84.531584"><ele>101.9</ele><time>1970-01-01T00:00:00.000Z</time></trkpt><trkpt lat="56.2329202" lon="84.5316572"><ele>99.9</ele><time>1970-01-01T00:00:00.000Z</time></trkpt><trkpt lat="56.2329553" lon="84.5317407"><ele>99.4</ele><time>1970-01-01T00:00:00.000Z</time></trkpt><trkpt lat="56.2329965" lon="84.5318194"><ele>100</ele><time>1970-01-01T00:00:00.000Z</time></trkpt><trkpt lat="56.2330523" lon="84.5319082"><ele>99.8</ele><time>1970-01-01T00:00:00.000Z</time></trkpt><trkpt lat="56.2330916" lon="84.5319803"><ele>98.3</ele><time>1970-01-01T00:00:00.000Z</time></trkpt><trkpt lat="56.2331281" lon="84.5320555"><ele>96.8</ele><time>1970-01-01T00:00:00.000Z</time></trkpt><trkpt lat="56.2331793" lon="84.532148"><ele>97.8</ele><time>1970-01-01T00:00:00.000Z</time></trkpt><trkpt lat="56.2332211" lon="84.5322366"><ele>97.4</ele><time>1970-01-01T00:00:00.000Z</time></trkpt><trkpt lat="56.2332629" lon="84.5322989"><ele>98.2</ele><time>1970-01-01T00:00:00.000Z</time></trkpt><trkpt lat="56.2333228" lon="84.532362"><ele>101.3</ele><time>1970-01-01T00:00:00.000Z</time></trkpt><trkpt lat="56.2333822" lon="84.5323982"><ele>104</ele><time>1970-01-01T00:00:00.000Z</time></trkpt><trkpt lat="56.2334447" lon="84.5324319"><ele>107.4</ele><time>1970-01-01T00:00:00.000Z</time></trkpt><trkpt lat="56.2335154" lon="84.5324753"><ele>108.2</ele><time>1970-01-01T00:00:00.000Z</time></trkpt><trkpt lat="56.2335799" lon="84.5325216"><ele>107.4</ele><time>1970-01-01T00:00:00.000Z</time></trkpt><trkpt lat="56.2336313" lon="84.532554"><ele>105.7</ele><time>1970-01-01T00:00:00.000Z</time></trkpt><trkpt lat="56.2336845" lon="84.5325844"><ele>104.4</ele><time>1970-01-01T00:00:00.000Z</time></trkpt><trkpt lat="56.2337439" lon="84.5326113"><ele>106</ele><time>1970-01-01T00:00:00.000Z</time></trkpt><trkpt lat="56.2338059" lon="84.5326603"><ele>105.6</ele><time>1970-01-01T00:00:00.000Z</time></trkpt><trkpt lat="56.2338615" lon="84.5327148"><ele>101.5</ele><time>1970-01-01T00:00:00.000Z</time></trkpt><trkpt lat="56.2339143" lon="84.5327696"><ele>101.7</ele><time>1970-01-01T00:00:00.000Z</time></trkpt><trkpt lat="56.2339706" lon="84.5328442"><ele>99.9</ele><time>1970-01-01T00:00:00.000Z</time></trkpt><trkpt lat="56.2340204" lon="84.5329219"><ele>100.8</ele><time>1970-01-01T00:00:00.000Z</time></trkpt><trkpt lat="56.2340703" lon="84.5330036"><ele>97.9</ele><time>1970-01-01T00:00:00.000Z</time></trkpt><trkpt lat="56.2341269" lon="84.5330851"><ele>98.9</ele><time>1970-01-01T00:00:00.000Z</time></trkpt><trkpt lat="56.2341752" lon="84.5331678"><ele>100</ele><time>1970-01-01T00:00:00.000Z</time></trkpt><trkpt lat="56.234212" lon="84.5332733"><ele>100.4</ele><time>1970-01-01T00:00:00.000Z</time></trkpt><trkpt lat="56.2342485" lon="84.5333891"><ele>97.8</ele><time>1970-01-01T00:00:00.000Z</time></trkpt><trkpt lat="56.2343107" lon="84.5334863"><ele>98.1</ele><time>1970-01-01T00:00:00.000Z</time></trkpt><trkpt lat="56.2343715" lon="84.5335827"><ele>96.9</ele><time>1970-01-01T00:00:00.000Z</time></trkpt><trkpt lat="56.2344144" lon="84.5336086"><ele>98.2</ele><time>1970-01-01T00:00:00.000Z</time></trkpt><trkpt lat="56.2344592" lon="84.5336789"><ele>97.9</ele><time>1970-01-01T00:00:00.000Z</time></trkpt><trkpt lat="56.2345013" lon="84.5337944"><ele>97.6</ele><time>1970-01-01T00:00:00.000Z</time></trkpt><trkpt lat="56.2345329" lon="84.5339162"><ele>99.6</ele><time>1970-01-01T00:00:00.000Z</time></trkpt><trkpt lat="56.2345632" lon="84.5340542"><ele>101.3</ele><time>1970-01-01T00:00:00.000Z</time></trkpt><trkpt lat="56.2345951" lon="84.5341733"><ele>99.5</ele><time>1970-01-01T00:00:00.000Z</time></trkpt><trkpt lat="56.2346316" lon="84.5342765"><ele>98.2</ele><time>1970-01-01T00:00:00.000Z</time></trkpt><trkpt lat="56.234685" lon="84.5343836"><ele>99</ele><time>1970-01-01T00:00:00.000Z</time></trkpt><trkpt lat="56.2347296" lon="84.5344985"><ele>98.8</ele><time>1970-01-01T00:00:00.000Z</time></trkpt><trkpt lat="56.234765" lon="84.5346184"><ele>97.6</ele><time>1970-01-01T00:00:00.000Z</time></trkpt><trkpt lat="56.2348106" lon="84.534717"><ele>95.8</ele><time>1970-01-01T00:00:00.000Z</time></trkpt><trkpt lat="56.2348578" lon="84.5348075"><ele>95.7</ele><time>1970-01-01T00:00:00.000Z</time></trkpt><trkpt lat="56.2348973" lon="84.5349162"><ele>94.8</ele><time>1970-01-01T00:00:00.000Z</time></trkpt><trkpt lat="56.2349357" lon="84.5349893"><ele>93.1</ele><time>1970-01-01T00:00:00.000Z</time></trkpt><trkpt lat="56.2349742" lon="84.5351095"><ele>91.2</ele><time>1970-01-01T00:00:00.000Z</time></trkpt><trkpt lat="56.2350101" lon="84.5352086"><ele>89.8</ele><time>1970-01-01T00:00:00.000Z</time></trkpt><trkpt lat="56.2350584" lon="84.5353175"><ele>92.1</ele><time>1970-01-01T00:00:00.000Z</time></trkpt><trkpt lat="56.2351152" lon="84.5354032"><ele>95.7</ele><time>1970-01-01T00:00:00.000Z</time></trkpt><trkpt lat="56.2351665" lon="84.5354897"><ele>95.5</ele><time>1970-01-01T00:00:00.000Z</time></trkpt><trkpt lat="56.235216" lon="84.5355838"><ele>94.4</ele><time>1970-01-01T00:00:00.000Z</time></trkpt><trkpt lat="56.2352687" lon="84.5356719"><ele>92.1</ele><time>1970-01-01T00:00:00.000Z</time></trkpt><trkpt lat="56.2353132" lon="84.5357715"><ele>91.6</ele><time>1970-01-01T00:00:00.000Z</time></trkpt><trkpt lat="56.2353727" lon="84.5358766"><ele>92.2</ele><time>1970-01-01T00:00:00.000Z</time></trkpt><trkpt lat="56.2354174" lon="84.5359564"><ele>93.1</ele><time>1970-01-01T00:00:00.000Z</time></trkpt><trkpt lat="56.235468" lon="84.5360569"><ele>93.8</ele><time>1970-01-01T00:00:00.000Z</time></trkpt><trkpt lat="56.2355128" lon="84.5361519"><ele>91.6</ele><time>1970-01-01T00:00:00.000Z</time></trkpt><trkpt lat="56.235564" lon="84.536237"><ele>88.5</ele><time>1970-01-01T00:00:00.000Z</time></trkpt><trkpt lat="56.2356209" lon="84.5363307"><ele>90.6</ele><time>1970-01-01T00:00:00.000Z</time></trkpt><trkpt lat="56.2356763" lon="84.5364187"><ele>90.9</ele><time>1970-01-01T00:00:00.000Z</time></trkpt><trkpt lat="56.2357305" lon="84.5364933"><ele>90.6</ele><time>1970-01-01T00:00:00.000Z</time></trkpt><trkpt lat="56.2357852" lon="84.5365808"><ele>90.8</ele><time>1970-01-01T00:00:00.000Z</time></trkpt><trkpt lat="56.2358376" lon="84.536669"><ele>91.5</ele><time>1970-01-01T00:00:00.000Z</time></trkpt><trkpt lat="56.2358968" lon="84.536747"><ele>92.1</ele><time>1970-01-01T00:00:00.000Z</time></trkpt><trkpt lat="56.2359542" lon="84.5368254"><ele>91.7</ele><time>1970-01-01T00:00:00.000Z</time></trkpt><trkpt lat="56.2359979" lon="84.5369236"><ele>92.5</ele><time>1970-01-01T00:00:00.000Z</time></trkpt><trkpt lat="56.2360429" lon="84.5370237"><ele>90.7</ele><time>1970-01-01T00:00:00.000Z</time></trkpt><trkpt lat="56.2360878" lon="84.5371061"><ele>90.3</ele><time>1970-01-01T00:00:00.000Z</time></trkpt><trkpt lat="56.2361423" lon="84.5371956"><ele>91.4</ele><time>1970-01-01T00:00:00.000Z</time></trkpt><trkpt lat="56.2361949" lon="84.5373062"><ele>92.4</ele><time>1970-01-01T00:00:00.000Z</time></trkpt><trkpt lat="56.2362324" lon="84.5374216"><ele>91.6</ele><time>1970-01-01T00:00:00.000Z</time></trkpt><trkpt lat="56.2362565" lon="84.5375348"><ele>91.2</ele><time>1970-01-01T00:00:00.000Z</time></trkpt><trkpt lat="56.2362909" lon="84.5376452"><ele>90.4</ele><time>1970-01-01T00:00:00.000Z</time></trkpt><trkpt lat="56.2363252" lon="84.5377518"><ele>90.9</ele><time>1970-01-01T00:00:00.000Z</time></trkpt><trkpt lat="56.2363635" lon="84.5378583"><ele>91.3</ele><time>1970-01-01T00:00:00.000Z</time></trkpt><trkpt lat="56.2364251" lon="84.5379525"><ele>92</ele><time>1970-01-01T00:00:00.000Z</time></trkpt><trkpt lat="56.2364793" lon="84.5380404"><ele>92.4</ele><time>1970-01-01T00:00:00.000Z</time></trkpt><trkpt lat="56.2365227" lon="84.5381413"><ele>91.7</ele><time>1970-01-01T00:00:00.000Z</time></trkpt><trkpt lat="56.2365629" lon="84.5382408"><ele>91.3</ele><time>1970-01-01T00:00:00.000Z</time></trkpt><trkpt lat="56.2366096" lon="84.5383158"><ele>91.1</ele><time>1970-01-01T00:00:00.000Z</time></trkpt><trkpt lat="56.2366539" lon="84.5384128"><ele>90.1</ele><time>1970-01-01T00:00:00.000Z</time></trkpt><trkpt lat="56.2366941" lon="84.538517"><ele>91.1</ele><time>1970-01-01T00:00:00.000Z</time></trkpt><trkpt lat="56.2367389" lon="84.5386011"><ele>91.7</ele><time>1970-01-01T00:00:00.000Z</time></trkpt><trkpt lat="56.236778" lon="84.5386782"><ele>91</ele><time>1970-01-01T00:00:00.000Z</time></trkpt><trkpt lat="56.2368168" lon="84.5387726"><ele>90.7</ele><time>1970-01-01T00:00:00.000Z</time></trkpt><trkpt lat="56.2368609" lon="84.538881"><ele>90.3</ele><time>1970-01-01T00:00:00.000Z</time></trkpt><trkpt lat="56.2368976" lon="84.5390034"><ele>91.1</ele><time>1970-01-01T00:00:00.000Z</time></trkpt><trkpt lat="56.2369348" lon="84.5391099"><ele>91</ele><time>1970-01-01T00:00:00.000Z</time></trkpt><trkpt lat="56.2369881" lon="84.5392109"><ele>90.8</ele><time>1970-01-01T00:00:00.000Z</time></trkpt><trkpt lat="56.2370407" lon="84.5392861"><ele>91.8</ele><time>1970-01-01T00:00:00.000Z</time></trkpt><trkpt lat="56.2370993" lon="84.5393663"><ele>90.9</ele><time>1970-01-01T00:00:00.000Z</time></trkpt><trkpt lat="56.237138" lon="84.5394591"><ele>90.6</ele><time>1970-01-01T00:00:00.000Z</time></trkpt><trkpt lat="56.2371824" lon="84.539537"><ele>93.3</ele><time>1970-01-01T00:00:00.000Z</time></trkpt><trkpt lat="56.2372328" lon="84.5396213"><ele>91.9</ele><time>1970-01-01T00:00:00.000Z</time></trkpt><trkpt lat="56.2372839" lon="84.5397041"><ele>93.4</ele><time>1970-01-01T00:00:00.000Z</time></trkpt><trkpt lat="56.2373343" lon="84.5397923"><ele>93.8</ele><time>1970-01-01T00:00:00.000Z</time></trkpt><trkpt lat="56.2373914" lon="84.5398682"><ele>93.6</ele><time>1970-01-01T00:00:00.000Z</time></trkpt><trkpt lat="56.2374431" lon="84.5399392"><ele>92.1</ele><time>1970-01-01T00:00:00.000Z</time></trkpt><trkpt lat="56.2375026" lon="84.5400071"><ele>91.3</ele><time>1970-01-01T00:00:00.000Z</time></trkpt><trkpt lat="56.2375584" lon="84.5400841"><ele>91.1</ele><time>1970-01-01T00:00:00.000Z</time></trkpt><trkpt lat="56.2376123" lon="84.540168"><ele>90.5</ele><time>1970-01-01T00:00:00.000Z</time></trkpt><trkpt lat="56.2376516" lon="84.5402592"><ele>90.4</ele><time>1970-01-01T00:00:00.000Z</time></trkpt><trkpt lat="56.2377002" lon="84.5403451"><ele>90.5</ele><time>1970-01-01T00:00:00.000Z</time></trkpt><trkpt lat="56.2377491" lon="84.540425"><ele>89.7</ele><time>1970-01-01T00:00:00.000Z</time></trkpt><trkpt lat="56.2377918" lon="84.5404974"><ele>91.2</ele><time>1970-01-01T00:00:00.000Z</time></trkpt><trkpt lat="56.2378406" lon="84.5405953"><ele>91.2</ele><time>1970-01-01T00:00:00.000Z</time></trkpt><trkpt lat="56.2378887" lon="84.5406926"><ele>89.8</ele><time>1970-01-01T00:00:00.000Z</time></trkpt><trkpt lat="56.237944" lon="84.5407933"><ele>89.8</ele><time>1970-01-01T00:00:00.000Z</time></trkpt><trkpt lat="56.2379779" lon="84.5409004"><ele>88.8</ele><time>1970-01-01T00:00:00.000Z</time></trkpt><trkpt lat="56.2380125" lon="84.541009"><ele>87.8</ele><time>1970-01-01T00:00:00.000Z</time></trkpt><trkpt lat="56.2380488" lon="84.5411109"><ele>87.7</ele><time>1970-01-01T00:00:00.000Z</time></trkpt><trkpt lat="56.2380958" lon="84.5412395"><ele>85.9</ele><time>1970-01-01T00:00:00.000Z</time></trkpt><trkpt lat="56.2381367" lon="84.541342"><ele>85.2</ele><time>1970-01-01T00:00:00.000Z</time></trkpt><trkpt lat="56.2381699" lon="84.5414386"><ele>85.3</ele><time>1970-01-01T00:00:00.000Z</time></trkpt><trkpt lat="56.2382119" lon="84.5415643"><ele>86.1</ele><time>1970-01-01T00:00:00.000Z</time></trkpt><trkpt lat="56.2382447" lon="84.5416556"><ele>84.7</ele><time>1970-01-01T00:00:00.000Z</time></trkpt><trkpt lat="56.2382844" lon="84.5417687"><ele>85.9</ele><time>1970-01-01T00:00:00.000Z</time></trkpt><trkpt lat="56.2383279" lon="84.5418698"><ele>86.2</ele><time>1970-01-01T00:00:00.000Z</time></trkpt><trkpt lat="56.2383688" lon="84.5419774"><ele>87.2</ele><time>1970-01-01T00:00:00.000Z</time></trkpt><trkpt lat="56.2384055" lon="84.542081"><ele>86.6</ele><time>1970-01-01T00:00:00.000Z</time></trkpt><trkpt lat="56.2384415" lon="84.5421941"><ele>86.5</ele><time>1970-01-01T00:00:00.000Z</time></trkpt><trkpt lat="56.2384858" lon="84.5422931"><ele>85.7</ele><time>1970-01-01T00:00:00.000Z</time></trkpt><trkpt lat="56.2385408" lon="84.5423966"><ele>85.2</ele><time>1970-01-01T00:00:00.000Z</time></trkpt><trkpt lat="56.2385812" lon="84.542487"><ele>85.7</ele><time>1970-01-01T00:00:00.000Z</time></trkpt><trkpt lat="56.2386257" lon="84.542603"><ele>86</ele><time>1970-01-01T00:00:00.000Z</time></trkpt><trkpt lat="56.2386744" lon="84.5426899"><ele>85.4</ele><time>1970-01-01T00:00:00.000Z</time></trkpt><trkpt lat="56.2387362" lon="84.5427577"><ele>84.8</ele><time>1970-01-01T00:00:00.000Z</time></trkpt><trkpt lat="56.2387943" lon="84.5427752"><ele>87.3</ele><time>1970-01-01T00:00:00.000Z</time></trkpt><trkpt lat="56.2388044" lon="84.5427777"><ele>87.5</ele><time>1970-01-01T00:00:00.000Z</time></trkpt><trkpt lat="56.2388082" lon="84.5427761"><ele>89.5</ele><time>1970-01-01T00:00:00.000Z</time></trkpt><trkpt lat="56.2388164" lon="84.5427873"><ele>90.2</ele><time>1970-01-01T00:00:00.000Z</time></trkpt><trkpt lat="56.238821" lon="84.5428004"><ele>90</ele><time>1970-01-01T00:00:00.000Z</time></trkpt><trkpt lat="56.2388252" lon="84.5428002"><ele>89.8</ele><time>1970-01-01T00:00:00.000Z</time></trkpt><trkpt lat="56.2388277" lon="84.5428015"><ele>89.9</ele><time>1970-01-01T00:00:00.000Z</time></trkpt><trkpt lat="56.2388273" lon="84.5427848"><ele>87.6</ele><time>1970-01-01T00:00:00.000Z</time></trkpt><trkpt lat="56.2388276" lon="84.5428046"><ele>87.3</ele><time>1970-01-01T00:00:00.000Z</time></trkpt><trkpt lat="56.2388277" lon="84.5428066"><ele>86.9</ele><time>1970-01-01T00:00:00.000Z</time></trkpt><trkpt lat="56.2388368" lon="84.5428294"><ele>85.9</ele><time>1970-01-01T00:00:00.000Z</time></trkpt><trkpt lat="56.2388499" lon="84.5428659"><ele>85.5</ele><time>1970-01-01T00:00:00.000Z</time></trkpt><trkpt lat="56.238846" lon="84.5428703"><ele>85.9</ele><time>1970-01-01T00:00:00.000Z</time></trkpt><trkpt lat="56.2388526" lon="84.5428787"><ele>85.7</ele><time>1970-01-01T00:00:00.000Z</time></trkpt><trkpt lat="56.2388515" lon="84.5428813"><ele>85.7</ele><time>1970-01-01T00:00:00.000Z</time></trkpt><trkpt lat="56.2388513" lon="84.5428827"><ele>85.7</ele><time>1970-01-01T00:00:00.000Z</time></trkpt><trkpt lat="56.2388494" lon="84.542884"><ele>85.5</ele><time>1970-01-01T00:00:00.000Z</time></trkpt><trkpt lat="56.2388485" lon="84.5428828"><ele>85.4</ele><time>1970-01-01T00:00:00.000Z</time></trkpt><trkpt lat="56.2388479" lon="84.5428838"><ele>85.4</ele><time>1970-01-01T00:00:00.000Z</time></trkpt><trkpt lat="56.2388479" lon="84.5428846"><ele>85.4</ele><time>1970-01-01T00:00:00.000Z</time></trkpt><trkpt lat="56.2388478" lon="84.5428859"><ele>85.5</ele><time>1970-01-01T00:00:00.000Z</time></trkpt><trkpt lat="56.2388321" lon="84.5428924"><ele>86.8</ele><time>1970-01-01T00:00:00.000Z</time></trkpt><trkpt lat="56.2388306" lon="84.5428949"><ele>86.8</ele><time>1970-01-01T00:00:00.000Z</time></trkpt><trkpt lat="56.2388293" lon="84.5429005"><ele>87.2</ele><time>1970-01-01T00:00:00.000Z</time></trkpt><trkpt lat="56.2388274" lon="84.542898"><ele>88.2</ele><time>1970-01-01T00:00:00.000Z</time></trkpt><trkpt lat="56.2388259" lon="84.5428931"><ele>88.2</ele><time>1970-01-01T00:00:00.000Z</time></trkpt><trkpt lat="56.2388281" lon="84.5428903"><ele>89.2</ele><time>1970-01-01T00:00:00.000Z</time></trkpt><trkpt lat="56.2388269" lon="84.5428994"><ele>89.7</ele><time>1970-01-01T00:00:00.000Z</time></trkpt><trkpt lat="56.2388264" lon="84.5428964"><ele>89.3</ele><time>1970-01-01T00:00:00.000Z</time></trkpt><trkpt lat="56.2388238" lon="84.5428942"><ele>89.3</ele><time>1970-01-01T00:00:00.000Z</time></trkpt><trkpt lat="56.2388244" lon="84.5428949"><ele>88.7</ele><time>1970-01-01T00:00:00.000Z</time></trkpt><trkpt lat="56.2388158" lon="84.5428954"><ele>88.7</ele><time>1970-01-01T00:00:00.000Z</time></trkpt><trkpt lat="56.2388163" lon="84.5428996"><ele>88.7</ele><time>1970-01-01T00:00:00.000Z</time></trkpt><trkpt lat="56.2388142" lon="84.5429012"><ele>88.7</ele><time>1970-01-01T00:00:00.000Z</time></trkpt><trkpt lat="56.2388155" lon="84.5428985"><ele>88.7</ele><time>1970-01-01T00:00:00.000Z</time></trkpt><trkpt lat="56.2388157" lon="84.5428961"><ele>88.7</ele><time>1970-01-01T00:00:00.000Z</time></trkpt><trkpt lat="56.2388157" lon="84.5428965"><ele>88.8</ele><time>1970-01-01T00:00:00.000Z</time></trkpt><trkpt lat="56.2388155" lon="84.5428977"><ele>88.7</ele><time>1970-01-01T00:00:00.000Z</time></trkpt><trkpt lat="56.2388153" lon="84.542898"><ele>88.7</ele><time>1970-01-01T00:00:00.000Z</time></trkpt><trkpt lat="56.2388152" lon="84.5428985"><ele>88.7</ele><time>1970-01-01T00:00:00.000Z</time></trkpt><trkpt lat="56.2388153" lon="84.5428998"><ele>88.7</ele><time>1970-01-01T00:00:00.000Z</time></trkpt><trkpt lat="56.2388154" lon="84.5429009"><ele>88.7</ele><time>1970-01-01T00:00:00.000Z</time></trkpt><trkpt lat="56.2388154" lon="84.5429015"><ele>88.7</ele><time>1970-01-01T00:00:00.000Z</time></trkpt><trkpt lat="56.2388155" lon="84.5429029"><ele>88.7</ele><time>1970-01-01T00:00:00.000Z</time></trkpt><trkpt lat="56.2388155" lon="84.5429035"><ele>88.7</ele><time>1970-01-01T00:00:00.000Z</time></trkpt><trkpt lat="56.2388154" lon="84.5429041"><ele>88.7</ele><time>1970-01-01T00:00:00.000Z</time></trkpt><trkpt lat="56.238806" lon="84.5429074"><ele>89.5</ele><time>1970-01-01T00:00:00.000Z</time></trkpt><trkpt lat="56.238805" lon="84.5429108"><ele>89.5</ele><time>1970-01-01T00:00:00.000Z</time></trkpt><trkpt lat="56.2388082" lon="84.5429141"><ele>89.3</ele><time>1970-01-01T00:00:00.000Z</time></trkpt><trkpt lat="56.2388103" lon="84.5429142"><ele>89</ele><time>1970-01-01T00:00:00.000Z</time></trkpt><trkpt lat="56.2388102" lon="84.5429146"><ele>89</ele><time>1970-01-01T00:00:00.000Z</time></trkpt><trkpt lat="56.2388133" lon="84.5429194"><ele>88.6</ele><time>1970-01-01T00:00:00.000Z</time></trkpt><trkpt lat="56.2388136" lon="84.5429189"><ele>88.7</ele><time>1970-01-01T00:00:00.000Z</time></trkpt><trkpt lat="56.2388114" lon="84.542929"><ele>88.9</ele><time>1970-01-01T00:00:00.000Z</time></trkpt><trkpt lat="56.2388109" lon="84.5429296"><ele>88.8</ele><time>1970-01-01T00:00:00.000Z</time></trkpt><trkpt lat="56.2388111" lon="84.5429307"><ele>88.8</ele><time>1970-01-01T00:00:00.000Z</time></trkpt><trkpt lat="56.2388076" lon="84.5429342"><ele>89.2</ele><time>1970-01-01T00:00:00.000Z</time></trkpt><trkpt lat="56.2388078" lon="84.5429346"><ele>89.2</ele><time>1970-01-01T00:00:00.000Z</time></trkpt><trkpt lat="56.2388075" lon="84.5429355"><ele>89.2</ele><time>1970-01-01T00:00:00.000Z</time></trkpt><trkpt lat="56.2388074" lon="84.5429357"><ele>89.2</ele><time>1970-01-01T00:00:00.000Z</time></trkpt><trkpt lat="56.2388052" lon="84.542935"><ele>89.1</ele><time>1970-01-01T00:00:00.000Z</time></trkpt><trkpt lat="56.2387842" lon="84.5429223"><ele>90.1</ele><time>1970-01-01T00:00:00.000Z</time></trkpt><trkpt lat="56.2387833" lon="84.5429485"><ele>90.8</ele><time>1970-01-01T00:00:00.000Z</time></trkpt><trkpt lat="56.2387874" lon="84.5429431"><ele>90.2</ele><time>1970-01-01T00:00:00.000Z</time></trkpt><trkpt lat="56.2387866" lon="84.5429395"><ele>91.6</ele><time>1970-01-01T00:00:00.000Z</time></trkpt><trkpt lat="56.2388061" lon="84.5429306"><ele>93.4</ele><time>1970-01-01T00:00:00.000Z</time></trkpt><trkpt lat="56.2388162" lon="84.5429663"><ele>93.6</ele><time>1970-01-01T00:00:00.000Z</time></trkpt><trkpt lat="56.2388123" lon="84.5429659"><ele>93.4</ele><time>1970-01-01T00:00:00.000Z</time></trkpt><trkpt lat="56.2388164" lon="84.5429695"><ele>93.5</ele><time>1970-01-01T00:00:00.000Z</time></trkpt><trkpt lat="56.2388157" lon="84.5429716"><ele>94</ele><time>1970-01-01T00:00:00.000Z</time></trkpt><trkpt lat="56.2388133" lon="84.5429709"><ele>93.6</ele><time>1970-01-01T00:00:00.000Z</time></trkpt><trkpt lat="56.2388124" lon="84.5429613"><ele>93.6</ele><time>1970-01-01T00:00:00.000Z</time></trkpt><trkpt lat="56.2388122" lon="84.5429622"><ele>93.6</ele><time>1970-01-01T00:00:00.000Z</time></trkpt><trkpt lat="56.2388117" lon="84.5429628"><ele>93.7</ele><time>1970-01-01T00:00:00.000Z</time></trkpt><trkpt lat="56.2388113" lon="84.5429632"><ele>93.7</ele><time>1970-01-01T00:00:00.000Z</time></trkpt><trkpt lat="56.2388112" lon="84.5429636"><ele>93.7</ele><time>1970-01-01T00:00:00.000Z</time></trkpt><trkpt lat="56.2388103" lon="84.5429642"><ele>93.6</ele><time>1970-01-01T00:00:00.000Z</time></trkpt><trkpt lat="56.23881" lon="84.5429646"><ele>93.7</ele><time>1970-01-01T00:00:00.000Z</time></trkpt><trkpt lat="56.2388097" lon="84.5429657"><ele>93.7</ele><time>1970-01-01T00:00:00.000Z</time></trkpt><trkpt lat="56.2388064" lon="84.5429624"><ele>93.3</ele><time>1970-01-01T00:00:00.000Z</time></trkpt><trkpt lat="56.238806" lon="84.5429625"><ele>93.3</ele><time>1970-01-01T00:00:00.000Z</time></trkpt><trkpt lat="56.238806" lon="84.5429636"><ele>93.3</ele><time>1970-01-01T00:00:00.000Z</time></trkpt><trkpt lat="56.2388061" lon="84.5429646"><ele>93.2</ele><time>1970-01-01T00:00:00.000Z</time></trkpt><trkpt lat="56.2388057" lon="84.5429656"><ele>93.2</ele><time>1970-01-01T00:00:00.000Z</time></trkpt><trkpt lat="56.2388057" lon="84.5429666"><ele>93.2</ele><time>1970-01-01T00:00:00.000Z</time></trkpt><trkpt lat="56.2388055" lon="84.5429676"><ele>93.2</ele><time>1970-01-01T00:00:00.000Z</time></trkpt><trkpt lat="56.2388054" lon="84.5429684"><ele>93.2</ele><time>1970-01-01T00:00:00.000Z</time></trkpt><trkpt lat="56.2388053" lon="84.5429688"><ele>93.2</ele><time>1970-01-01T00:00:00.000Z</time></trkpt><trkpt lat="56.2388049" lon="84.5429696"><ele>93.2</ele><time>1970-01-01T00:00:00.000Z</time></trkpt><trkpt lat="56.2388021" lon="84.5429683"><ele>93.2</ele><time>1970-01-01T00:00:00.000Z</time></trkpt><trkpt lat="56.2388019" lon="84.5429688"><ele>93.2</ele><time>1970-01-01T00:00:00.000Z</time></trkpt><trkpt lat="56.2388017" lon="84.5429695"><ele>93.2</ele><time>1970-01-01T00:00:00.000Z</time></trkpt><trkpt lat="56.2388014" lon="84.5429698"><ele>93.2</ele><time>1970-01-01T00:00:00.000Z</time></trkpt><trkpt lat="56.2388015" lon="84.5429704"><ele>93.2</ele><time>1970-01-01T00:00:00.000Z</time></trkpt><trkpt lat="56.2388015" lon="84.5429705"><ele>93.2</ele><time>1970-01-01T00:00:00.000Z</time></trkpt><trkpt lat="56.2388014" lon="84.5429707"><ele>93.2</ele><time>1970-01-01T00:00:00.000Z</time></trkpt><trkpt lat="56.2388012" lon="84.5429715"><ele>93.2</ele><time>1970-01-01T00:00:00.000Z</time></trkpt><trkpt lat="56.2388013" lon="84.5429728"><ele>93.3</ele><time>1970-01-01T00:00:00.000Z</time></trkpt><trkpt lat="56.2388011" lon="84.5429736"><ele>93.3</ele><time>1970-01-01T00:00:00.000Z</time></trkpt><trkpt lat="56.238801" lon="84.5429745"><ele>93.3</ele><time>1970-01-01T00:00:00.000Z</time></trkpt><trkpt lat="56.2388009" lon="84.5429759"><ele>93.3</ele><time>1970-01-01T00:00:00.000Z</time></trkpt><trkpt lat="56.2388009" lon="84.542977"><ele>93.3</ele><time>1970-01-01T00:00:00.000Z</time></trkpt><trkpt lat="56.2388025" lon="84.5429785"><ele>93.3</ele><time>1970-01-01T00:00:00.000Z</time></trkpt><trkpt lat="56.2388024" lon="84.5429786"><ele>93.3</ele><time>1970-01-01T00:00:00.000Z</time></trkpt><trkpt lat="56.2388025" lon="84.5429788"><ele>93.3</ele><time>1970-01-01T00:00:00.000Z</time></trkpt><trkpt lat="56.2388024" lon="84.5429793"><ele>93.3</ele><time>1970-01-01T00:00:00.000Z</time></trkpt><trkpt lat="56.2388024" lon="84.5429795"><ele>93.3</ele><time>1970-01-01T00:00:00.000Z</time></trkpt><trkpt lat="56.2388021" lon="84.5429794"><ele>93.3</ele><time>1970-01-01T00:00:00.000Z</time></trkpt><trkpt lat="56.2388022" lon="84.5429795"><ele>93.3</ele><time>1970-01-01T00:00:00.000Z</time></trkpt><trkpt lat="56.2388014" lon="84.5429803"><ele>93.4</ele><time>1970-01-01T00:00:00.000Z</time></trkpt><trkpt lat="56.2388014" lon="84.5429805"><ele>93.3</ele><time>1970-01-01T00:00:00.000Z</time></trkpt><trkpt lat="56.2388013" lon="84.5429854"><ele>93.4</ele><time>1970-01-01T00:00:00.000Z</time></trkpt><trkpt lat="56.2388011" lon="84.542986"><ele>93.4</ele><time>1970-01-01T00:00:00.000Z</time></trkpt><trkpt lat="56.2388012" lon="84.5429865"><ele>93.4</ele><time>1970-01-01T00:00:00.000Z</time></trkpt><trkpt lat="56.2388011" lon="84.5429877"><ele>93.7</ele><time>1970-01-01T00:00:00.000Z</time></trkpt><trkpt lat="56.2388006" lon="84.5429885"><ele>93.5</ele><time>1970-01-01T00:00:00.000Z</time></trkpt><trkpt lat="56.2388119" lon="84.5429954"><ele>93.5</ele><time>1970-01-01T00:00:00.000Z</time></trkpt><trkpt lat="56.2388126" lon="84.5429966"><ele>93.5</ele><time>1970-01-01T00:00:00.000Z</time></trkpt><trkpt lat="56.2388123" lon="84.5429965"><ele>93.6</ele><time>1970-01-01T00:00:00.000Z</time></trkpt><trkpt lat="56.2388163" lon="84.542997"><ele>93.6</ele><time>1970-01-01T00:00:00.000Z</time></trkpt><trkpt lat="56.2388177" lon="84.5429977"><ele>93.6</ele><time>1970-01-01T00:00:00.000Z</time></trkpt><trkpt lat="56.2388157" lon="84.5430003"><ele>93.1</ele><time>1970-01-01T00:00:00.000Z</time></trkpt><trkpt lat="56.2388192" lon="84.5430003"><ele>93.3</ele><time>1970-01-01T00:00:00.000Z</time></trkpt><trkpt lat="56.2388222" lon="84.5430043"><ele>93.2</ele><time>1970-01-01T00:00:00.000Z</time></trkpt><trkpt lat="56.2388217" lon="84.5430069"><ele>92.8</ele><time>1970-01-01T00:00:00.000Z</time></trkpt><trkpt lat="56.2388185" lon="84.5430101"><ele>92.9</ele><time>1970-01-01T00:00:00.000Z</time></trkpt><trkpt lat="56.238821" lon="84.5430101"><ele>93.4</ele><time>1970-01-01T00:00:00.000Z</time></trkpt><trkpt lat="56.2388227" lon="84.5430108"><ele>93.6</ele><time>1970-01-01T00:00:00.000Z</time></trkpt><trkpt lat="56.2388199" lon="84.54301"><ele>93.2</ele><time>1970-01-01T00:00:00.000Z</time></trkpt><trkpt lat="56.2388147" lon="84.5430149"><ele>93.5</ele><time>1970-01-01T00:00:00.000Z</time></trkpt><trkpt lat="56.2388122" lon="84.5430152"><ele>93.5</ele><time>1970-01-01T00:00:00.000Z</time></trkpt><trkpt lat="56.2388126" lon="84.5430132"><ele>93.5</ele><time>1970-01-01T00:00:00.000Z</time></trkpt><trkpt lat="56.2388141" lon="84.5430118"><ele>93.7</ele><time>1970-01-01T00:00:00.000Z</time></trkpt><trkpt lat="56.238816" lon="84.5430094"><ele>94</ele><time>1970-01-01T00:00:00.000Z</time></trkpt><trkpt lat="56.2388176" lon="84.5430051"><ele>94.1</ele><time>1970-01-01T00:00:00.000Z</time></trkpt><trkpt lat="56.2388083" lon="84.5430034"><ele>93.2</ele><time>1970-01-01T00:00:00.000Z</time></trkpt><trkpt lat="56.2387526" lon="84.5429978"><ele>90.4</ele><time>1970-01-01T00:00:00.000Z</time></trkpt><trkpt lat="56.2387083" lon="84.5429286"><ele>89.1</ele><time>1970-01-01T00:00:00.000Z</time></trkpt><trkpt lat="56.2386438" lon="84.5428068"><ele>91.1</ele><time>1970-01-01T00:00:00.000Z</time></trkpt><trkpt lat="56.2386061" lon="84.5426959"><ele>90.6</ele><time>1970-01-01T00:00:00.000Z</time></trkpt><trkpt lat="56.2386002" lon="84.542583"><ele>90.5</ele><time>1970-01-01T00:00:00.000Z</time></trkpt><trkpt lat="56.2386292" lon="84.5425414"><ele>91.8</ele><time>1970-01-01T00:00:00.000Z</time></trkpt><trkpt lat="56.2386277" lon="84.5425417"><ele>91.9</ele><time>1970-01-01T00:00:00.000Z</time></trkpt><trkpt lat="56.2386258" lon="84.5425509"><ele>92</ele><time>1970-01-01T00:00:00.000Z</time></trkpt><trkpt lat="56.2386239" lon="84.5425511"><ele>92</ele><time>1970-01-01T00:00:00.000Z</time></trkpt><trkpt lat="56.2386216" lon="84.542554"><ele>92.1</ele><time>1970-01-01T00:00:00.000Z</time></trkpt><trkpt lat="56.2386186" lon="84.5425537"><ele>91.9</ele><time>1970-01-01T00:00:00.000Z</time></trkpt><trkpt lat="56.2386164" lon="84.5425558"><ele>92</ele><time>1970-01-01T00:00:00.000Z</time></trkpt><trkpt lat="56.2386134" lon="84.5425591"><ele>92.4</ele><time>1970-01-01T00:00:00.000Z</time></trkpt><trkpt lat="56.2386177" lon="84.5425658"><ele>92.6</ele><time>1970-01-01T00:00:00.000Z</time></trkpt><trkpt lat="56.2386168" lon="84.5425657"><ele>92.6</ele><time>1970-01-01T00:00:00.000Z</time></trkpt><trkpt lat="56.2386106" lon="84.5425712"><ele>92.6</ele><time>1970-01-01T00:00:00.000Z</time></trkpt><trkpt lat="56.2386112" lon="84.5425687"><ele>92.6</ele><time>1970-01-01T00:00:00.000Z</time></trkpt><trkpt lat="56.2386081" lon="84.5425692"><ele>92.9</ele><time>1970-01-01T00:00:00.000Z</time></trkpt><trkpt lat="56.2386041" lon="84.5425722"><ele>93</ele><time>1970-01-01T00:00:00.000Z</time></trkpt><trkpt lat="56.2386038" lon="84.5425756"><ele>93.1</ele><time>1970-01-01T00:00:00.000Z</time></trkpt><trkpt lat="56.2386003" lon="84.542579"><ele>93.2</ele><time>1970-01-01T00:00:00.000Z</time></trkpt><trkpt lat="56.2385991" lon="84.5425653"><ele>94</ele><time>1970-01-01T00:00:00.000Z</time></trkpt><trkpt lat="56.2385915" lon="84.5425599"><ele>94.1</ele><time>1970-01-01T00:00:00.000Z</time></trkpt><trkpt lat="56.2385734" lon="84.5426427"><ele>94.5</ele><time>1970-01-01T00:00:00.000Z</time></trkpt><trkpt lat="56.2386306" lon="84.5427604"><ele>93.5</ele><time>1970-01-01T00:00:00.000Z</time></trkpt><trkpt lat="56.238695" lon="84.5428332"><ele>94.2</ele><time>1970-01-01T00:00:00.000Z</time></trkpt><trkpt lat="56.2387388" lon="84.5428869"><ele>94.4</ele><time>1970-01-01T00:00:00.000Z</time></trkpt><trkpt lat="56.2387432" lon="84.5428887"><ele>93.6</ele><time>1970-01-01T00:00:00.000Z</time></trkpt><trkpt lat="56.2387433" lon="84.5428832"><ele>93</ele><time>1970-01-01T00:00:00.000Z</time></trkpt><trkpt lat="56.2388011" lon="84.5429091"><ele>93.3</ele><time>1970-01-01T00:00:00.000Z</time></trkpt><trkpt lat="56.2388386" lon="84.5429206"><ele>94.8</ele><time>1970-01-01T00:00:00.000Z</time></trkpt><trkpt lat="56.2388493" lon="84.542956"><ele>96.8</ele><time>1970-01-01T00:00:00.000Z</time></trkpt><trkpt lat="56.2388427" lon="84.5429583"><ele>96.8</ele><time>1970-01-01T00:00:00.000Z</time></trkpt><trkpt lat="56.238841" lon="84.5429602"><ele>97</ele><time>1970-01-01T00:00:00.000Z</time></trkpt><trkpt lat="56.2388406" lon="84.5429656"><ele>96.8</ele><time>1970-01-01T00:00:00.000Z</time></trkpt><trkpt lat="56.2388391" lon="84.5429727"><ele>96.8</ele><time>1970-01-01T00:00:00.000Z</time></trkpt><trkpt lat="56.2388359" lon="84.5429802"><ele>96.8</ele><time>1970-01-01T00:00:00.000Z</time></trkpt><trkpt lat="56.2388272" lon="84.5430043"><ele>96.5</ele><time>1970-01-01T00:00:00.000Z</time></trkpt><trkpt lat="56.2388271" lon="84.5430074"><ele>96.5</ele><time>1970-01-01T00:00:00.000Z</time></trkpt><trkpt lat="56.2388287" lon="84.5430135"><ele>96.5</ele><time>1970-01-01T00:00:00.000Z</time></trkpt><trkpt lat="56.2388288" lon="84.5430618"><ele>96.4</ele><time>1970-01-01T00:00:00.000Z</time></trkpt><trkpt lat="56.2388489" lon="84.5431279"><ele>96.7</ele><time>1970-01-01T00:00:00.000Z</time></trkpt><trkpt lat="56.2388727" lon="84.5431884"><ele>96</ele><time>1970-01-01T00:00:00.000Z</time></trkpt><trkpt lat="56.2389127" lon="84.5432569"><ele>95.9</ele><time>1970-01-01T00:00:00.000Z</time></trkpt><trkpt lat="56.2389654" lon="84.5433671"><ele>94.3</ele><time>1970-01-01T00:00:00.000Z</time></trkpt><trkpt lat="56.2390168" lon="84.5434752"><ele>93.1</ele><time>1970-01-01T00:00:00.000Z</time></trkpt><trkpt lat="56.2390478" lon="84.5435516"><ele>90.4</ele><time>1970-01-01T00:00:00.000Z</time></trkpt><trkpt lat="56.239085" lon="84.5436174"><ele>89.9</ele><time>1970-01-01T00:00:00.000Z</time></trkpt><trkpt lat="56.239127" lon="84.5436744"><ele>87</ele><time>1970-01-01T00:00:00.000Z</time></trkpt><trkpt lat="56.2391747" lon="84.543738"><ele>83.6</ele><time>1970-01-01T00:00:00.000Z</time></trkpt><trkpt lat="56.239221" lon="84.5437816"><ele>85</ele><time>1970-01-01T00:00:00.000Z</time></trkpt><trkpt lat="56.239235" lon="84.5437977"><ele>84</ele><time>1970-01-01T00:00:00.000Z</time></trkpt><trkpt lat="56.2392728" lon="84.543903"><ele>82</ele><time>1970-01-01T00:00:00.000Z</time></trkpt><trkpt lat="56.2393229" lon="84.5440255"><ele>82.6</ele><time>1970-01-01T00:00:00.000Z</time></trkpt><trkpt lat="56.2393828" lon="84.5441221"><ele>84.4</ele><time>1970-01-01T00:00:00.000Z</time></trkpt><trkpt lat="56.2394269" lon="84.5442549"><ele>85.2</ele><time>1970-01-01T00:00:00.000Z</time></trkpt><trkpt lat="56.2394726" lon="84.5443673"><ele>85.6</ele><time>1970-01-01T00:00:00.000Z</time></trkpt><trkpt lat="56.2395257" lon="84.5444655"><ele>86.1</ele><time>1970-01-01T00:00:00.000Z</time></trkpt><trkpt lat="56.239572" lon="84.5445687"><ele>87</ele><time>1970-01-01T00:00:00.000Z</time></trkpt><trkpt lat="56.2396254" lon="84.5447015"><ele>87.8</ele><time>1970-01-01T00:00:00.000Z</time></trkpt><trkpt lat="56.2396741" lon="84.5448214"><ele>88.5</ele><time>1970-01-01T00:00:00.000Z</time></trkpt><trkpt lat="56.2397337" lon="84.5449648"><ele>87.7</ele><time>1970-01-01T00:00:00.000Z</time></trkpt><trkpt lat="56.2397856" lon="84.54505"><ele>87.4</ele><time>1970-01-01T00:00:00.000Z</time></trkpt><trkpt lat="56.2398217" lon="84.5451879"><ele>88.8</ele><time>1970-01-01T00:00:00.000Z</time></trkpt><trkpt lat="56.2398424" lon="84.5453532"><ele>89</ele><time>1970-01-01T00:00:00.000Z</time></trkpt><trkpt lat="56.2398589" lon="84.5454675"><ele>89.5</ele><time>1970-01-01T00:00:00.000Z</time></trkpt><trkpt lat="56.2398624" lon="84.5455728"><ele>88.1</ele><time>1970-01-01T00:00:00.000Z</time></trkpt><trkpt lat="56.239854" lon="84.5456781"><ele>88.3</ele><time>1970-01-01T00:00:00.000Z</time></trkpt><trkpt lat="56.2398464" lon="84.545803"><ele>89.2</ele><time>1970-01-01T00:00:00.000Z</time></trkpt><trkpt lat="56.2398466" lon="84.5459327"><ele>88.9</ele><time>1970-01-01T00:00:00.000Z</time></trkpt><trkpt lat="56.2398432" lon="84.5460406"><ele>89.3</ele><time>1970-01-01T00:00:00.000Z</time></trkpt><trkpt lat="56.2398265" lon="84.5462046"><ele>91.5</ele><time>1970-01-01T00:00:00.000Z</time></trkpt><trkpt lat="56.2398078" lon="84.5463206"><ele>90.4</ele><time>1970-01-01T00:00:00.000Z</time></trkpt><trkpt lat="56.2397928" lon="84.5464318"><ele>90.8</ele><time>1970-01-01T00:00:00.000Z</time></trkpt><trkpt lat="56.239779" lon="84.5465518"><ele>89.9</ele><time>1970-01-01T00:00:00.000Z</time></trkpt><trkpt lat="56.2397616" lon="84.5466626"><ele>89.5</ele><time>1970-01-01T00:00:00.000Z</time></trkpt><trkpt lat="56.2397276" lon="84.5467644"><ele>89.1</ele><time>1970-01-01T00:00:00.000Z</time></trkpt><trkpt lat="56.2397028" lon="84.546819"><ele>88.7</ele><time>1970-01-01T00:00:00.000Z</time></trkpt><trkpt lat="56.239688" lon="84.5469124"><ele>87.6</ele><time>1970-01-01T00:00:00.000Z</time></trkpt><trkpt lat="56.239701" lon="84.5470008"><ele>86.1</ele><time>1970-01-01T00:00:00.000Z</time></trkpt><trkpt lat="56.2397112" lon="84.5471676"><ele>87.6</ele><time>1970-01-01T00:00:00.000Z</time></trkpt><trkpt lat="56.2396905" lon="84.5472939"><ele>86.7</ele><time>1970-01-01T00:00:00.000Z</time></trkpt><trkpt lat="56.2396733" lon="84.5474177"><ele>85.6</ele><time>1970-01-01T00:00:00.000Z</time></trkpt><trkpt lat="56.2396659" lon="84.547519"><ele>86.5</ele><time>1970-01-01T00:00:00.000Z</time></trkpt><trkpt lat="56.2396482" lon="84.547654"><ele>89</ele><time>1970-01-01T00:00:00.000Z</time></trkpt><trkpt lat="56.2396332" lon="84.5477891"><ele>90.1</ele><time>1970-01-01T00:00:00.000Z</time></trkpt><trkpt lat="56.2396221" lon="84.5479228"><ele>87.9</ele><time>1970-01-01T00:00:00.000Z</time></trkpt><trkpt lat="56.2396062" lon="84.5480511"><ele>88.7</ele><time>1970-01-01T00:00:00.000Z</time></trkpt><trkpt lat="56.2395915" lon="84.5481779"><ele>89.7</ele><time>1970-01-01T00:00:00.000Z</time></trkpt><trkpt lat="56.2395846" lon="84.5483092"><ele>90.2</ele><time>1970-01-01T00:00:00.000Z</time></trkpt><trkpt lat="56.2395709" lon="84.548419"><ele>90.4</ele><time>1970-01-01T00:00:00.000Z</time></trkpt><trkpt lat="56.2395661" lon="84.5485584"><ele>90.8</ele><time>1970-01-01T00:00:00.000Z</time></trkpt><trkpt lat="56.2395603" lon="84.5486689"><ele>90.8</ele><time>1970-01-01T00:00:00.000Z</time></trkpt><trkpt lat="56.239546" lon="84.5487915"><ele>89.6</ele><time>1970-01-01T00:00:00.000Z</time></trkpt><trkpt lat="56.2395335" lon="84.5489039"><ele>89.3</ele><time>1970-01-01T00:00:00.000Z</time></trkpt><trkpt lat="56.2395282" lon="84.5490521"><ele>90.2</ele><time>1970-01-01T00:00:00.000Z</time></trkpt><trkpt lat="56.2395267" lon="84.5491745"><ele>91.8</ele><time>1970-01-01T00:00:00.000Z</time></trkpt><trkpt lat="56.2395051" lon="84.549308"><ele>90.5</ele><time>1970-01-01T00:00:00.000Z</time></trkpt><trkpt lat="56.239499" lon="84.5494263"><ele>90.4</ele><time>1970-01-01T00:00:00.000Z</time></trkpt><trkpt lat="56.2394866" lon="84.5495761"><ele>91.9</ele><time>1970-01-01T00:00:00.000Z</time></trkpt><trkpt lat="56.2394745" lon="84.5496808"><ele>91.4</ele><time>1970-01-01T00:00:00.000Z</time></trkpt><trkpt lat="56.2394644" lon="84.549794"><ele>91.8</ele><time>1970-01-01T00:00:00.000Z</time></trkpt><trkpt lat="56.2394523" lon="84.549924"><ele>93.7</ele><time>1970-01-01T00:00:00.000Z</time></trkpt><trkpt lat="56.2394295" lon="84.5500449"><ele>94.1</ele><time>1970-01-01T00:00:00.000Z</time></trkpt><trkpt lat="56.2394148" lon="84.5501846"><ele>95</ele><time>1970-01-01T00:00:00.000Z</time></trkpt><trkpt lat="56.2394044" lon="84.5503365"><ele>95.2</ele><time>1970-01-01T00:00:00.000Z</time></trkpt><trkpt lat="56.2393981" lon="84.5504981"><ele>96.8</ele><time>1970-01-01T00:00:00.000Z</time></trkpt><trkpt lat="56.2393876" lon="84.5506108"><ele>94.7</ele><time>1970-01-01T00:00:00.000Z</time></trkpt><trkpt lat="56.2393863" lon="84.5507217"><ele>94.3</ele><time>1970-01-01T00:00:00.000Z</time></trkpt><trkpt lat="56.239386" lon="84.5508523"><ele>95.4</ele><time>1970-01-01T00:00:00.000Z</time></trkpt><trkpt lat="56.2393761" lon="84.5509636"><ele>95.2</ele><time>1970-01-01T00:00:00.000Z</time></trkpt><trkpt lat="56.2393515" lon="84.5511341"><ele>97.1</ele><time>1970-01-01T00:00:00.000Z</time></trkpt><trkpt lat="56.2393294" lon="84.5512874"><ele>97.4</ele><time>1970-01-01T00:00:00.000Z</time></trkpt><trkpt lat="56.2393158" lon="84.5514029"><ele>98.1</ele><time>1970-01-01T00:00:00.000Z</time></trkpt><trkpt lat="56.2393066" lon="84.5515346"><ele>97.9</ele><time>1970-01-01T00:00:00.000Z</time></trkpt><trkpt lat="56.2393132" lon="84.5516643"><ele>97.7</ele><time>1970-01-01T00:00:00.000Z</time></trkpt><trkpt lat="56.2393028" lon="84.551777"><ele>97</ele><time>1970-01-01T00:00:00.000Z</time></trkpt><trkpt lat="56.2392901" lon="84.5518805"><ele>96.7</ele><time>1970-01-01T00:00:00.000Z</time></trkpt><trkpt lat="56.2392897" lon="84.5519768"><ele>95.1</ele><time>1970-01-01T00:00:00.000Z</time></trkpt><trkpt lat="56.2392936" lon="84.5521241"><ele>95.7</ele><time>1970-01-01T00:00:00.000Z</time></trkpt><trkpt lat="56.2392932" lon="84.5522532"><ele>96.9</ele><time>1970-01-01T00:00:00.000Z</time></trkpt><trkpt lat="56.2392903" lon="84.552384"><ele>96.1</ele><time>1970-01-01T00:00:00.000Z</time></trkpt><trkpt lat="56.2392875" lon="84.5525043"><ele>95.1</ele><time>1970-01-01T00:00:00.000Z</time></trkpt><trkpt lat="56.2392818" lon="84.5526431"><ele>93.9</ele><time>1970-01-01T00:00:00.000Z</time></trkpt><trkpt lat="56.2392752" lon="84.5527556"><ele>94</ele><time>1970-01-01T00:00:00.000Z</time></trkpt><trkpt lat="56.2392797" lon="84.5528935"><ele>93.1</ele><time>1970-01-01T00:00:00.000Z</time></trkpt><trkpt lat="56.2392873" lon="84.553007"><ele>92.2</ele><time>1970-01-01T00:00:00.000Z</time></trkpt><trkpt lat="56.2392748" lon="84.5531426"><ele>90.4</ele><time>1970-01-01T00:00:00.000Z</time></trkpt><trkpt lat="56.2392805" lon="84.553283"><ele>90.7</ele><time>1970-01-01T00:00:00.000Z</time></trkpt><trkpt lat="56.2392819" lon="84.5534398"><ele>90.5</ele><time>1970-01-01T00:00:00.000Z</time></trkpt><trkpt lat="56.2392927" lon="84.5535691"><ele>88.7</ele><time>1970-01-01T00:00:00.000Z</time></trkpt><trkpt lat="56.2393029" lon="84.5536916"><ele>89.8</ele><time>1970-01-01T00:00:00.000Z</time></trkpt><trkpt lat="56.239298" lon="84.5538066"><ele>86.4</ele><time>1970-01-01T00:00:00.000Z</time></trkpt><trkpt lat="56.2393121" lon="84.5539147"><ele>85.2</ele><time>1970-01-01T00:00:00.000Z</time></trkpt><trkpt lat="56.2393211" lon="84.5540127"><ele>84.9</ele><time>1970-01-01T00:00:00.000Z</time></trkpt><trkpt lat="56.2393127" lon="84.5541464"><ele>86.3</ele><time>1970-01-01T00:00:00.000Z</time></trkpt><trkpt lat="56.2393021" lon="84.5542918"><ele>90.8</ele><time>1970-01-01T00:00:00.000Z</time></trkpt><trkpt lat="56.2392867" lon="84.5544491"><ele>91.9</ele><time>1970-01-01T00:00:00.000Z</time></trkpt><trkpt lat="56.2392818" lon="84.5545643"><ele>91.4</ele><time>1970-01-01T00:00:00.000Z</time></trkpt><trkpt lat="56.2392691" lon="84.5546769"><ele>92.4</ele><time>1970-01-01T00:00:00.000Z</time></trkpt><trkpt lat="56.239293" lon="84.5547838"><ele>93.8</ele><time>1970-01-01T00:00:00.000Z</time></trkpt><trkpt lat="56.2393009" lon="84.55494"><ele>94.4</ele><time>1970-01-01T00:00:00.000Z</time></trkpt><trkpt lat="56.23931" lon="84.5550786"><ele>95.1</ele><time>1970-01-01T00:00:00.000Z</time></trkpt><trkpt lat="56.2393235" lon="84.5552059"><ele>94.8</ele><time>1970-01-01T00:00:00.000Z</time></trkpt><trkpt lat="56.2393342" lon="84.5553132"><ele>95</ele><time>1970-01-01T00:00:00.000Z</time></trkpt><trkpt lat="56.2393608" lon="84.5554049"><ele>94</ele><time>1970-01-01T00:00:00.000Z</time></trkpt><trkpt lat="56.2393878" lon="84.5555003"><ele>92.8</ele><time>1970-01-01T00:00:00.000Z</time></trkpt><trkpt lat="56.2394142" lon="84.55562"><ele>93.8</ele><time>1970-01-01T00:00:00.000Z</time></trkpt><trkpt lat="56.2394373" lon="84.5557436"><ele>93.8</ele><time>1970-01-01T00:00:00.000Z</time></trkpt><trkpt lat="56.2394688" lon="84.5558553"><ele>93.9</ele><time>1970-01-01T00:00:00.000Z</time></trkpt><trkpt lat="56.2395007" lon="84.5559692"><ele>93.3</ele><time>1970-01-01T00:00:00.000Z</time></trkpt><trkpt lat="56.239536" lon="84.5560795"><ele>93.1</ele><time>1970-01-01T00:00:00.000Z</time></trkpt><trkpt lat="56.2395694" lon="84.5561991"><ele>92.5</ele><time>1970-01-01T00:00:00.000Z</time></trkpt><trkpt lat="56.2395994" lon="84.5563091"><ele>93</ele><time>1970-01-01T00:00:00.000Z</time></trkpt><trkpt lat="56.23963" lon="84.5564271"><ele>93.6</ele><time>1970-01-01T00:00:00.000Z</time></trkpt><trkpt lat="56.2396643" lon="84.5565319"><ele>94.2</ele><time>1970-01-01T00:00:00.000Z</time></trkpt><trkpt lat="56.2396891" lon="84.5566581"><ele>94.1</ele><time>1970-01-01T00:00:00.000Z</time></trkpt><trkpt lat="56.2397157" lon="84.5567879"><ele>95.2</ele><time>1970-01-01T00:00:00.000Z</time></trkpt><trkpt lat="56.2397392" lon="84.5569185"><ele>94.2</ele><time>1970-01-01T00:00:00.000Z</time></trkpt><trkpt lat="56.2397671" lon="84.5570419"><ele>94.2</ele><time>1970-01-01T00:00:00.000Z</time></trkpt><trkpt lat="56.239791" lon="84.5571681"><ele>94.2</ele><time>1970-01-01T00:00:00.000Z</time></trkpt><trkpt lat="56.2398291" lon="84.5572924"><ele>94.9</ele><time>1970-01-01T00:00:00.000Z</time></trkpt><trkpt lat="56.2398606" lon="84.5574018"><ele>94.4</ele><time>1970-01-01T00:00:00.000Z</time></trkpt><trkpt lat="56.2398938" lon="84.5575116"><ele>93.5</ele><time>1970-01-01T00:00:00.000Z</time></trkpt><trkpt lat="56.2399224" lon="84.5576145"><ele>92.6</ele><time>1970-01-01T00:00:00.000Z</time></trkpt><trkpt lat="56.2399525" lon="84.5577157"><ele>92</ele><time>1970-01-01T00:00:00.000Z</time></trkpt><trkpt lat="56.2399824" lon="84.5578255"><ele>91.8</ele><time>1970-01-01T00:00:00.000Z</time></trkpt><trkpt lat="56.2400019" lon="84.5579341"><ele>91.7</ele><time>1970-01-01T00:00:00.000Z</time></trkpt><trkpt lat="56.240022" lon="84.5580238"><ele>92.1</ele><time>1970-01-01T00:00:00.000Z</time></trkpt><trkpt lat="56.2400628" lon="84.5581452"><ele>92.1</ele><time>1970-01-01T00:00:00.000Z</time></trkpt><trkpt lat="56.2400978" lon="84.5582713"><ele>91.9</ele><time>1970-01-01T00:00:00.000Z</time></trkpt><trkpt lat="56.2401382" lon="84.5583798"><ele>91.8</ele><time>1970-01-01T00:00:00.000Z</time></trkpt><trkpt lat="56.2401792" lon="84.5584822"><ele>90.8</ele><time>1970-01-01T00:00:00.000Z</time></trkpt><trkpt lat="56.24022" lon="84.5586078"><ele>90.5</ele><time>1970-01-01T00:00:00.000Z</time></trkpt><trkpt lat="56.2402586" lon="84.5587275"><ele>90.5</ele><time>1970-01-01T00:00:00.000Z</time></trkpt><trkpt lat="56.2402991" lon="84.5588381"><ele>92.6</ele><time>1970-01-01T00:00:00.000Z</time></trkpt><trkpt lat="56.2403516" lon="84.5589423"><ele>92</ele><time>1970-01-01T00:00:00.000Z</time></trkpt><trkpt lat="56.2404002" lon="84.559053"><ele>91.7</ele><time>1970-01-01T00:00:00.000Z</time></trkpt><trkpt lat="56.2404443" lon="84.5591313"><ele>91.6</ele><time>1970-01-01T00:00:00.000Z</time></trkpt><trkpt lat="56.2404996" lon="84.5591948"><ele>92.3</ele><time>1970-01-01T00:00:00.000Z</time></trkpt><trkpt lat="56.2405409" lon="84.5592824"><ele>91.7</ele><time>1970-01-01T00:00:00.000Z</time></trkpt><trkpt lat="56.2405634" lon="84.5593927"><ele>89.6</ele><time>1970-01-01T00:00:00.000Z</time></trkpt><trkpt lat="56.240592" lon="84.5594901"><ele>88.3</ele><time>1970-01-01T00:00:00.000Z</time></trkpt><trkpt lat="56.240626" lon="84.5595917"><ele>85.7</ele><time>1970-01-01T00:00:00.000Z</time></trkpt><trkpt lat="56.2406683" lon="84.5596903"><ele>82.7</ele><time>1970-01-01T00:00:00.000Z</time></trkpt><trkpt lat="56.2407216" lon="84.5597771"><ele>81.6</ele><time>1970-01-01T00:00:00.000Z</time></trkpt><trkpt lat="56.2407482" lon="84.5598537"><ele>82</ele><time>1970-01-01T00:00:00.000Z</time></trkpt><trkpt lat="56.240774" lon="84.5599634"><ele>81.1</ele><time>1970-01-01T00:00:00.000Z</time></trkpt><trkpt lat="56.240811" lon="84.560079"><ele>81.8</ele><time>1970-01-01T00:00:00.000Z</time></trkpt><trkpt lat="56.2408453" lon="84.560163"><ele>81.7</ele><time>1970-01-01T00:00:00.000Z</time></trkpt><trkpt lat="56.2408911" lon="84.5602614"><ele>82.7</ele><time>1970-01-01T00:00:00.000Z</time></trkpt><trkpt lat="56.2409259" lon="84.5603621"><ele>83.7</ele><time>1970-01-01T00:00:00.000Z</time></trkpt><trkpt lat="56.2409559" lon="84.5604596"><ele>82.8</ele><time>1970-01-01T00:00:00.000Z</time></trkpt><trkpt lat="56.2410013" lon="84.56055"><ele>81.4</ele><time>1970-01-01T00:00:00.000Z</time></trkpt><trkpt lat="56.2410383" lon="84.5606462"><ele>80.6</ele><time>1970-01-01T00:00:00.000Z</time></trkpt><trkpt lat="56.2410735" lon="84.5607408"><ele>78.5</ele><time>1970-01-01T00:00:00.000Z</time></trkpt><trkpt lat="56.2411066" lon="84.5608296"><ele>74.3</ele><time>1970-01-01T00:00:00.000Z</time></trkpt><trkpt lat="56.2411412" lon="84.5609372"><ele>75.2</ele><time>1970-01-01T00:00:00.000Z</time></trkpt><trkpt lat="56.2411736" lon="84.5610287"><ele>75.2</ele><time>1970-01-01T00:00:00.000Z</time></trkpt><trkpt lat="56.2412141" lon="84.5611145"><ele>74.7</ele><time>1970-01-01T00:00:00.000Z</time></trkpt><trkpt lat="56.2412548" lon="84.5612013"><ele>74.7</ele><time>1970-01-01T00:00:00.000Z</time></trkpt><trkpt lat="56.241284" lon="84.561292"><ele>74.3</ele><time>1970-01-01T00:00:00.000Z</time></trkpt><trkpt lat="56.2413279" lon="84.561389"><ele>70.8</ele><time>1970-01-01T00:00:00.000Z</time></trkpt><trkpt lat="56.2413444" lon="84.5614609"><ele>71.2</ele><time>1970-01-01T00:00:00.000Z</time></trkpt><trkpt lat="56.2413836" lon="84.5615658"><ele>71.6</ele><time>1970-01-01T00:00:00.000Z</time></trkpt><trkpt lat="56.2414075" lon="84.5616973"><ele>73.3</ele><time>1970-01-01T00:00:00.000Z</time></trkpt><trkpt lat="56.241447" lon="84.5618139"><ele>72.8</ele><time>1970-01-01T00:00:00.000Z</time></trkpt><trkpt lat="56.2414792" lon="84.5619052"><ele>72.9</ele><time>1970-01-01T00:00:00.000Z</time></trkpt><trkpt lat="56.2415219" lon="84.5620063"><ele>71.4</ele><time>1970-01-01T00:00:00.000Z</time></trkpt><trkpt lat="56.241548" lon="84.5621064"><ele>70.9</ele><time>1970-01-01T00:00:00.000Z</time></trkpt><trkpt lat="56.2415797" lon="84.562202"><ele>71.4</ele><time>1970-01-01T00:00:00.000Z</time></trkpt><trkpt lat="56.2416171" lon="84.5623005"><ele>73.9</ele><time>1970-01-01T00:00:00.000Z</time></trkpt><trkpt lat="56.2416457" lon="84.5624202"><ele>74.5</ele><time>1970-01-01T00:00:00.000Z</time></trkpt><trkpt lat="56.2416746" lon="84.5625294"><ele>75.1</ele><time>1970-01-01T00:00:00.000Z</time></trkpt><trkpt lat="56.2417023" lon="84.5626257"><ele>77.1</ele><time>1970-01-01T00:00:00.000Z</time></trkpt><trkpt lat="56.2417242" lon="84.5627359"><ele>77</ele><time>1970-01-01T00:00:00.000Z</time></trkpt><trkpt lat="56.2417511" lon="84.5628647"><ele>77.6</ele><time>1970-01-01T00:00:00.000Z</time></trkpt><trkpt lat="56.2417878" lon="84.5629813"><ele>82</ele><time>1970-01-01T00:00:00.000Z</time></trkpt><trkpt lat="56.241832" lon="84.5630886"><ele>85.7</ele><time>1970-01-01T00:00:00.000Z</time></trkpt><trkpt lat="56.2418683" lon="84.5632111"><ele>87.3</ele><time>1970-01-01T00:00:00.000Z</time></trkpt><trkpt lat="56.241897" lon="84.5633161"><ele>88.5</ele><time>1970-01-01T00:00:00.000Z</time></trkpt><trkpt lat="56.241924" lon="84.5634362"><ele>88.3</ele><time>1970-01-01T00:00:00.000Z</time></trkpt><trkpt lat="56.2419449" lon="84.5635488"><ele>88.2</ele><time>1970-01-01T00:00:00.000Z</time></trkpt><trkpt lat="56.2419749" lon="84.56366"><ele>88.3</ele><time>1970-01-01T00:00:00.000Z</time></trkpt><trkpt lat="56.2420042" lon="84.5637725"><ele>87.4</ele><time>1970-01-01T00:00:00.000Z</time></trkpt><trkpt lat="56.2420385" lon="84.5639139"><ele>86.7</ele><time>1970-01-01T00:00:00.000Z</time></trkpt><trkpt lat="56.2420773" lon="84.5640183"><ele>86.5</ele><time>1970-01-01T00:00:00.000Z</time></trkpt><trkpt lat="56.2420877" lon="84.564024"><ele>86.5</ele><time>1970-01-01T00:00:00.000Z</time></trkpt><trkpt lat="56.242087" lon="84.5640261"><ele>86.8</ele><time>1970-01-01T00:00:00.000Z</time></trkpt><trkpt lat="56.2420933" lon="84.5641022"><ele>87.7</ele><time>1970-01-01T00:00:00.000Z</time></trkpt><trkpt lat="56.2421297" lon="84.5642483"><ele>88.6</ele><time>1970-01-01T00:00:00.000Z</time></trkpt><trkpt lat="56.2421698" lon="84.5643983"><ele>89.1</ele><time>1970-01-01T00:00:00.000Z</time></trkpt><trkpt lat="56.2422112" lon="84.5645232"><ele>90.9</ele><time>1970-01-01T00:00:00.000Z</time></trkpt><trkpt lat="56.2422414" lon="84.5646839"><ele>92.3</ele><time>1970-01-01T00:00:00.000Z</time></trkpt><trkpt lat="56.2422738" lon="84.5648206"><ele>92.2</ele><time>1970-01-01T00:00:00.000Z</time></trkpt><trkpt lat="56.2423067" lon="84.5649614"><ele>92.5</ele><time>1970-01-01T00:00:00.000Z</time></trkpt><trkpt lat="56.2423166" lon="84.5650845"><ele>92.7</ele><time>1970-01-01T00:00:00.000Z</time></trkpt><trkpt lat="56.2423085" lon="84.5650882"><ele>92.3</ele><time>1970-01-01T00:00:00.000Z</time></trkpt><trkpt lat="56.2423079" lon="84.5650849"><ele>92.4</ele><time>1970-01-01T00:00:00.000Z</time></trkpt><trkpt lat="56.24231" lon="84.5650862"><ele>92.4</ele><time>1970-01-01T00:00:00.000Z</time></trkpt><trkpt lat="56.2423091" lon="84.5650897"><ele>92.4</ele><time>1970-01-01T00:00:00.000Z</time></trkpt><trkpt lat="56.2423081" lon="84.5650879"><ele>92.4</ele><time>1970-01-01T00:00:00.000Z</time></trkpt><trkpt lat="56.2423106" lon="84.5650886"><ele>92.7</ele><time>1970-01-01T00:00:00.000Z</time></trkpt><trkpt lat="56.2423089" lon="84.5650869"><ele>93</ele><time>1970-01-01T00:00:00.000Z</time></trkpt><trkpt lat="56.2423035" lon="84.5650734"><ele>94.3</ele><time>1970-01-01T00:00:00.000Z</time></trkpt><trkpt lat="56.2423071" lon="84.5650756"><ele>95.7</ele><time>1970-01-01T00:00:00.000Z</time></trkpt><trkpt lat="56.2423224" lon="84.5650789"><ele>95.9</ele><time>1970-01-01T00:00:00.000Z</time></trkpt><trkpt lat="56.2423208" lon="84.5651159"><ele>96.2</ele><time>1970-01-01T00:00:00.000Z</time></trkpt><trkpt lat="56.2423324" lon="84.5651686"><ele>96</ele><time>1970-01-01T00:00:00.000Z</time></trkpt><trkpt lat="56.242393" lon="84.5652827"><ele>95.5</ele><time>1970-01-01T00:00:00.000Z</time></trkpt><trkpt lat="56.2424462" lon="84.5653291"><ele>97.9</ele><time>1970-01-01T00:00:00.000Z</time></trkpt><trkpt lat="56.2424739" lon="84.5654574"><ele>97.5</ele><time>1970-01-01T00:00:00.000Z</time></trkpt><trkpt lat="56.2424979" lon="84.565572"><ele>95.9</ele><time>1970-01-01T00:00:00.000Z</time></trkpt><trkpt lat="56.2425258" lon="84.5656818"><ele>94.8</ele><time>1970-01-01T00:00:00.000Z</time></trkpt><trkpt lat="56.242558" lon="84.5657875"><ele>93.6</ele><time>1970-01-01T00:00:00.000Z</time></trkpt><trkpt lat="56.2425845" lon="84.5658873"><ele>93.1</ele><time>1970-01-01T00:00:00.000Z</time></trkpt><trkpt lat="56.2426063" lon="84.5660042"><ele>92.8</ele><time>1970-01-01T00:00:00.000Z</time></trkpt><trkpt lat="56.2426368" lon="84.566094"><ele>93.5</ele><time>1970-01-01T00:00:00.000Z</time></trkpt><trkpt lat="56.2426632" lon="84.5660979"><ele>94.2</ele><time>1970-01-01T00:00:00.000Z</time></trkpt><trkpt lat="56.2427025" lon="84.5661979"><ele>92.8</ele><time>1970-01-01T00:00:00.000Z</time></trkpt><trkpt lat="56.2427408" lon="84.5663318"><ele>92.7</ele><time>1970-01-01T00:00:00.000Z</time></trkpt><trkpt lat="56.2427662" lon="84.5664325"><ele>91.5</ele><time>1970-01-01T00:00:00.000Z</time></trkpt><trkpt lat="56.2427903" lon="84.5665423"><ele>91.2</ele><time>1970-01-01T00:00:00.000Z</time></trkpt><trkpt lat="56.2428161" lon="84.566647"><ele>91.4</ele><time>1970-01-01T00:00:00.000Z</time></trkpt><trkpt lat="56.2428536" lon="84.5667673"><ele>90.7</ele><time>1970-01-01T00:00:00.000Z</time></trkpt><trkpt lat="56.2428921" lon="84.5668887"><ele>89.6</ele><time>1970-01-01T00:00:00.000Z</time></trkpt><trkpt lat="56.2429194" lon="84.5670198"><ele>89</ele><time>1970-01-01T00:00:00.000Z</time></trkpt><trkpt lat="56.2429558" lon="84.5671286"><ele>88.7</ele><time>1970-01-01T00:00:00.000Z</time></trkpt><trkpt lat="56.2429937" lon="84.5672446"><ele>88.8</ele><time>1970-01-01T00:00:00.000Z</time></trkpt><trkpt lat="56.2430222" lon="84.5673553"><ele>88.5</ele><time>1970-01-01T00:00:00.000Z</time></trkpt><trkpt lat="56.2430517" lon="84.5674774"><ele>88.3</ele><time>1970-01-01T00:00:00.000Z</time></trkpt><trkpt lat="56.2431009" lon="84.5675951"><ele>88.5</ele><time>1970-01-01T00:00:00.000Z</time></trkpt><trkpt lat="56.243146" lon="84.5676988"><ele>88.6</ele><time>1970-01-01T00:00:00.000Z</time></trkpt><trkpt lat="56.2431892" lon="84.5678053"><ele>89.2</ele><time>1970-01-01T00:00:00.000Z</time></trkpt><trkpt lat="56.2432343" lon="84.567917"><ele>89.9</ele><time>1970-01-01T00:00:00.000Z</time></trkpt><trkpt lat="56.2432731" lon="84.5680154"><ele>90.2</ele><time>1970-01-01T00:00:00.000Z</time></trkpt><trkpt lat="56.2433145" lon="84.5681318"><ele>89.9</ele><time>1970-01-01T00:00:00.000Z</time></trkpt><trkpt lat="56.2433508" lon="84.5682312"><ele>90.1</ele><time>1970-01-01T00:00:00.000Z</time></trkpt><trkpt lat="56.2433891" lon="84.5683601"><ele>91.3</ele><time>1970-01-01T00:00:00.000Z</time></trkpt><trkpt lat="56.2434315" lon="84.5684816"><ele>91.4</ele><time>1970-01-01T00:00:00.000Z</time></trkpt><trkpt lat="56.2434682" lon="84.568591"><ele>91.5</ele><time>1970-01-01T00:00:00.000Z</time></trkpt><trkpt lat="56.2435027" lon="84.5687037"><ele>92.9</ele><time>1970-01-01T00:00:00.000Z</time></trkpt><trkpt lat="56.243543" lon="84.5688214"><ele>92.5</ele><time>1970-01-01T00:00:00.000Z</time></trkpt><trkpt lat="56.2435964" lon="84.5689423"><ele>93</ele><time>1970-01-01T00:00:00.000Z</time></trkpt><trkpt lat="56.2436354" lon="84.5690458"><ele>92.1</ele><time>1970-01-01T00:00:00.000Z</time></trkpt><trkpt lat="56.2436546" lon="84.5691645"><ele>92.8</ele><time>1970-01-01T00:00:00.000Z</time></trkpt><trkpt lat="56.2436589" lon="84.569277"><ele>92.2</ele><time>1970-01-01T00:00:00.000Z</time></trkpt><trkpt lat="56.2436429" lon="84.5694228"><ele>91.9</ele><time>1970-01-01T00:00:00.000Z</time></trkpt><trkpt lat="56.2436072" lon="84.5695241"><ele>92</ele><time>1970-01-01T00:00:00.000Z</time></trkpt><trkpt lat="56.2435691" lon="84.5696219"><ele>91.2</ele><time>1970-01-01T00:00:00.000Z</time></trkpt><trkpt lat="56.2435623" lon="84.5696552"><ele>91.6</ele><time>1970-01-01T00:00:00.000Z</time></trkpt><trkpt lat="56.2435654" lon="84.569651"><ele>91.7</ele><time>1970-01-01T00:00:00.000Z</time></trkpt><trkpt lat="56.2435662" lon="84.5696389"><ele>92</ele><time>1970-01-01T00:00:00.000Z</time></trkpt><trkpt lat="56.2435699" lon="84.5696371"><ele>92.6</ele><time>1970-01-01T00:00:00.000Z</time></trkpt><trkpt lat="56.2435801" lon="84.5696418"><ele>93</ele><time>1970-01-01T00:00:00.000Z</time></trkpt><trkpt lat="56.2435772" lon="84.5696465"><ele>92.8</ele><time>1970-01-01T00:00:00.000Z</time></trkpt><trkpt lat="56.2435774" lon="84.5696456"><ele>92.8</ele><time>1970-01-01T00:00:00.000Z</time></trkpt><trkpt lat="56.2435774" lon="84.569645"><ele>92.8</ele><time>1970-01-01T00:00:00.000Z</time></trkpt><trkpt lat="56.2435743" lon="84.5696472"><ele>92.7</ele><time>1970-01-01T00:00:00.000Z</time></trkpt><trkpt lat="56.2435595" lon="84.5696606"><ele>91.5</ele><time>1970-01-01T00:00:00.000Z</time></trkpt><trkpt lat="56.2435385" lon="84.5697172"><ele>91.2</ele><time>1970-01-01T00:00:00.000Z</time></trkpt><trkpt lat="56.2435041" lon="84.5698074"><ele>91.1</ele><time>1970-01-01T00:00:00.000Z</time></trkpt><trkpt lat="56.2434646" lon="84.5699077"><ele>90.3</ele><time>1970-01-01T00:00:00.000Z</time></trkpt><trkpt lat="56.243426" lon="84.5699688"><ele>88.8</ele><time>1970-01-01T00:00:00.000Z</time></trkpt><trkpt lat="56.24339" lon="84.5700499"><ele>89.7</ele><time>1970-01-01T00:00:00.000Z</time></trkpt><trkpt lat="56.2433597" lon="84.5701479"><ele>90.4</ele><time>1970-01-01T00:00:00.000Z</time></trkpt><trkpt lat="56.2433189" lon="84.5702362"><ele>90.7</ele><time>1970-01-01T00:00:00.000Z</time></trkpt><trkpt lat="56.2432746" lon="84.570316"><ele>90.5</ele><time>1970-01-01T00:00:00.000Z</time></trkpt><trkpt lat="56.2432163" lon="84.570414"><ele>91.1</ele><time>1970-01-01T00:00:00.000Z</time></trkpt><trkpt lat="56.2431334" lon="84.570538"><ele>91.5</ele><time>1970-01-01T00:00:00.000Z</time></trkpt><trkpt lat="56.2430749" lon="84.570621"><ele>92.5</ele><time>1970-01-01T00:00:00.000Z</time></trkpt><trkpt lat="56.2430229" lon="84.5707165"><ele>92.9</ele><time>1970-01-01T00:00:00.000Z</time></trkpt><trkpt lat="56.2429704" lon="84.5708325"><ele>93.5</ele><time>1970-01-01T00:00:00.000Z</time></trkpt><trkpt lat="56.2429159" lon="84.5709358"><ele>93.5</ele><time>1970-01-01T00:00:00.000Z</time></trkpt><trkpt lat="56.2428788" lon="84.5710194"><ele>93.9</ele><time>1970-01-01T00:00:00.000Z</time></trkpt><trkpt lat="56.2428475" lon="84.5711287"><ele>93.7</ele><time>1970-01-01T00:00:00.000Z</time></trkpt><trkpt lat="56.2428442" lon="84.5712282"><ele>93.9</ele><time>1970-01-01T00:00:00.000Z</time></trkpt><trkpt lat="56.2428473" lon="84.5712689"><ele>93.4</ele><time>1970-01-01T00:00:00.000Z</time></trkpt><trkpt lat="56.2428686" lon="84.5713847"><ele>92.8</ele><time>1970-01-01T00:00:00.000Z</time></trkpt><trkpt lat="56.2428717" lon="84.5714533"><ele>92.3</ele><time>1970-01-01T00:00:00.000Z</time></trkpt><trkpt lat="56.2429154" lon="84.5715428"><ele>91.6</ele><time>1970-01-01T00:00:00.000Z</time></trkpt><trkpt lat="56.242948" lon="84.5716424"><ele>90.7</ele><time>1970-01-01T00:00:00.000Z</time></trkpt><trkpt lat="56.242996" lon="84.5717843"><ele>92.7</ele><time>1970-01-01T00:00:00.000Z</time></trkpt><trkpt lat="56.2430454" lon="84.571928"><ele>93.2</ele><time>1970-01-01T00:00:00.000Z</time></trkpt><trkpt lat="56.2430784" lon="84.5720538"><ele>93.3</ele><time>1970-01-01T00:00:00.000Z</time></trkpt><trkpt lat="56.2431156" lon="84.5721821"><ele>92.9</ele><time>1970-01-01T00:00:00.000Z</time></trkpt><trkpt lat="56.243156" lon="84.5722886"><ele>93.8</ele><time>1970-01-01T00:00:00.000Z</time></trkpt><trkpt lat="56.2431976" lon="84.5724192"><ele>94.3</ele><time>1970-01-01T00:00:00.000Z</time></trkpt><trkpt lat="56.2432351" lon="84.5725404"><ele>94.4</ele><time>1970-01-01T00:00:00.000Z</time></trkpt><trkpt lat="56.2432728" lon="84.5726433"><ele>94.4</ele><time>1970-01-01T00:00:00.000Z</time></trkpt><trkpt lat="56.2433094" lon="84.5727631"><ele>94.5</ele><time>1970-01-01T00:00:00.000Z</time></trkpt><trkpt lat="56.2433342" lon="84.5728665"><ele>94.7</ele><time>1970-01-01T00:00:00.000Z</time></trkpt><trkpt lat="56.2433562" lon="84.5729821"><ele>94.6</ele><time>1970-01-01T00:00:00.000Z</time></trkpt><trkpt lat="56.2434094" lon="84.573101"><ele>95</ele><time>1970-01-01T00:00:00.000Z</time></trkpt><trkpt lat="56.2434526" lon="84.5732112"><ele>95.9</ele><time>1970-01-01T00:00:00.000Z</time></trkpt><trkpt lat="56.2434869" lon="84.5733528"><ele>95.9</ele><time>1970-01-01T00:00:00.000Z</time></trkpt><trkpt lat="56.2435235" lon="84.5734608"><ele>96.3</ele><time>1970-01-01T00:00:00.000Z</time></trkpt><trkpt lat="56.2435595" lon="84.5735265"><ele>95.8</ele><time>1970-01-01T00:00:00.000Z</time></trkpt><trkpt lat="56.2435849" lon="84.5736167"><ele>95.3</ele><time>1970-01-01T00:00:00.000Z</time></trkpt><trkpt lat="56.2436063" lon="84.5737244"><ele>94.3</ele><time>1970-01-01T00:00:00.000Z</time></trkpt><trkpt lat="56.2436262" lon="84.5738425"><ele>94.3</ele><time>1970-01-01T00:00:00.000Z</time></trkpt><trkpt lat="56.2436543" lon="84.573943"><ele>94.9</ele><time>1970-01-01T00:00:00.000Z</time></trkpt><trkpt lat="56.2437069" lon="84.5740656"><ele>96</ele><time>1970-01-01T00:00:00.000Z</time></trkpt><trkpt lat="56.2437545" lon="84.5741875"><ele>95.5</ele><time>1970-01-01T00:00:00.000Z</time></trkpt><trkpt lat="56.2437787" lon="84.5742861"><ele>95.6</ele><time>1970-01-01T00:00:00.000Z</time></trkpt><trkpt lat="56.2438022" lon="84.5743809"><ele>97.5</ele><time>1970-01-01T00:00:00.000Z</time></trkpt><trkpt lat="56.2438197" lon="84.5744667"><ele>97.8</ele><time>1970-01-01T00:00:00.000Z</time></trkpt><trkpt lat="56.2438499" lon="84.5745651"><ele>96.6</ele><time>1970-01-01T00:00:00.000Z</time></trkpt><trkpt lat="56.2438904" lon="84.5746668"><ele>95.4</ele><time>1970-01-01T00:00:00.000Z</time></trkpt><trkpt lat="56.2439095" lon="84.5747633"><ele>91.8</ele><time>1970-01-01T00:00:00.000Z</time></trkpt><trkpt lat="56.2439383" lon="84.5748795"><ele>93.4</ele><time>1970-01-01T00:00:00.000Z</time></trkpt><trkpt lat="56.2439836" lon="84.5750091"><ele>94.1</ele><time>1970-01-01T00:00:00.000Z</time></trkpt><trkpt lat="56.2440313" lon="84.5751339"><ele>93.8</ele><time>1970-01-01T00:00:00.000Z</time></trkpt><trkpt lat="56.2440552" lon="84.5752702"><ele>93.2</ele><time>1970-01-01T00:00:00.000Z</time></trkpt><trkpt lat="56.2440894" lon="84.5753768"><ele>93.6</ele><time>1970-01-01T00:00:00.000Z</time></trkpt><trkpt lat="56.2441236" lon="84.5754707"><ele>93.4</ele><time>1970-01-01T00:00:00.000Z</time></trkpt><trkpt lat="56.244166" lon="84.575604"><ele>93.8</ele><time>1970-01-01T00:00:00.000Z</time></trkpt><trkpt lat="56.2442022" lon="84.5757172"><ele>94.5</ele><time>1970-01-01T00:00:00.000Z</time></trkpt><trkpt lat="56.2442412" lon="84.5758207"><ele>94.8</ele><time>1970-01-01T00:00:00.000Z</time></trkpt><trkpt lat="56.2442796" lon="84.575931"><ele>95.2</ele><time>1970-01-01T00:00:00.000Z</time></trkpt><trkpt lat="56.244304" lon="84.5759741"><ele>96</ele><time>1970-01-01T00:00:00.000Z</time></trkpt><trkpt lat="56.2443426" lon="84.5760608"><ele>96.2</ele><time>1970-01-01T00:00:00.000Z</time></trkpt><trkpt lat="56.2443727" lon="84.5761766"><ele>94.4</ele><time>1970-01-01T00:00:00.000Z</time></trkpt><trkpt lat="56.2444044" lon="84.5762902"><ele>94.4</ele><time>1970-01-01T00:00:00.000Z</time></trkpt><trkpt lat="56.2444498" lon="84.576423"><ele>93.6</ele><time>1970-01-01T00:00:00.000Z</time></trkpt><trkpt lat="56.2444891" lon="84.5765359"><ele>94.8</ele><time>1970-01-01T00:00:00.000Z</time></trkpt><trkpt lat="56.244521" lon="84.576636"><ele>94.4</ele><time>1970-01-01T00:00:00.000Z</time></trkpt><trkpt lat="56.2445497" lon="84.5767401"><ele>94.7</ele><time>1970-01-01T00:00:00.000Z</time></trkpt><trkpt lat="56.2445898" lon="84.5768833"><ele>96.7</ele><time>1970-01-01T00:00:00.000Z</time></trkpt><trkpt lat="56.2446371" lon="84.5770144"><ele>96.4</ele><time>1970-01-01T00:00:00.000Z</time></trkpt><trkpt lat="56.2446883" lon="84.5771313"><ele>96.4</ele><time>1970-01-01T00:00:00.000Z</time></trkpt><trkpt lat="56.2447164" lon="84.5771727"><ele>95.7</ele><time>1970-01-01T00:00:00.000Z</time></trkpt><trkpt lat="56.2447413" lon="84.5772167"><ele>94.5</ele><time>1970-01-01T00:00:00.000Z</time></trkpt><trkpt lat="56.2447588" lon="84.5772699"><ele>97</ele><time>1970-01-01T00:00:00.000Z</time></trkpt><trkpt lat="56.2447702" lon="84.577274"><ele>96.9</ele><time>1970-01-01T00:00:00.000Z</time></trkpt><trkpt lat="56.2447718" lon="84.5772839"><ele>97.4</ele><time>1970-01-01T00:00:00.000Z</time></trkpt><trkpt lat="56.244775" lon="84.5772936"><ele>96.9</ele><time>1970-01-01T00:00:00.000Z</time></trkpt><trkpt lat="56.2447731" lon="84.5772966"><ele>97.3</ele><time>1970-01-01T00:00:00.000Z</time></trkpt><trkpt lat="56.2447747" lon="84.5772972"><ele>97.2</ele><time>1970-01-01T00:00:00.000Z</time></trkpt><trkpt lat="56.2447643" lon="84.5773203"><ele>96.4</ele><time>1970-01-01T00:00:00.000Z</time></trkpt><trkpt lat="56.2447475" lon="84.5773133"><ele>96.9</ele><time>1970-01-01T00:00:00.000Z</time></trkpt><trkpt lat="56.2447483" lon="84.5773122"><ele>97</ele><time>1970-01-01T00:00:00.000Z</time></trkpt><trkpt lat="56.2447451" lon="84.5773305"><ele>95</ele><time>1970-01-01T00:00:00.000Z</time></trkpt><trkpt lat="56.2447594" lon="84.5773711"><ele>95.4</ele><time>1970-01-01T00:00:00.000Z</time></trkpt><trkpt lat="56.2447634" lon="84.57742"><ele>94.9</ele><time>1970-01-01T00:00:00.000Z</time></trkpt><trkpt lat="56.2448007" lon="84.5775427"><ele>95.6</ele><time>1970-01-01T00:00:00.000Z</time></trkpt><trkpt lat="56.2448505" lon="84.5776699"><ele>97</ele><time>1970-01-01T00:00:00.000Z</time></trkpt><trkpt lat="56.2448867" lon="84.577778"><ele>96.7</ele><time>1970-01-01T00:00:00.000Z</time></trkpt><trkpt lat="56.2449164" lon="84.5778874"><ele>95.3</ele><time>1970-01-01T00:00:00.000Z</time></trkpt><trkpt lat="56.2449038" lon="84.5780097"><ele>94.8</ele><time>1970-01-01T00:00:00.000Z</time></trkpt><trkpt lat="56.2448615" lon="84.5781276"><ele>93.2</ele><time>1970-01-01T00:00:00.000Z</time></trkpt><trkpt lat="56.2448172" lon="84.5781967"><ele>93.6</ele><time>1970-01-01T00:00:00.000Z</time></trkpt><trkpt lat="56.2447813" lon="84.5782814"><ele>90.8</ele><time>1970-01-01T00:00:00.000Z</time></trkpt><trkpt lat="56.2447485" lon="84.5784"><ele>90.7</ele><time>1970-01-01T00:00:00.000Z</time></trkpt><trkpt lat="56.2447076" lon="84.5785026"><ele>91</ele><time>1970-01-01T00:00:00.000Z</time></trkpt><trkpt lat="56.2446751" lon="84.5785574"><ele>90.7</ele><time>1970-01-01T00:00:00.000Z</time></trkpt><trkpt lat="56.2446477" lon="84.578663"><ele>92.2</ele><time>1970-01-01T00:00:00.000Z</time></trkpt><trkpt lat="56.244607" lon="84.578788"><ele>92.1</ele><time>1970-01-01T00:00:00.000Z</time></trkpt><trkpt lat="56.2445858" lon="84.5788999"><ele>91.5</ele><time>1970-01-01T00:00:00.000Z</time></trkpt><trkpt lat="56.2445566" lon="84.5790255"><ele>92</ele><time>1970-01-01T00:00:00.000Z</time></trkpt><trkpt lat="56.2445361" lon="84.5791272"><ele>91.3</ele><time>1970-01-01T00:00:00.000Z</time></trkpt><trkpt lat="56.2445115" lon="84.5792069"><ele>90.9</ele><time>1970-01-01T00:00:00.000Z</time></trkpt><trkpt lat="56.2444894" lon="84.5792975"><ele>91.5</ele><time>1970-01-01T00:00:00.000Z</time></trkpt><trkpt lat="56.2444462" lon="84.5794069"><ele>90.2</ele><time>1970-01-01T00:00:00.000Z</time></trkpt><trkpt lat="56.2444105" lon="84.5795216"><ele>91</ele><time>1970-01-01T00:00:00.000Z</time></trkpt><trkpt lat="56.2443783" lon="84.5796375"><ele>90.9</ele><time>1970-01-01T00:00:00.000Z</time></trkpt><trkpt lat="56.2443501" lon="84.5797028"><ele>91.8</ele><time>1970-01-01T00:00:00.000Z</time></trkpt><trkpt lat="56.2443164" lon="84.5797597"><ele>90.3</ele><time>1970-01-01T00:00:00.000Z</time></trkpt><trkpt lat="56.2442768" lon="84.5798424"><ele>88.8</ele><time>1970-01-01T00:00:00.000Z</time></trkpt><trkpt lat="56.2442467" lon="84.5799395"><ele>87.7</ele><time>1970-01-01T00:00:00.000Z</time></trkpt><trkpt lat="56.2442107" lon="84.5800212"><ele>88.3</ele><time>1970-01-01T00:00:00.000Z</time></trkpt><trkpt lat="56.2441942" lon="84.580064"><ele>87.3</ele><time>1970-01-01T00:00:00.000Z</time></trkpt><trkpt lat="56.2441677" lon="84.5801778"><ele>88</ele><time>1970-01-01T00:00:00.000Z</time></trkpt><trkpt lat="56.2441324" lon="84.5803202"><ele>88.7</ele><time>1970-01-01T00:00:00.000Z</time></trkpt><trkpt lat="56.2441225" lon="84.5803654"><ele>89.9</ele><time>1970-01-01T00:00:00.000Z</time></trkpt><trkpt lat="56.2440753" lon="84.580434"><ele>89</ele><time>1970-01-01T00:00:00.000Z</time></trkpt><trkpt lat="56.2440416" lon="84.5805489"><ele>87.1</ele><time>1970-01-01T00:00:00.000Z</time></trkpt><trkpt lat="56.2440211" lon="84.5806585"><ele>87</ele><time>1970-01-01T00:00:00.000Z</time></trkpt><trkpt lat="56.24399" lon="84.5807491"><ele>87.6</ele><time>1970-01-01T00:00:00.000Z</time></trkpt><trkpt lat="56.2439772" lon="84.5808242"><ele>88</ele><time>1970-01-01T00:00:00.000Z</time></trkpt><trkpt lat="56.2439407" lon="84.5809392"><ele>89.1</ele><time>1970-01-01T00:00:00.000Z</time></trkpt><trkpt lat="56.2439009" lon="84.5810397"><ele>91.2</ele><time>1970-01-01T00:00:00.000Z</time></trkpt><trkpt lat="56.2438736" lon="84.5811458"><ele>92.4</ele><time>1970-01-01T00:00:00.000Z</time></trkpt><trkpt lat="56.2438416" lon="84.5812546"><ele>93</ele><time>1970-01-01T00:00:00.000Z</time></trkpt><trkpt lat="56.2438235" lon="84.5813417"><ele>94.3</ele><time>1970-01-01T00:00:00.000Z</time></trkpt><trkpt lat="56.2438042" lon="84.5814443"><ele>92.7</ele><time>1970-01-01T00:00:00.000Z</time></trkpt><trkpt lat="56.2437656" lon="84.5815574"><ele>92.5</ele><time>1970-01-01T00:00:00.000Z</time></trkpt><trkpt lat="56.2437362" lon="84.5816649"><ele>91.9</ele><time>1970-01-01T00:00:00.000Z</time></trkpt><trkpt lat="56.2437012" lon="84.5817617"><ele>91.8</ele><time>1970-01-01T00:00:00.000Z</time></trkpt><trkpt lat="56.2436807" lon="84.5818224"><ele>93.2</ele><time>1970-01-01T00:00:00.000Z</time></trkpt><trkpt lat="56.2436403" lon="84.5819427"><ele>94</ele><time>1970-01-01T00:00:00.000Z</time></trkpt><trkpt lat="56.2436048" lon="84.5820342"><ele>95.5</ele><time>1970-01-01T00:00:00.000Z</time></trkpt><trkpt lat="56.2435715" lon="84.5821561"><ele>97.8</ele><time>1970-01-01T00:00:00.000Z</time></trkpt><trkpt lat="56.2435417" lon="84.5822596"><ele>99</ele><time>1970-01-01T00:00:00.000Z</time></trkpt><trkpt lat="56.2435068" lon="84.582384"><ele>98.7</ele><time>1970-01-01T00:00:00.000Z</time></trkpt><trkpt lat="56.2434642" lon="84.5824842"><ele>97.4</ele><time>1970-01-01T00:00:00.000Z</time></trkpt><trkpt lat="56.2434259" lon="84.5825996"><ele>98.2</ele><time>1970-01-01T00:00:00.000Z</time></trkpt><trkpt lat="56.2433926" lon="84.5827076"><ele>97.2</ele><time>1970-01-01T00:00:00.000Z</time></trkpt><trkpt lat="56.2433616" lon="84.5828153"><ele>95.8</ele><time>1970-01-01T00:00:00.000Z</time></trkpt><trkpt lat="56.2433212" lon="84.5829246"><ele>96.4</ele><time>1970-01-01T00:00:00.000Z</time></trkpt><trkpt lat="56.2432808" lon="84.5830215"><ele>96.1</ele><time>1970-01-01T00:00:00.000Z</time></trkpt><trkpt lat="56.2432363" lon="84.5831091"><ele>96.8</ele><time>1970-01-01T00:00:00.000Z</time></trkpt><trkpt lat="56.2432337" lon="84.5831781"><ele>96.7</ele><time>1970-01-01T00:00:00.000Z</time></trkpt><trkpt lat="56.2431969" lon="84.5832766"><ele>99.1</ele><time>1970-01-01T00:00:00.000Z</time></trkpt><trkpt lat="56.2431599" lon="84.5833883"><ele>100.4</ele><time>1970-01-01T00:00:00.000Z</time></trkpt><trkpt lat="56.2431273" lon="84.5834789"><ele>99.9</ele><time>1970-01-01T00:00:00.000Z</time></trkpt><trkpt lat="56.2430785" lon="84.5835851"><ele>97.9</ele><time>1970-01-01T00:00:00.000Z</time></trkpt><trkpt lat="56.2430322" lon="84.5836799"><ele>96.9</ele><time>1970-01-01T00:00:00.000Z</time></trkpt><trkpt lat="56.2429994" lon="84.5837592"><ele>97.4</ele><time>1970-01-01T00:00:00.000Z</time></trkpt><trkpt lat="56.2429537" lon="84.5838743"><ele>97.1</ele><time>1970-01-01T00:00:00.000Z</time></trkpt><trkpt lat="56.2429288" lon="84.5839559"><ele>95.9</ele><time>1970-01-01T00:00:00.000Z</time></trkpt><trkpt lat="56.2429013" lon="84.5840354"><ele>95.7</ele><time>1970-01-01T00:00:00.000Z</time></trkpt><trkpt lat="56.2428676" lon="84.5840839"><ele>93.5</ele><time>1970-01-01T00:00:00.000Z</time></trkpt><trkpt lat="56.2428082" lon="84.5841808"><ele>92.3</ele><time>1970-01-01T00:00:00.000Z</time></trkpt><trkpt lat="56.2427632" lon="84.5842919"><ele>92.9</ele><time>1970-01-01T00:00:00.000Z</time></trkpt><trkpt lat="56.2427264" lon="84.5844051"><ele>94.6</ele><time>1970-01-01T00:00:00.000Z</time></trkpt><trkpt lat="56.2426765" lon="84.5845196"><ele>95.7</ele><time>1970-01-01T00:00:00.000Z</time></trkpt><trkpt lat="56.2426247" lon="84.584636"><ele>96.2</ele><time>1970-01-01T00:00:00.000Z</time></trkpt><trkpt lat="56.2425827" lon="84.5847649"><ele>96.5</ele><time>1970-01-01T00:00:00.000Z</time></trkpt><trkpt lat="56.2425508" lon="84.5848744"><ele>97</ele><time>1970-01-01T00:00:00.000Z</time></trkpt><trkpt lat="56.2425307" lon="84.5849631"><ele>93.7</ele><time>1970-01-01T00:00:00.000Z</time></trkpt><trkpt lat="56.2425043" lon="84.585062"><ele>93.5</ele><time>1970-01-01T00:00:00.000Z</time></trkpt><trkpt lat="56.2424651" lon="84.5851235"><ele>96.6</ele><time>1970-01-01T00:00:00.000Z</time></trkpt><trkpt lat="56.2424358" lon="84.5851638"><ele>95.3</ele><time>1970-01-01T00:00:00.000Z</time></trkpt><trkpt lat="56.2423989" lon="84.5852168"><ele>97</ele><time>1970-01-01T00:00:00.000Z</time></trkpt><trkpt lat="56.242374" lon="84.5852879"><ele>97.3</ele><time>1970-01-01T00:00:00.000Z</time></trkpt><trkpt lat="56.2423539" lon="84.5853958"><ele>98.1</ele><time>1970-01-01T00:00:00.000Z</time></trkpt><trkpt lat="56.2423142" lon="84.5855267"><ele>98.4</ele><time>1970-01-01T00:00:00.000Z</time></trkpt><trkpt lat="56.2422878" lon="84.5856065"><ele>99.8</ele><time>1970-01-01T00:00:00.000Z</time></trkpt><trkpt lat="56.2422506" lon="84.5856897"><ele>101.2</ele><time>1970-01-01T00:00:00.000Z</time></trkpt><trkpt lat="56.2422099" lon="84.5858035"><ele>99.8</ele><time>1970-01-01T00:00:00.000Z</time></trkpt><trkpt lat="56.2421651" lon="84.5859305"><ele>98.6</ele><time>1970-01-01T00:00:00.000Z</time></trkpt><trkpt lat="56.2421422" lon="84.5860414"><ele>99.3</ele><time>1970-01-01T00:00:00.000Z</time></trkpt><trkpt lat="56.2421294" lon="84.5861165"><ele>99.5</ele><time>1970-01-01T00:00:00.000Z</time></trkpt><trkpt lat="56.2421094" lon="84.5862106"><ele>99.7</ele><time>1970-01-01T00:00:00.000Z</time></trkpt><trkpt lat="56.2420772" lon="84.5863086"><ele>98.4</ele><time>1970-01-01T00:00:00.000Z</time></trkpt><trkpt lat="56.242036" lon="84.5863572"><ele>95.7</ele><time>1970-01-01T00:00:00.000Z</time></trkpt><trkpt lat="56.2419913" lon="84.5864132"><ele>94.5</ele><time>1970-01-01T00:00:00.000Z</time></trkpt><trkpt lat="56.2419484" lon="84.5865331"><ele>95.8</ele><time>1970-01-01T00:00:00.000Z</time></trkpt><trkpt lat="56.2419127" lon="84.5866382"><ele>95</ele><time>1970-01-01T00:00:00.000Z</time></trkpt><trkpt lat="56.2418641" lon="84.5867397"><ele>95.7</ele><time>1970-01-01T00:00:00.000Z</time></trkpt><trkpt lat="56.2418249" lon="84.5868376"><ele>96.9</ele><time>1970-01-01T00:00:00.000Z</time></trkpt><trkpt lat="56.241782" lon="84.5869397"><ele>96.1</ele><time>1970-01-01T00:00:00.000Z</time></trkpt><trkpt lat="56.2417385" lon="84.587049"><ele>98.4</ele><time>1970-01-01T00:00:00.000Z</time></trkpt><trkpt lat="56.2417162" lon="84.587132"><ele>99.9</ele><time>1970-01-01T00:00:00.000Z</time></trkpt><trkpt lat="56.241706" lon="84.5872102"><ele>100.7</ele><time>1970-01-01T00:00:00.000Z</time></trkpt><trkpt lat="56.2416937" lon="84.5872777"><ele>100.5</ele><time>1970-01-01T00:00:00.000Z</time></trkpt><trkpt lat="56.2416754" lon="84.5873235"><ele>101.1</ele><time>1970-01-01T00:00:00.000Z</time></trkpt><trkpt lat="56.241652" lon="84.58738"><ele>100</ele><time>1970-01-01T00:00:00.000Z</time></trkpt><trkpt lat="56.2416202" lon="84.5874459"><ele>99.3</ele><time>1970-01-01T00:00:00.000Z</time></trkpt><trkpt lat="56.241576" lon="84.5875501"><ele>98.4</ele><time>1970-01-01T00:00:00.000Z</time></trkpt><trkpt lat="56.2415354" lon="84.5876589"><ele>100</ele><time>1970-01-01T00:00:00.000Z</time></trkpt><trkpt lat="56.2414998" lon="84.5877419"><ele>99.3</ele><time>1970-01-01T00:00:00.000Z</time></trkpt><trkpt lat="56.2414764" lon="84.5877935"><ele>98.6</ele><time>1970-01-01T00:00:00.000Z</time></trkpt><trkpt lat="56.2414681" lon="84.5878371"><ele>99.9</ele><time>1970-01-01T00:00:00.000Z</time></trkpt><trkpt lat="56.2414446" lon="84.5879166"><ele>99.1</ele><time>1970-01-01T00:00:00.000Z</time></trkpt><trkpt lat="56.24139" lon="84.588012"><ele>99.1</ele><time>1970-01-01T00:00:00.000Z</time></trkpt><trkpt lat="56.2413436" lon="84.5881152"><ele>99.3</ele><time>1970-01-01T00:00:00.000Z</time></trkpt><trkpt lat="56.241312" lon="84.5881779"><ele>98.9</ele><time>1970-01-01T00:00:00.000Z</time></trkpt><trkpt lat="56.241271" lon="84.5882738"><ele>97.5</ele><time>1970-01-01T00:00:00.000Z</time></trkpt><trkpt lat="56.2412381" lon="84.5883907"><ele>98.6</ele><time>1970-01-01T00:00:00.000Z</time></trkpt><trkpt lat="56.2412048" lon="84.588489"><ele>98.2</ele><time>1970-01-01T00:00:00.000Z</time></trkpt><trkpt lat="56.2411712" lon="84.5885589"><ele>96.9</ele><time>1970-01-01T00:00:00.000Z</time></trkpt><trkpt lat="56.2411322" lon="84.5886702"><ele>97.9</ele><time>1970-01-01T00:00:00.000Z</time></trkpt><trkpt lat="56.2410923" lon="84.5887999"><ele>96.1</ele><time>1970-01-01T00:00:00.000Z</time></trkpt><trkpt lat="56.2410553" lon="84.5889051"><ele>97.7</ele><time>1970-01-01T00:00:00.000Z</time></trkpt><trkpt lat="56.241023" lon="84.588996"><ele>96.8</ele><time>1970-01-01T00:00:00.000Z</time></trkpt><trkpt lat="56.2410163" lon="84.5890608"><ele>97.4</ele><time>1970-01-01T00:00:00.000Z</time></trkpt><trkpt lat="56.2410013" lon="84.5891003"><ele>95.4</ele><time>1970-01-01T00:00:00.000Z</time></trkpt><trkpt lat="56.2409799" lon="84.5891299"><ele>94.1</ele><time>1970-01-01T00:00:00.000Z</time></trkpt><trkpt lat="56.2409571" lon="84.5891628"><ele>95.5</ele><time>1970-01-01T00:00:00.000Z</time></trkpt><trkpt lat="56.2409247" lon="84.5892256"><ele>96.6</ele><time>1970-01-01T00:00:00.000Z</time></trkpt><trkpt lat="56.2408881" lon="84.589294"><ele>97.2</ele><time>1970-01-01T00:00:00.000Z</time></trkpt><trkpt lat="56.2408682" lon="84.5893206"><ele>99</ele><time>1970-01-01T00:00:00.000Z</time></trkpt><trkpt lat="56.240863" lon="84.589342"><ele>99.1</ele><time>1970-01-01T00:00:00.000Z</time></trkpt><trkpt lat="56.2408592" lon="84.5893518"><ele>100</ele><time>1970-01-01T00:00:00.000Z</time></trkpt><trkpt lat="56.2408506" lon="84.5893616"><ele>100.1</ele><time>1970-01-01T00:00:00.000Z</time></trkpt><trkpt lat="56.240852" lon="84.5894004"><ele>100.1</ele><time>1970-01-01T00:00:00.000Z</time></trkpt><trkpt lat="56.2408435" lon="84.5894236"><ele>101.2</ele><time>1970-01-01T00:00:00.000Z</time></trkpt><trkpt lat="56.2408196" lon="84.5894412"><ele>100.6</ele><time>1970-01-01T00:00:00.000Z</time></trkpt><trkpt lat="56.2407928" lon="84.5894774"><ele>100.9</ele><time>1970-01-01T00:00:00.000Z</time></trkpt><trkpt lat="56.2407495" lon="84.5895501"><ele>100.2</ele><time>1970-01-01T00:00:00.000Z</time></trkpt><trkpt lat="56.2407237" lon="84.5896022"><ele>100.7</ele><time>1970-01-01T00:00:00.000Z</time></trkpt><trkpt lat="56.2407164" lon="84.5896195"><ele>101.3</ele><time>1970-01-01T00:00:00.000Z</time></trkpt><trkpt lat="56.2407129" lon="84.5896286"><ele>101.6</ele><time>1970-01-01T00:00:00.000Z</time></trkpt><trkpt lat="56.2407034" lon="84.5896654"><ele>101.6</ele><time>1970-01-01T00:00:00.000Z</time></trkpt><trkpt lat="56.2406801" lon="84.589739"><ele>100.7</ele><time>1970-01-01T00:00:00.000Z</time></trkpt><trkpt lat="56.2406387" lon="84.5898243"><ele>101.2</ele><time>1970-01-01T00:00:00.000Z</time></trkpt><trkpt lat="56.2406121" lon="84.5898898"><ele>100.9</ele><time>1970-01-01T00:00:00.000Z</time></trkpt><trkpt lat="56.2405875" lon="84.5899532"><ele>101.8</ele><time>1970-01-01T00:00:00.000Z</time></trkpt><trkpt lat="56.2405561" lon="84.5900367"><ele>101.9</ele><time>1970-01-01T00:00:00.000Z</time></trkpt><trkpt lat="56.2405323" lon="84.5901293"><ele>100.9</ele><time>1970-01-01T00:00:00.000Z</time></trkpt><trkpt lat="56.2404992" lon="84.590224"><ele>102</ele><time>1970-01-01T00:00:00.000Z</time></trkpt><trkpt lat="56.2404694" lon="84.5903452"><ele>101.8</ele><time>1970-01-01T00:00:00.000Z</time></trkpt><trkpt lat="56.24044" lon="84.5904493"><ele>101.7</ele><time>1970-01-01T00:00:00.000Z</time></trkpt><trkpt lat="56.2403896" lon="84.5905264"><ele>101.2</ele><time>1970-01-01T00:00:00.000Z</time></trkpt><trkpt lat="56.2403439" lon="84.5906188"><ele>101.6</ele><time>1970-01-01T00:00:00.000Z</time></trkpt><trkpt lat="56.2403048" lon="84.5907287"><ele>101.9</ele><time>1970-01-01T00:00:00.000Z</time></trkpt><trkpt lat="56.2402598" lon="84.5908436"><ele>102.4</ele><time>1970-01-01T00:00:00.000Z</time></trkpt><trkpt lat="56.2402136" lon="84.5909529"><ele>103.3</ele><time>1970-01-01T00:00:00.000Z</time></trkpt><trkpt lat="56.2401788" lon="84.5910259"><ele>102.7</ele><time>1970-01-01T00:00:00.000Z</time></trkpt><trkpt lat="56.2401458" lon="84.5911126"><ele>102.8</ele><time>1970-01-01T00:00:00.000Z</time></trkpt><trkpt lat="56.240109" lon="84.5912455"><ele>102.4</ele><time>1970-01-01T00:00:00.000Z</time></trkpt><trkpt lat="56.2400903" lon="84.5913076"><ele>101.4</ele><time>1970-01-01T00:00:00.000Z</time></trkpt><trkpt lat="56.24006" lon="84.5913771"><ele>102.3</ele><time>1970-01-01T00:00:00.000Z</time></trkpt><trkpt lat="56.240035" lon="84.5914537"><ele>103.6</ele><time>1970-01-01T00:00:00.000Z</time></trkpt><trkpt lat="56.2400325" lon="84.5914848"><ele>103.9</ele><time>1970-01-01T00:00:00.000Z</time></trkpt><trkpt lat="56.2400294" lon="84.5914985"><ele>103.7</ele><time>1970-01-01T00:00:00.000Z</time></trkpt><trkpt lat="56.2400275" lon="84.5915053"><ele>103.5</ele><time>1970-01-01T00:00:00.000Z</time></trkpt><trkpt lat="56.2400246" lon="84.5915253"><ele>103.4</ele><time>1970-01-01T00:00:00.000Z</time></trkpt><trkpt lat="56.2400279" lon="84.5915261"><ele>103</ele><time>1970-01-01T00:00:00.000Z</time></trkpt><trkpt lat="56.240023" lon="84.5915372"><ele>103.2</ele><time>1970-01-01T00:00:00.000Z</time></trkpt><trkpt lat="56.2400057" lon="84.5915655"><ele>102.7</ele><time>1970-01-01T00:00:00.000Z</time></trkpt><trkpt lat="56.2399988" lon="84.591575"><ele>102.7</ele><time>1970-01-01T00:00:00.000Z</time></trkpt><trkpt lat="56.2399951" lon="84.5915803"><ele>102.7</ele><time>1970-01-01T00:00:00.000Z</time></trkpt><trkpt lat="56.2399792" lon="84.5915936"><ele>101.5</ele><time>1970-01-01T00:00:00.000Z</time></trkpt><trkpt lat="56.239975" lon="84.5915961"><ele>101.6</ele><time>1970-01-01T00:00:00.000Z</time></trkpt><trkpt lat="56.2399704" lon="84.5915972"><ele>101.6</ele><time>1970-01-01T00:00:00.000Z</time></trkpt><trkpt lat="56.2399682" lon="84.5916049"><ele>101.6</ele><time>1970-01-01T00:00:00.000Z</time></trkpt><trkpt lat="56.2399725" lon="84.5916123"><ele>101.7</ele><time>1970-01-01T00:00:00.000Z</time></trkpt><trkpt lat="56.2399786" lon="84.591615"><ele>102.1</ele><time>1970-01-01T00:00:00.000Z</time></trkpt><trkpt lat="56.2399787" lon="84.5916157"><ele>102.1</ele><time>1970-01-01T00:00:00.000Z</time></trkpt><trkpt lat="56.2399777" lon="84.5916109"><ele>102.4</ele><time>1970-01-01T00:00:00.000Z</time></trkpt><trkpt lat="56.2399779" lon="84.5916088"><ele>102.4</ele><time>1970-01-01T00:00:00.000Z</time></trkpt><trkpt lat="56.2399775" lon="84.5916084"><ele>102.5</ele><time>1970-01-01T00:00:00.000Z</time></trkpt><trkpt lat="56.2399775" lon="84.5916086"><ele>102.5</ele><time>1970-01-01T00:00:00.000Z</time></trkpt><trkpt lat="56.2399774" lon="84.5916084"><ele>102.5</ele><time>1970-01-01T00:00:00.000Z</time></trkpt><trkpt lat="56.2399752" lon="84.591606"><ele>103.1</ele><time>1970-01-01T00:00:00.000Z</time></trkpt><trkpt lat="56.2399711" lon="84.5916179"><ele>102.9</ele><time>1970-01-01T00:00:00.000Z</time></trkpt><trkpt lat="56.2399516" lon="84.5916149"><ele>102.3</ele><time>1970-01-01T00:00:00.000Z</time></trkpt><trkpt lat="56.2399036" lon="84.5916475"><ele>102.2</ele><time>1970-01-01T00:00:00.000Z</time></trkpt><trkpt lat="56.2398472" lon="84.5916796"><ele>101.3</ele><time>1970-01-01T00:00:00.000Z</time></trkpt><trkpt lat="56.2397942" lon="84.5917144"><ele>100.3</ele><time>1970-01-01T00:00:00.000Z</time></trkpt><trkpt lat="56.2397336" lon="84.5917681"><ele>101.3</ele><time>1970-01-01T00:00:00.000Z</time></trkpt><trkpt lat="56.239685" lon="84.5918146"><ele>102</ele><time>1970-01-01T00:00:00.000Z</time></trkpt><trkpt lat="56.2396301" lon="84.5918486"><ele>102.1</ele><time>1970-01-01T00:00:00.000Z</time></trkpt><trkpt lat="56.2395713" lon="84.591888"><ele>101.3</ele><time>1970-01-01T00:00:00.000Z</time></trkpt><trkpt lat="56.2395304" lon="84.5919284"><ele>101.3</ele><time>1970-01-01T00:00:00.000Z</time></trkpt><trkpt lat="56.2394831" lon="84.5919675"><ele>102.4</ele><time>1970-01-01T00:00:00.000Z</time></trkpt><trkpt lat="56.2394324" lon="84.5920034"><ele>101.7</ele><time>1970-01-01T00:00:00.000Z</time></trkpt><trkpt lat="56.2393715" lon="84.5920376"><ele>101.8</ele><time>1970-01-01T00:00:00.000Z</time></trkpt><trkpt lat="56.2393186" lon="84.5920633"><ele>102.3</ele><time>1970-01-01T00:00:00.000Z</time></trkpt><trkpt lat="56.239264" lon="84.5920954"><ele>101.4</ele><time>1970-01-01T00:00:00.000Z</time></trkpt><trkpt lat="56.239212" lon="84.5921339"><ele>103.1</ele><time>1970-01-01T00:00:00.000Z</time></trkpt><trkpt lat="56.2391759" lon="84.5921795"><ele>101.6</ele><time>1970-01-01T00:00:00.000Z</time></trkpt><trkpt lat="56.239134" lon="84.5922132"><ele>100.5</ele><time>1970-01-01T00:00:00.000Z</time></trkpt><trkpt lat="56.2390797" lon="84.5922482"><ele>100.4</ele><time>1970-01-01T00:00:00.000Z</time></trkpt><trkpt lat="56.2390297" lon="84.5923053"><ele>100.4</ele><time>1970-01-01T00:00:00.000Z</time></trkpt><trkpt lat="56.2389874" lon="84.5923399"><ele>100.4</ele><time>1970-01-01T00:00:00.000Z</time></trkpt><trkpt lat="56.2389382" lon="84.5923838"><ele>101.1</ele><time>1970-01-01T00:00:00.000Z</time></trkpt><trkpt lat="56.2389164" lon="84.5924056"><ele>101.5</ele><time>1970-01-01T00:00:00.000Z</time></trkpt><trkpt lat="56.2388599" lon="84.5924168"><ele>101.3</ele><time>1970-01-01T00:00:00.000Z</time></trkpt><trkpt lat="56.2388003" lon="84.5924309"><ele>101.9</ele><time>1970-01-01T00:00:00.000Z</time></trkpt><trkpt lat="56.2387364" lon="84.5924502"><ele>101.6</ele><time>1970-01-01T00:00:00.000Z</time></trkpt><trkpt lat="56.2386799" lon="84.5924907"><ele>101</ele><time>1970-01-01T00:00:00.000Z</time></trkpt><trkpt lat="56.2386138" lon="84.5925383"><ele>101.1</ele><time>1970-01-01T00:00:00.000Z</time></trkpt><trkpt lat="56.2385611" lon="84.5925934"><ele>100.5</ele><time>1970-01-01T00:00:00.000Z</time></trkpt><trkpt lat="56.2385135" lon="84.5926265"><ele>101.4</ele><time>1970-01-01T00:00:00.000Z</time></trkpt><trkpt lat="56.2384914" lon="84.5926568"><ele>101.6</ele><time>1970-01-01T00:00:00.000Z</time></trkpt><trkpt lat="56.2384646" lon="84.5926997"><ele>101.4</ele><time>1970-01-01T00:00:00.000Z</time></trkpt><trkpt lat="56.2383912" lon="84.5927758"><ele>102</ele><time>1970-01-01T00:00:00.000Z</time></trkpt><trkpt lat="56.2383359" lon="84.5928069"><ele>101.3</ele><time>1970-01-01T00:00:00.000Z</time></trkpt><trkpt lat="56.2382805" lon="84.5928554"><ele>101.5</ele><time>1970-01-01T00:00:00.000Z</time></trkpt><trkpt lat="56.2382145" lon="84.5929068"><ele>102</ele><time>1970-01-01T00:00:00.000Z</time></trkpt><trkpt lat="56.238156" lon="84.5929259"><ele>102.4</ele><time>1970-01-01T00:00:00.000Z</time></trkpt><trkpt lat="56.2381065" lon="84.5929594"><ele>103</ele><time>1970-01-01T00:00:00.000Z</time></trkpt><trkpt lat="56.2380408" lon="84.5930199"><ele>103.1</ele><time>1970-01-01T00:00:00.000Z</time></trkpt><trkpt lat="56.2379935" lon="84.5930521"><ele>103.3</ele><time>1970-01-01T00:00:00.000Z</time></trkpt><trkpt lat="56.2379546" lon="84.5931176"><ele>104</ele><time>1970-01-01T00:00:00.000Z</time></trkpt><trkpt lat="56.2379342" lon="84.5932198"><ele>105.3</ele><time>1970-01-01T00:00:00.000Z</time></trkpt><trkpt lat="56.237875" lon="84.5933064"><ele>105.3</ele><time>1970-01-01T00:00:00.000Z</time></trkpt><trkpt lat="56.237826" lon="84.5933746"><ele>105.1</ele><time>1970-01-01T00:00:00.000Z</time></trkpt><trkpt lat="56.2377729" lon="84.5934152"><ele>104.9</ele><time>1970-01-01T00:00:00.000Z</time></trkpt><trkpt lat="56.23771" lon="84.5934667"><ele>103.8</ele><time>1970-01-01T00:00:00.000Z</time></trkpt><trkpt lat="56.2376488" lon="84.5935411"><ele>103.8</ele><time>1970-01-01T00:00:00.000Z</time></trkpt><trkpt lat="56.2375906" lon="84.5936058"><ele>103</ele><time>1970-01-01T00:00:00.000Z</time></trkpt><trkpt lat="56.2375437" lon="84.5936479"><ele>102</ele><time>1970-01-01T00:00:00.000Z</time></trkpt><trkpt lat="56.2374847" lon="84.5936998"><ele>102.5</ele><time>1970-01-01T00:00:00.000Z</time></trkpt><trkpt lat="56.2374454" lon="84.5937374"><ele>100.3</ele><time>1970-01-01T00:00:00.000Z</time></trkpt><trkpt lat="56.2374065" lon="84.5937987"><ele>102.3</ele><time>1970-01-01T00:00:00.000Z</time></trkpt><trkpt lat="56.2373612" lon="84.5938776"><ele>102.7</ele><time>1970-01-01T00:00:00.000Z</time></trkpt><trkpt lat="56.237318" lon="84.5939702"><ele>101.6</ele><time>1970-01-01T00:00:00.000Z</time></trkpt><trkpt lat="56.2372704" lon="84.5940179"><ele>102.2</ele><time>1970-01-01T00:00:00.000Z</time></trkpt><trkpt lat="56.2371915" lon="84.5940896"><ele>101.4</ele><time>1970-01-01T00:00:00.000Z</time></trkpt><trkpt lat="56.2371326" lon="84.5941454"><ele>102.6</ele><time>1970-01-01T00:00:00.000Z</time></trkpt><trkpt lat="56.2370527" lon="84.5941797"><ele>102.5</ele><time>1970-01-01T00:00:00.000Z</time></trkpt><trkpt lat="56.2369844" lon="84.5942162"><ele>104.6</ele><time>1970-01-01T00:00:00.000Z</time></trkpt><trkpt lat="56.2369156" lon="84.5942622"><ele>105.5</ele><time>1970-01-01T00:00:00.000Z</time></trkpt><trkpt lat="56.2368496" lon="84.5942994"><ele>104.4</ele><time>1970-01-01T00:00:00.000Z</time></trkpt><trkpt lat="56.2367859" lon="84.5943258"><ele>103.1</ele><time>1970-01-01T00:00:00.000Z</time></trkpt><trkpt lat="56.2367328" lon="84.5943543"><ele>103.4</ele><time>1970-01-01T00:00:00.000Z</time></trkpt><trkpt lat="56.2366763" lon="84.5943799"><ele>102.8</ele><time>1970-01-01T00:00:00.000Z</time></trkpt><trkpt lat="56.236617" lon="84.5944076"><ele>103.4</ele><time>1970-01-01T00:00:00.000Z</time></trkpt><trkpt lat="56.2365446" lon="84.5944527"><ele>103.7</ele><time>1970-01-01T00:00:00.000Z</time></trkpt><trkpt lat="56.2364954" lon="84.5945024"><ele>104.2</ele><time>1970-01-01T00:00:00.000Z</time></trkpt><trkpt lat="56.2364241" lon="84.5945828"><ele>103.3</ele><time>1970-01-01T00:00:00.000Z</time></trkpt><trkpt lat="56.2363744" lon="84.5946591"><ele>103.7</ele><time>1970-01-01T00:00:00.000Z</time></trkpt><trkpt lat="56.2363174" lon="84.5947318"><ele>104.6</ele><time>1970-01-01T00:00:00.000Z</time></trkpt><trkpt lat="56.2362636" lon="84.5947972"><ele>104.9</ele><time>1970-01-01T00:00:00.000Z</time></trkpt><trkpt lat="56.2362262" lon="84.5948678"><ele>104</ele><time>1970-01-01T00:00:00.000Z</time></trkpt><trkpt lat="56.2361985" lon="84.5949436"><ele>104.9</ele><time>1970-01-01T00:00:00.000Z</time></trkpt><trkpt lat="56.2361594" lon="84.5950393"><ele>103.7</ele><time>1970-01-01T00:00:00.000Z</time></trkpt><trkpt lat="56.2361199" lon="84.5951095"><ele>103.2</ele><time>1970-01-01T00:00:00.000Z</time></trkpt><trkpt lat="56.2360638" lon="84.5951884"><ele>104.5</ele><time>1970-01-01T00:00:00.000Z</time></trkpt><trkpt lat="56.2359967" lon="84.5952659"><ele>103.8</ele><time>1970-01-01T00:00:00.000Z</time></trkpt><trkpt lat="56.2359362" lon="84.5952472"><ele>101.5</ele><time>1970-01-01T00:00:00.000Z</time></trkpt><trkpt lat="56.235895" lon="84.5952421"><ele>101.2</ele><time>1970-01-01T00:00:00.000Z</time></trkpt><trkpt lat="56.2358379" lon="84.5952759"><ele>99.8</ele><time>1970-01-01T00:00:00.000Z</time></trkpt><trkpt lat="56.2357827" lon="84.595284"><ele>98.9</ele><time>1970-01-01T00:00:00.000Z</time></trkpt><trkpt lat="56.2357194" lon="84.5953063"><ele>100.6</ele><time>1970-01-01T00:00:00.000Z</time></trkpt><trkpt lat="56.235626" lon="84.595329"><ele>101.8</ele><time>1970-01-01T00:00:00.000Z</time></trkpt><trkpt lat="56.2355429" lon="84.5953618"><ele>102.6</ele><time>1970-01-01T00:00:00.000Z</time></trkpt><trkpt lat="56.2354693" lon="84.5953992"><ele>102.2</ele><time>1970-01-01T00:00:00.000Z</time></trkpt><trkpt lat="56.23545" lon="84.5954174"><ele>102.8</ele><time>1970-01-01T00:00:00.000Z</time></trkpt><trkpt lat="56.235436" lon="84.5954263"><ele>103</ele><time>1970-01-01T00:00:00.000Z</time></trkpt><trkpt lat="56.2353441" lon="84.5954635"><ele>102.7</ele><time>1970-01-01T00:00:00.000Z</time></trkpt><trkpt lat="56.235263" lon="84.595464"><ele>104.4</ele><time>1970-01-01T00:00:00.000Z</time></trkpt><trkpt lat="56.2351986" lon="84.59547"><ele>104.6</ele><time>1970-01-01T00:00:00.000Z</time></trkpt><trkpt lat="56.2351414" lon="84.5955113"><ele>105.3</ele><time>1970-01-01T00:00:00.000Z</time></trkpt><trkpt lat="56.2350814" lon="84.5955172"><ele>105</ele><time>1970-01-01T00:00:00.000Z</time></trkpt><trkpt lat="56.2350241" lon="84.5955179"><ele>105.2</ele><time>1970-01-01T00:00:00.000Z</time></trkpt><trkpt lat="56.2349522" lon="84.5955323"><ele>105.8</ele><time>1970-01-01T00:00:00.000Z</time></trkpt><trkpt lat="56.2349436" lon="84.5955405"><ele>105.7</ele><time>1970-01-01T00:00:00.000Z</time></trkpt><trkpt lat="56.2348895" lon="84.595511"><ele>105.4</ele><time>1970-01-01T00:00:00.000Z</time></trkpt><trkpt lat="56.2348315" lon="84.5954886"><ele>106.9</ele><time>1970-01-01T00:00:00.000Z</time></trkpt><trkpt lat="56.2347652" lon="84.595478"><ele>106.6</ele><time>1970-01-01T00:00:00.000Z</time></trkpt><trkpt lat="56.2346707" lon="84.5954868"><ele>106.8</ele><time>1970-01-01T00:00:00.000Z</time></trkpt><trkpt lat="56.2345783" lon="84.5955466"><ele>105</ele><time>1970-01-01T00:00:00.000Z</time></trkpt><trkpt lat="56.2345041" lon="84.5955841"><ele>104.7</ele><time>1970-01-01T00:00:00.000Z</time></trkpt><trkpt lat="56.2344273" lon="84.5956344"><ele>105</ele><time>1970-01-01T00:00:00.000Z</time></trkpt><trkpt lat="56.2343639" lon="84.5957071"><ele>106.4</ele><time>1970-01-01T00:00:00.000Z</time></trkpt><trkpt lat="56.234305" lon="84.5957605"><ele>105.2</ele><time>1970-01-01T00:00:00.000Z</time></trkpt><trkpt lat="56.2342523" lon="84.5958151"><ele>105</ele><time>1970-01-01T00:00:00.000Z</time></trkpt><trkpt lat="56.2342338" lon="84.5958531"><ele>105</ele><time>1970-01-01T00:00:00.000Z</time></trkpt><trkpt lat="56.2342016" lon="84.5958871"><ele>105</ele><time>1970-01-01T00:00:00.000Z</time></trkpt><trkpt lat="56.2341857" lon="84.5958969"><ele>105.7</ele><time>1970-01-01T00:00:00.000Z</time></trkpt><trkpt lat="56.2341476" lon="84.5959321"><ele>105.5</ele><time>1970-01-01T00:00:00.000Z</time></trkpt><trkpt lat="56.2340896" lon="84.5959837"><ele>107.2</ele><time>1970-01-01T00:00:00.000Z</time></trkpt><trkpt lat="56.2340584" lon="84.5959965"><ele>107.7</ele><time>1970-01-01T00:00:00.000Z</time></trkpt><trkpt lat="56.2340522" lon="84.5959996"><ele>107.6</ele><time>1970-01-01T00:00:00.000Z</time></trkpt><trkpt lat="56.2340528" lon="84.595994"><ele>107.5</ele><time>1970-01-01T00:00:00.000Z</time></trkpt><trkpt lat="56.2340541" lon="84.5959916"><ele>107.5</ele><time>1970-01-01T00:00:00.000Z</time></trkpt><trkpt lat="56.2340663" lon="84.5959832"><ele>107.6</ele><time>1970-01-01T00:00:00.000Z</time></trkpt><trkpt lat="56.2340656" lon="84.5959849"><ele>107.9</ele><time>1970-01-01T00:00:00.000Z</time></trkpt><trkpt lat="56.2340642" lon="84.5959819"><ele>107.9</ele><time>1970-01-01T00:00:00.000Z</time></trkpt><trkpt lat="56.2340646" lon="84.595981"><ele>108</ele><time>1970-01-01T00:00:00.000Z</time></trkpt><trkpt lat="56.2340644" lon="84.5959808"><ele>108.1</ele><time>1970-01-01T00:00:00.000Z</time></trkpt><trkpt lat="56.2340646" lon="84.5959804"><ele>108.1</ele><time>1970-01-01T00:00:00.000Z</time></trkpt><trkpt lat="56.234068" lon="84.5959761"><ele>108.6</ele><time>1970-01-01T00:00:00.000Z</time></trkpt><trkpt lat="56.2340679" lon="84.5959747"><ele>108.6</ele><time>1970-01-01T00:00:00.000Z</time></trkpt><trkpt lat="56.2340678" lon="84.5959728"><ele>108.7</ele><time>1970-01-01T00:00:00.000Z</time></trkpt><trkpt lat="56.2340635" lon="84.5959713"><ele>107.9</ele><time>1970-01-01T00:00:00.000Z</time></trkpt><trkpt lat="56.2340492" lon="84.5959904"><ele>106.8</ele><time>1970-01-01T00:00:00.000Z</time></trkpt><trkpt lat="56.2339906" lon="84.5960223"><ele>105.9</ele><time>1970-01-01T00:00:00.000Z</time></trkpt><trkpt lat="56.2339017" lon="84.5960692"><ele>106.7</ele><time>1970-01-01T00:00:00.000Z</time></trkpt><trkpt lat="56.2338458" lon="84.5961089"><ele>106.7</ele><time>1970-01-01T00:00:00.000Z</time></trkpt><trkpt lat="56.2337778" lon="84.5961747"><ele>108</ele><time>1970-01-01T00:00:00.000Z</time></trkpt><trkpt lat="56.233718" lon="84.5962214"><ele>107.4</ele><time>1970-01-01T00:00:00.000Z</time></trkpt><trkpt lat="56.2336581" lon="84.5962796"><ele>106.7</ele><time>1970-01-01T00:00:00.000Z</time></trkpt><trkpt lat="56.233599" lon="84.5963369"><ele>107.1</ele><time>1970-01-01T00:00:00.000Z</time></trkpt><trkpt lat="56.2335383" lon="84.5964234"><ele>106.9</ele><time>1970-01-01T00:00:00.000Z</time></trkpt><trkpt lat="56.2334809" lon="84.5965071"><ele>106</ele><time>1970-01-01T00:00:00.000Z</time></trkpt><trkpt lat="56.2334354" lon="84.596564"><ele>104.5</ele><time>1970-01-01T00:00:00.000Z</time></trkpt><trkpt lat="56.2333989" lon="84.5966041"><ele>104.1</ele><time>1970-01-01T00:00:00.000Z</time></trkpt><trkpt lat="56.2333356" lon="84.5966892"><ele>104.9</ele><time>1970-01-01T00:00:00.000Z</time></trkpt><trkpt lat="56.2332729" lon="84.5967799"><ele>104.5</ele><time>1970-01-01T00:00:00.000Z</time></trkpt><trkpt lat="56.2332097" lon="84.5968557"><ele>104.5</ele><time>1970-01-01T00:00:00.000Z</time></trkpt><trkpt lat="56.2331357" lon="84.5969198"><ele>105.1</ele><time>1970-01-01T00:00:00.000Z</time></trkpt><trkpt lat="56.2330728" lon="84.5969865"><ele>105.9</ele><time>1970-01-01T00:00:00.000Z</time></trkpt><trkpt lat="56.2330063" lon="84.5970605"><ele>106.3</ele><time>1970-01-01T00:00:00.000Z</time></trkpt><trkpt lat="56.232948" lon="84.5971334"><ele>107.1</ele><time>1970-01-01T00:00:00.000Z</time></trkpt><trkpt lat="56.2328932" lon="84.5972078"><ele>107.1</ele><time>1970-01-01T00:00:00.000Z</time></trkpt><trkpt lat="56.2328433" lon="84.5972666"><ele>108.5</ele><time>1970-01-01T00:00:00.000Z</time></trkpt><trkpt lat="56.2327761" lon="84.5973335"><ele>109.6</ele><time>1970-01-01T00:00:00.000Z</time></trkpt><trkpt lat="56.2327145" lon="84.5973972"><ele>109</ele><time>1970-01-01T00:00:00.000Z</time></trkpt><trkpt lat="56.2326401" lon="84.5974406"><ele>109.3</ele><time>1970-01-01T00:00:00.000Z</time></trkpt><trkpt lat="56.2325996" lon="84.5975065"><ele>109.3</ele><time>1970-01-01T00:00:00.000Z</time></trkpt><trkpt lat="56.2325881" lon="84.5975342"><ele>110</ele><time>1970-01-01T00:00:00.000Z</time></trkpt><trkpt lat="56.2325864" lon="84.5975351"><ele>109.9</ele><time>1970-01-01T00:00:00.000Z</time></trkpt><trkpt lat="56.232588" lon="84.5975372"><ele>109.9</ele><time>1970-01-01T00:00:00.000Z</time></trkpt><trkpt lat="56.232594" lon="84.5975298"><ele>110.3</ele><time>1970-01-01T00:00:00.000Z</time></trkpt><trkpt lat="56.2325964" lon="84.5975264"><ele>110.3</ele><time>1970-01-01T00:00:00.000Z</time></trkpt><trkpt lat="56.2325816" lon="84.597534"><ele>111.8</ele><time>1970-01-01T00:00:00.000Z</time></trkpt><trkpt lat="56.2325838" lon="84.5975326"><ele>111.8</ele><time>1970-01-01T00:00:00.000Z</time></trkpt><trkpt lat="56.2325814" lon="84.5975245"><ele>112.2</ele><time>1970-01-01T00:00:00.000Z</time></trkpt><trkpt lat="56.2325788" lon="84.5975269"><ele>112.3</ele><time>1970-01-01T00:00:00.000Z</time></trkpt><trkpt lat="56.2325562" lon="84.59753"><ele>112.4</ele><time>1970-01-01T00:00:00.000Z</time></trkpt><trkpt lat="56.2325427" lon="84.5975508"><ele>111.7</ele><time>1970-01-01T00:00:00.000Z</time></trkpt><trkpt lat="56.2324987" lon="84.5975669"><ele>110.6</ele><time>1970-01-01T00:00:00.000Z</time></trkpt><trkpt lat="56.232447" lon="84.5976009"><ele>110.8</ele><time>1970-01-01T00:00:00.000Z</time></trkpt><trkpt lat="56.2323842" lon="84.5976585"><ele>110.5</ele><time>1970-01-01T00:00:00.000Z</time></trkpt><trkpt lat="56.2323319" lon="84.5976968"><ele>110.5</ele><time>1970-01-01T00:00:00.000Z</time></trkpt><trkpt lat="56.232278" lon="84.5977326"><ele>111.3</ele><time>1970-01-01T00:00:00.000Z</time></trkpt><trkpt lat="56.2322418" lon="84.597773"><ele>110.3</ele><time>1970-01-01T00:00:00.000Z</time></trkpt><trkpt lat="56.2322258" lon="84.5977921"><ele>109.2</ele><time>1970-01-01T00:00:00.000Z</time></trkpt><trkpt lat="56.2322058" lon="84.5978006"><ele>109.3</ele><time>1970-01-01T00:00:00.000Z</time></trkpt><trkpt lat="56.2321904" lon="84.5978035"><ele>109.4</ele><time>1970-01-01T00:00:00.000Z</time></trkpt><trkpt lat="56.2321871" lon="84.5978003"><ele>109.2</ele><time>1970-01-01T00:00:00.000Z</time></trkpt><trkpt lat="56.2321868" lon="84.5977806"><ele>109.5</ele><time>1970-01-01T00:00:00.000Z</time></trkpt><trkpt lat="56.2321506" lon="84.5977773"><ele>109.2</ele><time>1970-01-01T00:00:00.000Z</time></trkpt><trkpt lat="56.2320959" lon="84.5978199"><ele>108.8</ele><time>1970-01-01T00:00:00.000Z</time></trkpt><trkpt lat="56.2320774" lon="84.5978985"><ele>110.1</ele><time>1970-01-01T00:00:00.000Z</time></trkpt><trkpt lat="56.2320517" lon="84.5979606"><ele>110.6</ele><time>1970-01-01T00:00:00.000Z</time></trkpt><trkpt lat="56.2319923" lon="84.5980051"><ele>108.3</ele><time>1970-01-01T00:00:00.000Z</time></trkpt><trkpt lat="56.2319361" lon="84.5980174"><ele>110.2</ele><time>1970-01-01T00:00:00.000Z</time></trkpt><trkpt lat="56.2318838" lon="84.597994"><ele>107.5</ele><time>1970-01-01T00:00:00.000Z</time></trkpt><trkpt lat="56.2318242" lon="84.5979602"><ele>108.1</ele><time>1970-01-01T00:00:00.000Z</time></trkpt><trkpt lat="56.231753" lon="84.597982"><ele>108</ele><time>1970-01-01T00:00:00.000Z</time></trkpt><trkpt lat="56.231688" lon="84.5980255"><ele>109.7</ele><time>1970-01-01T00:00:00.000Z</time></trkpt><trkpt lat="56.2316206" lon="84.5980991"><ele>109.6</ele><time>1970-01-01T00:00:00.000Z</time></trkpt><trkpt lat="56.2315684" lon="84.5981824"><ele>111.3</ele><time>1970-01-01T00:00:00.000Z</time></trkpt><trkpt lat="56.2315226" lon="84.5982517"><ele>109.4</ele><time>1970-01-01T00:00:00.000Z</time></trkpt><trkpt lat="56.2314619" lon="84.5983477"><ele>108.9</ele><time>1970-01-01T00:00:00.000Z</time></trkpt><trkpt lat="56.2314245" lon="84.5984331"><ele>109.7</ele><time>1970-01-01T00:00:00.000Z</time></trkpt><trkpt lat="56.2313871" lon="84.5985062"><ele>110.7</ele><time>1970-01-01T00:00:00.000Z</time></trkpt><trkpt lat="56.2313641" lon="84.5985519"><ele>108.7</ele><time>1970-01-01T00:00:00.000Z</time></trkpt><trkpt lat="56.2313649" lon="84.5985865"><ele>109.2</ele><time>1970-01-01T00:00:00.000Z</time></trkpt><trkpt lat="56.2313596" lon="84.5985839"><ele>109.9</ele><time>1970-01-01T00:00:00.000Z</time></trkpt><trkpt lat="56.2313564" lon="84.5985846"><ele>109.7</ele><time>1970-01-01T00:00:00.000Z</time></trkpt><trkpt lat="56.2313351" lon="84.5985902"><ele>110.2</ele><time>1970-01-01T00:00:00.000Z</time></trkpt><trkpt lat="56.2312838" lon="84.5986449"><ele>110.1</ele><time>1970-01-01T00:00:00.000Z</time></trkpt><trkpt lat="56.2312247" lon="84.5986926"><ele>109.9</ele><time>1970-01-01T00:00:00.000Z</time></trkpt><trkpt lat="56.2311555" lon="84.5987583"><ele>109.7</ele><time>1970-01-01T00:00:00.000Z</time></trkpt><trkpt lat="56.2311313" lon="84.5988466"><ele>110.4</ele><time>1970-01-01T00:00:00.000Z</time></trkpt><trkpt lat="56.2310796" lon="84.598933"><ele>109.2</ele><time>1970-01-01T00:00:00.000Z</time></trkpt><trkpt lat="56.2310224" lon="84.5989954"><ele>109.2</ele><time>1970-01-01T00:00:00.000Z</time></trkpt><trkpt lat="56.2309793" lon="84.5990328"><ele>108.3</ele><time>1970-01-01T00:00:00.000Z</time></trkpt><trkpt lat="56.2309246" lon="84.5990942"><ele>107.6</ele><time>1970-01-01T00:00:00.000Z</time></trkpt><trkpt lat="56.2308729" lon="84.599157"><ele>107.6</ele><time>1970-01-01T00:00:00.000Z</time></trkpt><trkpt lat="56.2308228" lon="84.5991918"><ele>107.4</ele><time>1970-01-01T00:00:00.000Z</time></trkpt><trkpt lat="56.2307693" lon="84.5991868"><ele>107.8</ele><time>1970-01-01T00:00:00.000Z</time></trkpt><trkpt lat="56.2307083" lon="84.599244"><ele>107.8</ele><time>1970-01-01T00:00:00.000Z</time></trkpt><trkpt lat="56.2306552" lon="84.5992724"><ele>107.9</ele><time>1970-01-01T00:00:00.000Z</time></trkpt><trkpt lat="56.2306055" lon="84.5993221"><ele>109.1</ele><time>1970-01-01T00:00:00.000Z</time></trkpt><trkpt lat="56.2305526" lon="84.5994099"><ele>109.7</ele><time>1970-01-01T00:00:00.000Z</time></trkpt><trkpt lat="56.2305067" lon="84.599477"><ele>109.9</ele><time>1970-01-01T00:00:00.000Z</time></trkpt><trkpt lat="56.2304567" lon="84.5995478"><ele>110</ele><time>1970-01-01T00:00:00.000Z</time></trkpt><trkpt lat="56.2304205" lon="84.5996207"><ele>109.2</ele><time>1970-01-01T00:00:00.000Z</time></trkpt><trkpt lat="56.2303655" lon="84.5996959"><ele>109.2</ele><time>1970-01-01T00:00:00.000Z</time></trkpt><trkpt lat="56.2303069" lon="84.5997663"><ele>109.2</ele><time>1970-01-01T00:00:00.000Z</time></trkpt><trkpt lat="56.2302375" lon="84.5998308"><ele>108.8</ele><time>1970-01-01T00:00:00.000Z</time></trkpt><trkpt lat="56.2301789" lon="84.5998742"><ele>108.2</ele><time>1970-01-01T00:00:00.000Z</time></trkpt><trkpt lat="56.2301097" lon="84.5999438"><ele>108.2</ele><time>1970-01-01T00:00:00.000Z</time></trkpt><trkpt lat="56.2300651" lon="84.6000064"><ele>107.6</ele><time>1970-01-01T00:00:00.000Z</time></trkpt><trkpt lat="56.2300121" lon="84.6000924"><ele>107.9</ele><time>1970-01-01T00:00:00.000Z</time></trkpt><trkpt lat="56.2299507" lon="84.6001328"><ele>108.1</ele><time>1970-01-01T00:00:00.000Z</time></trkpt><trkpt lat="56.2298956" lon="84.6001903"><ele>108.3</ele><time>1970-01-01T00:00:00.000Z</time></trkpt><trkpt lat="56.2298676" lon="84.6002429"><ele>108.4</ele><time>1970-01-01T00:00:00.000Z</time></trkpt><trkpt lat="56.2298423" lon="84.600259"><ele>108.1</ele><time>1970-01-01T00:00:00.000Z</time></trkpt><trkpt lat="56.2297602" lon="84.6003054"><ele>108.6</ele><time>1970-01-01T00:00:00.000Z</time></trkpt><trkpt lat="56.2297026" lon="84.6003471"><ele>108.5</ele><time>1970-01-01T00:00:00.000Z</time></trkpt><trkpt lat="56.2296362" lon="84.6004225"><ele>107.9</ele><time>1970-01-01T00:00:00.000Z</time></trkpt><trkpt lat="56.2295884" lon="84.6004813"><ele>107.9</ele><time>1970-01-01T00:00:00.000Z</time></trkpt><trkpt lat="56.229552" lon="84.6005438"><ele>107.4</ele><time>1970-01-01T00:00:00.000Z</time></trkpt><trkpt lat="56.22951" lon="84.600593"><ele>107.4</ele><time>1970-01-01T00:00:00.000Z</time></trkpt><trkpt lat="56.2294472" lon="84.6006217"><ele>107</ele><time>1970-01-01T00:00:00.000Z</time></trkpt><trkpt lat="56.2293879" lon="84.6006739"><ele>106.9</ele><time>1970-01-01T00:00:00.000Z</time></trkpt><trkpt lat="56.2293152" lon="84.6007228"><ele>106.3</ele><time>1970-01-01T00:00:00.000Z</time></trkpt><trkpt lat="56.2292569" lon="84.600787"><ele>106.5</ele><time>1970-01-01T00:00:00.000Z</time></trkpt><trkpt lat="56.2292208" lon="84.6008717"><ele>106.5</ele><time>1970-01-01T00:00:00.000Z</time></trkpt><trkpt lat="56.2292018" lon="84.6009187"><ele>106.2</ele><time>1970-01-01T00:00:00.000Z</time></trkpt><trkpt lat="56.2291904" lon="84.6009149"><ele>105.8</ele><time>1970-01-01T00:00:00.000Z</time></trkpt><trkpt lat="56.2291898" lon="84.6009064"><ele>105.4</ele><time>1970-01-01T00:00:00.000Z</time></trkpt><trkpt lat="56.2291875" lon="84.6009224"><ele>105.2</ele><time>1970-01-01T00:00:00.000Z</time></trkpt><trkpt lat="56.2291618" lon="84.6009801"><ele>105.1</ele><time>1970-01-01T00:00:00.000Z</time></trkpt><trkpt lat="56.2290744" lon="84.6010837"><ele>104.3</ele><time>1970-01-01T00:00:00.000Z</time></trkpt><trkpt lat="56.2289736" lon="84.6011409"><ele>103.7</ele><time>1970-01-01T00:00:00.000Z</time></trkpt><trkpt lat="56.2288738" lon="84.6011857"><ele>103.4</ele><time>1970-01-01T00:00:00.000Z</time></trkpt><trkpt lat="56.2288075" lon="84.601263"><ele>103.2</ele><time>1970-01-01T00:00:00.000Z</time></trkpt><trkpt lat="56.2287486" lon="84.6013349"><ele>102.6</ele><time>1970-01-01T00:00:00.000Z</time></trkpt><trkpt lat="56.2287007" lon="84.6013915"><ele>102</ele><time>1970-01-01T00:00:00.000Z</time></trkpt><trkpt lat="56.2286851" lon="84.6014236"><ele>101.4</ele><time>1970-01-01T00:00:00.000Z</time></trkpt><trkpt lat="56.2285987" lon="84.6015097"><ele>101.1</ele><time>1970-01-01T00:00:00.000Z</time></trkpt><trkpt lat="56.2285181" lon="84.6016007"><ele>100.5</ele><time>1970-01-01T00:00:00.000Z</time></trkpt><trkpt lat="56.2284498" lon="84.6016714"><ele>100.4</ele><time>1970-01-01T00:00:00.000Z</time></trkpt><trkpt lat="56.2283893" lon="84.6017368"><ele>100</ele><time>1970-01-01T00:00:00.000Z</time></trkpt><trkpt lat="56.228332" lon="84.601804"><ele>99.8</ele><time>1970-01-01T00:00:00.000Z</time></trkpt><trkpt lat="56.2282618" lon="84.601876"><ele>99.3</ele><time>1970-01-01T00:00:00.000Z</time></trkpt><trkpt lat="56.2282001" lon="84.6019385"><ele>99.4</ele><time>1970-01-01T00:00:00.000Z</time></trkpt><trkpt lat="56.2281331" lon="84.6020101"><ele>99.1</ele><time>1970-01-01T00:00:00.000Z</time></trkpt><trkpt lat="56.228087" lon="84.6020522"><ele>99.6</ele><time>1970-01-01T00:00:00.000Z</time></trkpt><trkpt lat="56.2280551" lon="84.6020608"><ele>99.5</ele><time>1970-01-01T00:00:00.000Z</time></trkpt><trkpt lat="56.2280604" lon="84.6020534"><ele>99.4</ele><time>1970-01-01T00:00:00.000Z</time></trkpt><trkpt lat="56.2280563" lon="84.6020547"><ele>98.8</ele><time>1970-01-01T00:00:00.000Z</time></trkpt><trkpt lat="56.2280273" lon="84.6020787"><ele>96.9</ele><time>1970-01-01T00:00:00.000Z</time></trkpt><trkpt lat="56.2279606" lon="84.6021392"><ele>97.5</ele><time>1970-01-01T00:00:00.000Z</time></trkpt><trkpt lat="56.227922" lon="84.6021539"><ele>96.4</ele><time>1970-01-01T00:00:00.000Z</time></trkpt><trkpt lat="56.227863" lon="84.6022027"><ele>97.3</ele><time>1970-01-01T00:00:00.000Z</time></trkpt><trkpt lat="56.2277919" lon="84.6022806"><ele>98.7</ele><time>1970-01-01T00:00:00.000Z</time></trkpt><trkpt lat="56.2277292" lon="84.6023399"><ele>98.4</ele><time>1970-01-01T00:00:00.000Z</time></trkpt><trkpt lat="56.2276647" lon="84.6024062"><ele>98.6</ele><time>1970-01-01T00:00:00.000Z</time></trkpt><trkpt lat="56.2275989" lon="84.6024489"><ele>99.3</ele><time>1970-01-01T00:00:00.000Z</time></trkpt><trkpt lat="56.2275274" lon="84.6024921"><ele>100.1</ele><time>1970-01-01T00:00:00.000Z</time></trkpt><trkpt lat="56.2274557" lon="84.6025448"><ele>100.4</ele><time>1970-01-01T00:00:00.000Z</time></trkpt><trkpt lat="56.2273928" lon="84.6025845"><ele>100.2</ele><time>1970-01-01T00:00:00.000Z</time></trkpt><trkpt lat="56.2273281" lon="84.602605"><ele>100.7</ele><time>1970-01-01T00:00:00.000Z</time></trkpt><trkpt lat="56.227274" lon="84.6026288"><ele>100.9</ele><time>1970-01-01T00:00:00.000Z</time></trkpt><trkpt lat="56.2272001" lon="84.6026382"><ele>100.9</ele><time>1970-01-01T00:00:00.000Z</time></trkpt><trkpt lat="56.2271393" lon="84.6026518"><ele>100.9</ele><time>1970-01-01T00:00:00.000Z</time></trkpt><trkpt lat="56.2270829" lon="84.6026751"><ele>100.9</ele><time>1970-01-01T00:00:00.000Z</time></trkpt><trkpt lat="56.2270269" lon="84.6026957"><ele>102.2</ele><time>1970-01-01T00:00:00.000Z</time></trkpt><trkpt lat="56.2269714" lon="84.6027396"><ele>102.8</ele><time>1970-01-01T00:00:00.000Z</time></trkpt><trkpt lat="56.2269199" lon="84.6027801"><ele>102.8</ele><time>1970-01-01T00:00:00.000Z</time></trkpt><trkpt lat="56.2268784" lon="84.6028086"><ele>102.7</ele><time>1970-01-01T00:00:00.000Z</time></trkpt><trkpt lat="56.2268299" lon="84.6028592"><ele>103.2</ele><time>1970-01-01T00:00:00.000Z</time></trkpt><trkpt lat="56.2267858" lon="84.6029341"><ele>103.1</ele><time>1970-01-01T00:00:00.000Z</time></trkpt><trkpt lat="56.2267473" lon="84.6029972"><ele>103.2</ele><time>1970-01-01T00:00:00.000Z</time></trkpt><trkpt lat="56.2266962" lon="84.6030548"><ele>103.4</ele><time>1970-01-01T00:00:00.000Z</time></trkpt><trkpt lat="56.2266501" lon="84.6031095"><ele>103.5</ele><time>1970-01-01T00:00:00.000Z</time></trkpt><trkpt lat="56.2265978" lon="84.6031896"><ele>104.2</ele><time>1970-01-01T00:00:00.000Z</time></trkpt><trkpt lat="56.2265527" lon="84.6032645"><ele>105.3</ele><time>1970-01-01T00:00:00.000Z</time></trkpt><trkpt lat="56.226505" lon="84.6033199"><ele>105.3</ele><time>1970-01-01T00:00:00.000Z</time></trkpt><trkpt lat="56.2264604" lon="84.6033763"><ele>104.9</ele><time>1970-01-01T00:00:00.000Z</time></trkpt><trkpt lat="56.226404" lon="84.6033846"><ele>104.8</ele><time>1970-01-01T00:00:00.000Z</time></trkpt><trkpt lat="56.2263396" lon="84.6033451"><ele>105.2</ele><time>1970-01-01T00:00:00.000Z</time></trkpt><trkpt lat="56.2262689" lon="84.6033256"><ele>105.1</ele><time>1970-01-01T00:00:00.000Z</time></trkpt><trkpt lat="56.2262044" lon="84.6033403"><ele>105.4</ele><time>1970-01-01T00:00:00.000Z</time></trkpt><trkpt lat="56.22619" lon="84.6033921"><ele>105.7</ele><time>1970-01-01T00:00:00.000Z</time></trkpt><trkpt lat="56.2261412" lon="84.6034697"><ele>105.5</ele><time>1970-01-01T00:00:00.000Z</time></trkpt><trkpt lat="56.226122" lon="84.60356"><ele>104.7</ele><time>1970-01-01T00:00:00.000Z</time></trkpt><trkpt lat="56.2261386" lon="84.6036774"><ele>104.3</ele><time>1970-01-01T00:00:00.000Z</time></trkpt><trkpt lat="56.2261748" lon="84.6037921"><ele>104.3</ele><time>1970-01-01T00:00:00.000Z</time></trkpt><trkpt lat="56.2261917" lon="84.6038936"><ele>104.7</ele><time>1970-01-01T00:00:00.000Z</time></trkpt><trkpt lat="56.2262053" lon="84.6040005"><ele>105.6</ele><time>1970-01-01T00:00:00.000Z</time></trkpt><trkpt lat="56.226199" lon="84.6041299"><ele>105.4</ele><time>1970-01-01T00:00:00.000Z</time></trkpt><trkpt lat="56.2261891" lon="84.6042541"><ele>106.2</ele><time>1970-01-01T00:00:00.000Z</time></trkpt><trkpt lat="56.2261741" lon="84.6043582"><ele>106.3</ele><time>1970-01-01T00:00:00.000Z</time></trkpt><trkpt lat="56.2261401" lon="84.6044443"><ele>105.4</ele><time>1970-01-01T00:00:00.000Z</time></trkpt><trkpt lat="56.2261173" lon="84.6045003"><ele>105.2</ele><time>1970-01-01T00:00:00.000Z</time></trkpt><trkpt lat="56.2260765" lon="84.6045602"><ele>104</ele><time>1970-01-01T00:00:00.000Z</time></trkpt><trkpt lat="56.2260242" lon="84.6046239"><ele>104.2</ele><time>1970-01-01T00:00:00.000Z</time></trkpt><trkpt lat="56.2259617" lon="84.6046912"><ele>103.4</ele><time>1970-01-01T00:00:00.000Z</time></trkpt><trkpt lat="56.2259011" lon="84.6047675"><ele>103.2</ele><time>1970-01-01T00:00:00.000Z</time></trkpt><trkpt lat="56.2258469" lon="84.6048359"><ele>104.9</ele><time>1970-01-01T00:00:00.000Z</time></trkpt><trkpt lat="56.2257844" lon="84.6049122"><ele>104.5</ele><time>1970-01-01T00:00:00.000Z</time></trkpt><trkpt lat="56.2257126" lon="84.6050071"><ele>105.7</ele><time>1970-01-01T00:00:00.000Z</time></trkpt><trkpt lat="56.2256461" lon="84.6050824"><ele>107.5</ele><time>1970-01-01T00:00:00.000Z</time></trkpt><trkpt lat="56.2255939" lon="84.6051544"><ele>106.7</ele><time>1970-01-01T00:00:00.000Z</time></trkpt><trkpt lat="56.2255403" lon="84.6052337"><ele>106.4</ele><time>1970-01-01T00:00:00.000Z</time></trkpt><trkpt lat="56.2254992" lon="84.6053097"><ele>105.1</ele><time>1970-01-01T00:00:00.000Z</time></trkpt><trkpt lat="56.2254507" lon="84.6053897"><ele>103.5</ele><time>1970-01-01T00:00:00.000Z</time></trkpt><trkpt lat="56.2253883" lon="84.6054658"><ele>106.2</ele><time>1970-01-01T00:00:00.000Z</time></trkpt><trkpt lat="56.2253285" lon="84.6055288"><ele>106.8</ele><time>1970-01-01T00:00:00.000Z</time></trkpt><trkpt lat="56.225274" lon="84.6056127"><ele>107.1</ele><time>1970-01-01T00:00:00.000Z</time></trkpt><trkpt lat="56.2252384" lon="84.605679"><ele>107.6</ele><time>1970-01-01T00:00:00.000Z</time></trkpt><trkpt lat="56.2252017" lon="84.605733"><ele>105.8</ele><time>1970-01-01T00:00:00.000Z</time></trkpt><trkpt lat="56.2251723" lon="84.6057673"><ele>104.9</ele><time>1970-01-01T00:00:00.000Z</time></trkpt><trkpt lat="56.2251457" lon="84.6058206"><ele>104.4</ele><time>1970-01-01T00:00:00.000Z</time></trkpt><trkpt lat="56.2251227" lon="84.6058662"><ele>103.9</ele><time>1970-01-01T00:00:00.000Z</time></trkpt><trkpt lat="56.2250713" lon="84.6059112"><ele>103.9</ele><time>1970-01-01T00:00:00.000Z</time></trkpt><trkpt lat="56.2250282" lon="84.6059555"><ele>101.1</ele><time>1970-01-01T00:00:00.000Z</time></trkpt><trkpt lat="56.2249831" lon="84.6060034"><ele>102.3</ele><time>1970-01-01T00:00:00.000Z</time></trkpt><trkpt lat="56.2249277" lon="84.6060158"><ele>103.1</ele><time>1970-01-01T00:00:00.000Z</time></trkpt><trkpt lat="56.22484" lon="84.6060642"><ele>101.8</ele><time>1970-01-01T00:00:00.000Z</time></trkpt><trkpt lat="56.2247781" lon="84.6061633"><ele>100.9</ele><time>1970-01-01T00:00:00.000Z</time></trkpt><trkpt lat="56.2247388" lon="84.6062695"><ele>100.2</ele><time>1970-01-01T00:00:00.000Z</time></trkpt><trkpt lat="56.2246946" lon="84.6063989"><ele>100.4</ele><time>1970-01-01T00:00:00.000Z</time></trkpt><trkpt lat="56.2246265" lon="84.6064952"><ele>101.5</ele><time>1970-01-01T00:00:00.000Z</time></trkpt><trkpt lat="56.2245403" lon="84.6065697"><ele>104.2</ele><time>1970-01-01T00:00:00.000Z</time></trkpt><trkpt lat="56.2244758" lon="84.60667"><ele>102.1</ele><time>1970-01-01T00:00:00.000Z</time></trkpt><trkpt lat="56.2244338" lon="84.6067516"><ele>102.5</ele><time>1970-01-01T00:00:00.000Z</time></trkpt><trkpt lat="56.2243934" lon="84.6068061"><ele>103.8</ele><time>1970-01-01T00:00:00.000Z</time></trkpt><trkpt lat="56.2243362" lon="84.6068997"><ele>104.2</ele><time>1970-01-01T00:00:00.000Z</time></trkpt><trkpt lat="56.2242663" lon="84.6070041"><ele>105.6</ele><time>1970-01-01T00:00:00.000Z</time></trkpt><trkpt lat="56.2242006" lon="84.6071092"><ele>107.5</ele><time>1970-01-01T00:00:00.000Z</time></trkpt><trkpt lat="56.2241519" lon="84.6072371"><ele>106.6</ele><time>1970-01-01T00:00:00.000Z</time></trkpt><trkpt lat="56.2241386" lon="84.6073577"><ele>106.3</ele><time>1970-01-01T00:00:00.000Z</time></trkpt><trkpt lat="56.224123" lon="84.6074991"><ele>104.9</ele><time>1970-01-01T00:00:00.000Z</time></trkpt><trkpt lat="56.2241127" lon="84.6076384"><ele>105.1</ele><time>1970-01-01T00:00:00.000Z</time></trkpt><trkpt lat="56.2241047" lon="84.6077566"><ele>106.3</ele><time>1970-01-01T00:00:00.000Z</time></trkpt><trkpt lat="56.2241034" lon="84.6078583"><ele>107.2</ele><time>1970-01-01T00:00:00.000Z</time></trkpt><trkpt lat="56.2240877" lon="84.6079937"><ele>105.6</ele><time>1970-01-01T00:00:00.000Z</time></trkpt><trkpt lat="56.2240739" lon="84.6081351"><ele>105.3</ele><time>1970-01-01T00:00:00.000Z</time></trkpt><trkpt lat="56.2240668" lon="84.6083066"><ele>106.5</ele><time>1970-01-01T00:00:00.000Z</time></trkpt><trkpt lat="56.2240625" lon="84.6084435"><ele>107.3</ele><time>1970-01-01T00:00:00.000Z</time></trkpt><trkpt lat="56.22405" lon="84.608565"><ele>106.2</ele><time>1970-01-01T00:00:00.000Z</time></trkpt><trkpt lat="56.2240157" lon="84.6087155"><ele>104.8</ele><time>1970-01-01T00:00:00.000Z</time></trkpt><trkpt lat="56.2240061" lon="84.6088413"><ele>104.5</ele><time>1970-01-01T00:00:00.000Z</time></trkpt><trkpt lat="56.2239978" lon="84.6089581"><ele>106.3</ele><time>1970-01-01T00:00:00.000Z</time></trkpt><trkpt lat="56.223986" lon="84.6090822"><ele>106.1</ele><time>1970-01-01T00:00:00.000Z</time></trkpt><trkpt lat="56.2239755" lon="84.6092245"><ele>106.6</ele><time>1970-01-01T00:00:00.000Z</time></trkpt><trkpt lat="56.2239613" lon="84.6093496"><ele>107.4</ele><time>1970-01-01T00:00:00.000Z</time></trkpt><trkpt lat="56.2239492" lon="84.6094514"><ele>107.1</ele><time>1970-01-01T00:00:00.000Z</time></trkpt><trkpt lat="56.2239215" lon="84.6095325"><ele>107.2</ele><time>1970-01-01T00:00:00.000Z</time></trkpt><trkpt lat="56.2238899" lon="84.6096738"><ele>105.6</ele><time>1970-01-01T00:00:00.000Z</time></trkpt><trkpt lat="56.2238671" lon="84.6098181"><ele>105.1</ele><time>1970-01-01T00:00:00.000Z</time></trkpt><trkpt lat="56.2238479" lon="84.6099673"><ele>105.7</ele><time>1970-01-01T00:00:00.000Z</time></trkpt><trkpt lat="56.2238243" lon="84.610104"><ele>106.7</ele><time>1970-01-01T00:00:00.000Z</time></trkpt><trkpt lat="56.2238128" lon="84.6102052"><ele>106.8</ele><time>1970-01-01T00:00:00.000Z</time></trkpt><trkpt lat="56.2237848" lon="84.6103361"><ele>106.9</ele><time>1970-01-01T00:00:00.000Z</time></trkpt><trkpt lat="56.223755" lon="84.6104649"><ele>106</ele><time>1970-01-01T00:00:00.000Z</time></trkpt><trkpt lat="56.223733" lon="84.6105813"><ele>107.6</ele><time>1970-01-01T00:00:00.000Z</time></trkpt><trkpt lat="56.2237062" lon="84.6107338"><ele>107</ele><time>1970-01-01T00:00:00.000Z</time></trkpt><trkpt lat="56.223674" lon="84.6108818"><ele>108.6</ele><time>1970-01-01T00:00:00.000Z</time></trkpt><trkpt lat="56.2236569" lon="84.6110115"><ele>108.5</ele><time>1970-01-01T00:00:00.000Z</time></trkpt><trkpt lat="56.223639" lon="84.6111289"><ele>107.9</ele><time>1970-01-01T00:00:00.000Z</time></trkpt><trkpt lat="56.2236144" lon="84.6112435"><ele>106.9</ele><time>1970-01-01T00:00:00.000Z</time></trkpt><trkpt lat="56.2235866" lon="84.6113738"><ele>107</ele><time>1970-01-01T00:00:00.000Z</time></trkpt><trkpt lat="56.2235676" lon="84.6115133"><ele>106.8</ele><time>1970-01-01T00:00:00.000Z</time></trkpt><trkpt lat="56.2235419" lon="84.6116228"><ele>107.6</ele><time>1970-01-01T00:00:00.000Z</time></trkpt><trkpt lat="56.2235202" lon="84.6117317"><ele>107.5</ele><time>1970-01-01T00:00:00.000Z</time></trkpt><trkpt lat="56.2235084" lon="84.6118523"><ele>107.1</ele><time>1970-01-01T00:00:00.000Z</time></trkpt><trkpt lat="56.2234932" lon="84.6119508"><ele>107.9</ele><time>1970-01-01T00:00:00.000Z</time></trkpt><trkpt lat="56.2234722" lon="84.6120596"><ele>106.4</ele><time>1970-01-01T00:00:00.000Z</time></trkpt><trkpt lat="56.2234427" lon="84.612167"><ele>104.6</ele><time>1970-01-01T00:00:00.000Z</time></trkpt><trkpt lat="56.2234207" lon="84.6122703"><ele>107.1</ele><time>1970-01-01T00:00:00.000Z</time></trkpt><trkpt lat="56.2233862" lon="84.6124318"><ele>107.4</ele><time>1970-01-01T00:00:00.000Z</time></trkpt><trkpt lat="56.2233669" lon="84.6125844"><ele>106.4</ele><time>1970-01-01T00:00:00.000Z</time></trkpt><trkpt lat="56.2233502" lon="84.6126934"><ele>107.4</ele><time>1970-01-01T00:00:00.000Z</time></trkpt><trkpt lat="56.2233322" lon="84.6128121"><ele>108.8</ele><time>1970-01-01T00:00:00.000Z</time></trkpt><trkpt lat="56.2233113" lon="84.6129205"><ele>108.3</ele><time>1970-01-01T00:00:00.000Z</time></trkpt><trkpt lat="56.2232814" lon="84.6130476"><ele>107.5</ele><time>1970-01-01T00:00:00.000Z</time></trkpt><trkpt lat="56.223257" lon="84.6131564"><ele>109</ele><time>1970-01-01T00:00:00.000Z</time></trkpt><trkpt lat="56.2232315" lon="84.6132327"><ele>108.5</ele><time>1970-01-01T00:00:00.000Z</time></trkpt><trkpt lat="56.2231743" lon="84.6133729"><ele>108.6</ele><time>1970-01-01T00:00:00.000Z</time></trkpt><trkpt lat="56.2231281" lon="84.6134854"><ele>108.7</ele><time>1970-01-01T00:00:00.000Z</time></trkpt><trkpt lat="56.2230955" lon="84.6135794"><ele>107.7</ele><time>1970-01-01T00:00:00.000Z</time></trkpt><trkpt lat="56.2230526" lon="84.6136536"><ele>105.6</ele><time>1970-01-01T00:00:00.000Z</time></trkpt><trkpt lat="56.2230181" lon="84.6137582"><ele>105.2</ele><time>1970-01-01T00:00:00.000Z</time></trkpt><trkpt lat="56.2229732" lon="84.6138189"><ele>105.1</ele><time>1970-01-01T00:00:00.000Z</time></trkpt><trkpt lat="56.2229217" lon="84.6139353"><ele>105.3</ele><time>1970-01-01T00:00:00.000Z</time></trkpt><trkpt lat="56.2228791" lon="84.6140525"><ele>104.5</ele><time>1970-01-01T00:00:00.000Z</time></trkpt><trkpt lat="56.222855" lon="84.614143"><ele>103.4</ele><time>1970-01-01T00:00:00.000Z</time></trkpt><trkpt lat="56.222862" lon="84.6141569"><ele>102.9</ele><time>1970-01-01T00:00:00.000Z</time></trkpt><trkpt lat="56.2228504" lon="84.6141783"><ele>103.4</ele><time>1970-01-01T00:00:00.000Z</time></trkpt><trkpt lat="56.2228416" lon="84.6141809"><ele>103.6</ele><time>1970-01-01T00:00:00.000Z</time></trkpt><trkpt lat="56.2228384" lon="84.6141837"><ele>103.6</ele><time>1970-01-01T00:00:00.000Z</time></trkpt><trkpt lat="56.2228375" lon="84.6141876"><ele>103.7</ele><time>1970-01-01T00:00:00.000Z</time></trkpt><trkpt lat="56.2228388" lon="84.6141741"><ele>103.7</ele><time>1970-01-01T00:00:00.000Z</time></trkpt><trkpt lat="56.2228385" lon="84.6141747"><ele>103.7</ele><time>1970-01-01T00:00:00.000Z</time></trkpt><trkpt lat="56.2228379" lon="84.6141761"><ele>103.5</ele><time>1970-01-01T00:00:00.000Z</time></trkpt><trkpt lat="56.2228356" lon="84.6141791"><ele>103.7</ele><time>1970-01-01T00:00:00.000Z</time></trkpt><trkpt lat="56.2228335" lon="84.6141894"><ele>103.7</ele><time>1970-01-01T00:00:00.000Z</time></trkpt><trkpt lat="56.2228337" lon="84.6141926"><ele>103.7</ele><time>1970-01-01T00:00:00.000Z</time></trkpt><trkpt lat="56.2228391" lon="84.6141771"><ele>104.1</ele><time>1970-01-01T00:00:00.000Z</time></trkpt><trkpt lat="56.2228383" lon="84.6141783"><ele>103.9</ele><time>1970-01-01T00:00:00.000Z</time></trkpt><trkpt lat="56.2228373" lon="84.6141783"><ele>103.9</ele><time>1970-01-01T00:00:00.000Z</time></trkpt><trkpt lat="56.2228371" lon="84.6141786"><ele>103.8</ele><time>1970-01-01T00:00:00.000Z</time></trkpt><trkpt lat="56.2228362" lon="84.6141792"><ele>103.9</ele><time>1970-01-01T00:00:00.000Z</time></trkpt><trkpt lat="56.2228368" lon="84.6141817"><ele>104.1</ele><time>1970-01-01T00:00:00.000Z</time></trkpt><trkpt lat="56.2228364" lon="84.6141819"><ele>104.2</ele><time>1970-01-01T00:00:00.000Z</time></trkpt><trkpt lat="56.2228362" lon="84.6141826"><ele>104.2</ele><time>1970-01-01T00:00:00.000Z</time></trkpt><trkpt lat="56.2228362" lon="84.6141835"><ele>104.3</ele><time>1970-01-01T00:00:00.000Z</time></trkpt><trkpt lat="56.2228342" lon="84.614176"><ele>104.8</ele><time>1970-01-01T00:00:00.000Z</time></trkpt><trkpt lat="56.2228365" lon="84.6141786"><ele>104.9</ele><time>1970-01-01T00:00:00.000Z</time></trkpt><trkpt lat="56.2228363" lon="84.6141748"><ele>104.5</ele><time>1970-01-01T00:00:00.000Z</time></trkpt><trkpt lat="56.2228385" lon="84.6141728"><ele>104.5</ele><time>1970-01-01T00:00:00.000Z</time></trkpt><trkpt lat="56.2228368" lon="84.6141758"><ele>105</ele><time>1970-01-01T00:00:00.000Z</time></trkpt><trkpt lat="56.2228194" lon="84.6141708"><ele>105</ele><time>1970-01-01T00:00:00.000Z</time></trkpt><trkpt lat="56.2228138" lon="84.6141697"><ele>105</ele><time>1970-01-01T00:00:00.000Z</time></trkpt><trkpt lat="56.2228118" lon="84.6141718"><ele>105</ele><time>1970-01-01T00:00:00.000Z</time></trkpt><trkpt lat="56.2228125" lon="84.6141727"><ele>105</ele><time>1970-01-01T00:00:00.000Z</time></trkpt><trkpt lat="56.2228136" lon="84.6141728"><ele>105</ele><time>1970-01-01T00:00:00.000Z</time></trkpt><trkpt lat="56.2228149" lon="84.6142088"><ele>106.7</ele><time>1970-01-01T00:00:00.000Z</time></trkpt><trkpt lat="56.2227885" lon="84.6142866"><ele>107.2</ele><time>1970-01-01T00:00:00.000Z</time></trkpt><trkpt lat="56.2227603" lon="84.6143676"><ele>107.4</ele><time>1970-01-01T00:00:00.000Z</time></trkpt><trkpt lat="56.2227274" lon="84.6144746"><ele>105.5</ele><time>1970-01-01T00:00:00.000Z</time></trkpt><trkpt lat="56.2226938" lon="84.6145794"><ele>105.7</ele><time>1970-01-01T00:00:00.000Z</time></trkpt><trkpt lat="56.2226548" lon="84.6146959"><ele>106.9</ele><time>1970-01-01T00:00:00.000Z</time></trkpt><trkpt lat="56.2226239" lon="84.6148171"><ele>107</ele><time>1970-01-01T00:00:00.000Z</time></trkpt><trkpt lat="56.2225982" lon="84.6149406"><ele>105.7</ele><time>1970-01-01T00:00:00.000Z</time></trkpt><trkpt lat="56.2225678" lon="84.6150362"><ele>106.2</ele><time>1970-01-01T00:00:00.000Z</time></trkpt><trkpt lat="56.2225283" lon="84.6151593"><ele>107.1</ele><time>1970-01-01T00:00:00.000Z</time></trkpt><trkpt lat="56.2224911" lon="84.6152895"><ele>106.1</ele><time>1970-01-01T00:00:00.000Z</time></trkpt><trkpt lat="56.2224551" lon="84.6154013"><ele>105.4</ele><time>1970-01-01T00:00:00.000Z</time></trkpt><trkpt lat="56.2224127" lon="84.6155334"><ele>105.5</ele><time>1970-01-01T00:00:00.000Z</time></trkpt><trkpt lat="56.2223796" lon="84.6156434"><ele>105.2</ele><time>1970-01-01T00:00:00.000Z</time></trkpt><trkpt lat="56.2223517" lon="84.6157366"><ele>105.8</ele><time>1970-01-01T00:00:00.000Z</time></trkpt><trkpt lat="56.2223166" lon="84.6158608"><ele>106.5</ele><time>1970-01-01T00:00:00.000Z</time></trkpt><trkpt lat="56.222275" lon="84.616"><ele>105.4</ele><time>1970-01-01T00:00:00.000Z</time></trkpt><trkpt lat="56.2222358" lon="84.6161284"><ele>105.1</ele><time>1970-01-01T00:00:00.000Z</time></trkpt><trkpt lat="56.2221948" lon="84.6162331"><ele>106</ele><time>1970-01-01T00:00:00.000Z</time></trkpt><trkpt lat="56.22215" lon="84.6163478"><ele>105.5</ele><time>1970-01-01T00:00:00.000Z</time></trkpt><trkpt lat="56.2221186" lon="84.6164846"><ele>104.8</ele><time>1970-01-01T00:00:00.000Z</time></trkpt><trkpt lat="56.2220779" lon="84.6166173"><ele>105.7</ele><time>1970-01-01T00:00:00.000Z</time></trkpt><trkpt lat="56.2220487" lon="84.6167209"><ele>106.1</ele><time>1970-01-01T00:00:00.000Z</time></trkpt><trkpt lat="56.2220103" lon="84.6168242"><ele>105.2</ele><time>1970-01-01T00:00:00.000Z</time></trkpt><trkpt lat="56.2219755" lon="84.6169389"><ele>105.7</ele><time>1970-01-01T00:00:00.000Z</time></trkpt><trkpt lat="56.2219444" lon="84.6170536"><ele>105.6</ele><time>1970-01-01T00:00:00.000Z</time></trkpt><trkpt lat="56.221921" lon="84.617144"><ele>105</ele><time>1970-01-01T00:00:00.000Z</time></trkpt><trkpt lat="56.2218915" lon="84.6172577"><ele>105.2</ele><time>1970-01-01T00:00:00.000Z</time></trkpt><trkpt lat="56.2218859" lon="84.6173453"><ele>104.6</ele><time>1970-01-01T00:00:00.000Z</time></trkpt><trkpt lat="56.2218478" lon="84.6174387"><ele>103.4</ele><time>1970-01-01T00:00:00.000Z</time></trkpt><trkpt lat="56.2218215" lon="84.617493"><ele>102.9</ele><time>1970-01-01T00:00:00.000Z</time></trkpt><trkpt lat="56.2217823" lon="84.6175852"><ele>104.2</ele><time>1970-01-01T00:00:00.000Z</time></trkpt><trkpt lat="56.2217597" lon="84.6176492"><ele>104.9</ele><time>1970-01-01T00:00:00.000Z</time></trkpt><trkpt lat="56.2217313" lon="84.6177398"><ele>105.9</ele><time>1970-01-01T00:00:00.000Z</time></trkpt><trkpt lat="56.2217238" lon="84.617849"><ele>105.1</ele><time>1970-01-01T00:00:00.000Z</time></trkpt><trkpt lat="56.2216963" lon="84.6179426"><ele>102.2</ele><time>1970-01-01T00:00:00.000Z</time></trkpt><trkpt lat="56.2216553" lon="84.6180577"><ele>102.5</ele><time>1970-01-01T00:00:00.000Z</time></trkpt><trkpt lat="56.2216134" lon="84.6181933"><ele>102</ele><time>1970-01-01T00:00:00.000Z</time></trkpt><trkpt lat="56.2215668" lon="84.6183016"><ele>102.1</ele><time>1970-01-01T00:00:00.000Z</time></trkpt><trkpt lat="56.2215347" lon="84.6183862"><ele>102.6</ele><time>1970-01-01T00:00:00.000Z</time></trkpt><trkpt lat="56.2215086" lon="84.6184858"><ele>104.1</ele><time>1970-01-01T00:00:00.000Z</time></trkpt><trkpt lat="56.2214883" lon="84.6186119"><ele>104.9</ele><time>1970-01-01T00:00:00.000Z</time></trkpt><trkpt lat="56.2214862" lon="84.6186602"><ele>103.8</ele><time>1970-01-01T00:00:00.000Z</time></trkpt><trkpt lat="56.2214822" lon="84.6187096"><ele>103.9</ele><time>1970-01-01T00:00:00.000Z</time></trkpt><trkpt lat="56.2214558" lon="84.6188234"><ele>103.7</ele><time>1970-01-01T00:00:00.000Z</time></trkpt><trkpt lat="56.2214552" lon="84.618835"><ele>103.8</ele><time>1970-01-01T00:00:00.000Z</time></trkpt><trkpt lat="56.2214075" lon="84.6189198"><ele>104.2</ele><time>1970-01-01T00:00:00.000Z</time></trkpt><trkpt lat="56.2213852" lon="84.6189881"><ele>103.3</ele><time>1970-01-01T00:00:00.000Z</time></trkpt><trkpt lat="56.2213592" lon="84.6190041"><ele>102.8</ele><time>1970-01-01T00:00:00.000Z</time></trkpt><trkpt lat="56.2213136" lon="84.6190914"><ele>102.9</ele><time>1970-01-01T00:00:00.000Z</time></trkpt><trkpt lat="56.2212799" lon="84.6191742"><ele>102.9</ele><time>1970-01-01T00:00:00.000Z</time></trkpt><trkpt lat="56.2212652" lon="84.6192536"><ele>103</ele><time>1970-01-01T00:00:00.000Z</time></trkpt><trkpt lat="56.2212669" lon="84.6192608"><ele>103</ele><time>1970-01-01T00:00:00.000Z</time></trkpt><trkpt lat="56.2212654" lon="84.6192602"><ele>103</ele><time>1970-01-01T00:00:00.000Z</time></trkpt><trkpt lat="56.2212411" lon="84.6192851"><ele>102.7</ele><time>1970-01-01T00:00:00.000Z</time></trkpt><trkpt lat="56.2211807" lon="84.6193208"><ele>102.9</ele><time>1970-01-01T00:00:00.000Z</time></trkpt><trkpt lat="56.2211443" lon="84.6193972"><ele>102.7</ele><time>1970-01-01T00:00:00.000Z</time></trkpt><trkpt lat="56.22113" lon="84.6194973"><ele>102.7</ele><time>1970-01-01T00:00:00.000Z</time></trkpt><trkpt lat="56.221108" lon="84.6195819"><ele>102.8</ele><time>1970-01-01T00:00:00.000Z</time></trkpt><trkpt lat="56.2210782" lon="84.6196817"><ele>103.1</ele><time>1970-01-01T00:00:00.000Z</time></trkpt><trkpt lat="56.2210509" lon="84.6197845"><ele>102.6</ele><time>1970-01-01T00:00:00.000Z</time></trkpt><trkpt lat="56.2210192" lon="84.6198855"><ele>102.8</ele><time>1970-01-01T00:00:00.000Z</time></trkpt><trkpt lat="56.2209839" lon="84.6200209"><ele>102.9</ele><time>1970-01-01T00:00:00.000Z</time></trkpt><trkpt lat="56.2209595" lon="84.62012"><ele>102.8</ele><time>1970-01-01T00:00:00.000Z</time></trkpt><trkpt lat="56.2209358" lon="84.62024"><ele>102.5</ele><time>1970-01-01T00:00:00.000Z</time></trkpt><trkpt lat="56.2209106" lon="84.6203185"><ele>102.6</ele><time>1970-01-01T00:00:00.000Z</time></trkpt><trkpt lat="56.2208871" lon="84.6203898"><ele>102.3</ele><time>1970-01-01T00:00:00.000Z</time></trkpt><trkpt lat="56.2208506" lon="84.6204895"><ele>103.6</ele><time>1970-01-01T00:00:00.000Z</time></trkpt><trkpt lat="56.2208141" lon="84.6205754"><ele>103.3</ele><time>1970-01-01T00:00:00.000Z</time></trkpt><trkpt lat="56.2207889" lon="84.6206366"><ele>104.1</ele><time>1970-01-01T00:00:00.000Z</time></trkpt><trkpt lat="56.2207659" lon="84.6206903"><ele>104.2</ele><time>1970-01-01T00:00:00.000Z</time></trkpt><trkpt lat="56.2207461" lon="84.6207482"><ele>103.8</ele><time>1970-01-01T00:00:00.000Z</time></trkpt><trkpt lat="56.2207105" lon="84.6208464"><ele>103.3</ele><time>1970-01-01T00:00:00.000Z</time></trkpt><trkpt lat="56.2206781" lon="84.620926"><ele>104</ele><time>1970-01-01T00:00:00.000Z</time></trkpt><trkpt lat="56.2206471" lon="84.6210089"><ele>104.8</ele><time>1970-01-01T00:00:00.000Z</time></trkpt><trkpt lat="56.2206085" lon="84.6210428"><ele>105.1</ele><time>1970-01-01T00:00:00.000Z</time></trkpt><trkpt lat="56.2205919" lon="84.6211271"><ele>104.5</ele><time>1970-01-01T00:00:00.000Z</time></trkpt><trkpt lat="56.2205827" lon="84.6212322"><ele>104.8</ele><time>1970-01-01T00:00:00.000Z</time></trkpt><trkpt lat="56.2205528" lon="84.6213369"><ele>105.2</ele><time>1970-01-01T00:00:00.000Z</time></trkpt><trkpt lat="56.220532" lon="84.6214197"><ele>106</ele><time>1970-01-01T00:00:00.000Z</time></trkpt><trkpt lat="56.220496" lon="84.6215393"><ele>106.5</ele><time>1970-01-01T00:00:00.000Z</time></trkpt><trkpt lat="56.2204648" lon="84.6216442"><ele>106.4</ele><time>1970-01-01T00:00:00.000Z</time></trkpt><trkpt lat="56.2204177" lon="84.6217544"><ele>106.8</ele><time>1970-01-01T00:00:00.000Z</time></trkpt><trkpt lat="56.2203767" lon="84.6218577"><ele>107.2</ele><time>1970-01-01T00:00:00.000Z</time></trkpt><trkpt lat="56.2203452" lon="84.6219541"><ele>107.2</ele><time>1970-01-01T00:00:00.000Z</time></trkpt><trkpt lat="56.2203039" lon="84.6220803"><ele>106.7</ele><time>1970-01-01T00:00:00.000Z</time></trkpt><trkpt lat="56.2202657" lon="84.6221723"><ele>106.5</ele><time>1970-01-01T00:00:00.000Z</time></trkpt><trkpt lat="56.220229" lon="84.622278"><ele>105.7</ele><time>1970-01-01T00:00:00.000Z</time></trkpt><trkpt lat="56.2201894" lon="84.6223847"><ele>105.4</ele><time>1970-01-01T00:00:00.000Z</time></trkpt><trkpt lat="56.2201475" lon="84.6224894"><ele>105.2</ele><time>1970-01-01T00:00:00.000Z</time></trkpt><trkpt lat="56.2201175" lon="84.6226105"><ele>105.2</ele><time>1970-01-01T00:00:00.000Z</time></trkpt><trkpt lat="56.2200838" lon="84.622731"><ele>105.7</ele><time>1970-01-01T00:00:00.000Z</time></trkpt><trkpt lat="56.2200322" lon="84.6228355"><ele>105.9</ele><time>1970-01-01T00:00:00.000Z</time></trkpt><trkpt lat="56.21999" lon="84.6229183"><ele>105.6</ele><time>1970-01-01T00:00:00.000Z</time></trkpt><trkpt lat="56.2199418" lon="84.6230237"><ele>105.4</ele><time>1970-01-01T00:00:00.000Z</time></trkpt><trkpt lat="56.2198963" lon="84.623132"><ele>105</ele><time>1970-01-01T00:00:00.000Z</time></trkpt><trkpt lat="56.2198643" lon="84.6232411"><ele>104.6</ele><time>1970-01-01T00:00:00.000Z</time></trkpt><trkpt lat="56.2198426" lon="84.6233468"><ele>103.9</ele><time>1970-01-01T00:00:00.000Z</time></trkpt><trkpt lat="56.2198112" lon="84.6234378"><ele>104.1</ele><time>1970-01-01T00:00:00.000Z</time></trkpt><trkpt lat="56.2197814" lon="84.6234857"><ele>103.2</ele><time>1970-01-01T00:00:00.000Z</time></trkpt><trkpt lat="56.2197261" lon="84.6235778"><ele>104.2</ele><time>1970-01-01T00:00:00.000Z</time></trkpt><trkpt lat="56.2196776" lon="84.6236882"><ele>104.5</ele><time>1970-01-01T00:00:00.000Z</time></trkpt><trkpt lat="56.2196431" lon="84.623779"><ele>105.3</ele><time>1970-01-01T00:00:00.000Z</time></trkpt><trkpt lat="56.219617" lon="84.6238771"><ele>105.2</ele><time>1970-01-01T00:00:00.000Z</time></trkpt><trkpt lat="56.219611" lon="84.623976"><ele>103.9</ele><time>1970-01-01T00:00:00.000Z</time></trkpt><trkpt lat="56.2196213" lon="84.6240909"><ele>104.7</ele><time>1970-01-01T00:00:00.000Z</time></trkpt><trkpt lat="56.2196043" lon="84.6241645"><ele>104.6</ele><time>1970-01-01T00:00:00.000Z</time></trkpt><trkpt lat="56.21959" lon="84.6242351"><ele>103.8</ele><time>1970-01-01T00:00:00.000Z</time></trkpt><trkpt lat="56.2195485" lon="84.6243295"><ele>105</ele><time>1970-01-01T00:00:00.000Z</time></trkpt><trkpt lat="56.219516" lon="84.6244655"><ele>105.8</ele><time>1970-01-01T00:00:00.000Z</time></trkpt><trkpt lat="56.2194896" lon="84.624582"><ele>106.3</ele><time>1970-01-01T00:00:00.000Z</time></trkpt><trkpt lat="56.2194606" lon="84.6246948"><ele>106.1</ele><time>1970-01-01T00:00:00.000Z</time></trkpt><trkpt lat="56.219446" lon="84.6248244"><ele>105.8</ele><time>1970-01-01T00:00:00.000Z</time></trkpt><trkpt lat="56.219412" lon="84.6249585"><ele>106.3</ele><time>1970-01-01T00:00:00.000Z</time></trkpt><trkpt lat="56.2193832" lon="84.6250775"><ele>106.4</ele><time>1970-01-01T00:00:00.000Z</time></trkpt><trkpt lat="56.2193594" lon="84.6251977"><ele>105.1</ele><time>1970-01-01T00:00:00.000Z</time></trkpt><trkpt lat="56.2193428" lon="84.6253118"><ele>104.5</ele><time>1970-01-01T00:00:00.000Z</time></trkpt><trkpt lat="56.2193194" lon="84.625434"><ele>105.5</ele><time>1970-01-01T00:00:00.000Z</time></trkpt><trkpt lat="56.2192946" lon="84.6255409"><ele>106.7</ele><time>1970-01-01T00:00:00.000Z</time></trkpt><trkpt lat="56.2192709" lon="84.6256556"><ele>107.3</ele><time>1970-01-01T00:00:00.000Z</time></trkpt><trkpt lat="56.2192395" lon="84.6257793"><ele>106.9</ele><time>1970-01-01T00:00:00.000Z</time></trkpt><trkpt lat="56.2192201" lon="84.6259034"><ele>106.1</ele><time>1970-01-01T00:00:00.000Z</time></trkpt><trkpt lat="56.2192019" lon="84.6260205"><ele>105.6</ele><time>1970-01-01T00:00:00.000Z</time></trkpt><trkpt lat="56.2191869" lon="84.6261541"><ele>104.3</ele><time>1970-01-01T00:00:00.000Z</time></trkpt><trkpt lat="56.2191712" lon="84.6262763"><ele>104.4</ele><time>1970-01-01T00:00:00.000Z</time></trkpt><trkpt lat="56.2191499" lon="84.6264045"><ele>103.1</ele><time>1970-01-01T00:00:00.000Z</time></trkpt><trkpt lat="56.2191354" lon="84.6265257"><ele>103.1</ele><time>1970-01-01T00:00:00.000Z</time></trkpt><trkpt lat="56.2191103" lon="84.6266279"><ele>101.6</ele><time>1970-01-01T00:00:00.000Z</time></trkpt><trkpt lat="56.2190868" lon="84.6267115"><ele>100.5</ele><time>1970-01-01T00:00:00.000Z</time></trkpt><trkpt lat="56.2190582" lon="84.6268097"><ele>101</ele><time>1970-01-01T00:00:00.000Z</time></trkpt><trkpt lat="56.2190372" lon="84.6269085"><ele>101.1</ele><time>1970-01-01T00:00:00.000Z</time></trkpt><trkpt lat="56.2190251" lon="84.6269986"><ele>101.7</ele><time>1970-01-01T00:00:00.000Z</time></trkpt><trkpt lat="56.2190043" lon="84.6271113"><ele>102.5</ele><time>1970-01-01T00:00:00.000Z</time></trkpt><trkpt lat="56.218977" lon="84.6272221"><ele>103.5</ele><time>1970-01-01T00:00:00.000Z</time></trkpt><trkpt lat="56.2189562" lon="84.627335"><ele>103.6</ele><time>1970-01-01T00:00:00.000Z</time></trkpt><trkpt lat="56.2189368" lon="84.6274212"><ele>103.3</ele><time>1970-01-01T00:00:00.000Z</time></trkpt><trkpt lat="56.2189165" lon="84.6275269"><ele>101.9</ele><time>1970-01-01T00:00:00.000Z</time></trkpt><trkpt lat="56.2188888" lon="84.6276654"><ele>102.5</ele><time>1970-01-01T00:00:00.000Z</time></trkpt><trkpt lat="56.2188548" lon="84.6277661"><ele>102.6</ele><time>1970-01-01T00:00:00.000Z</time></trkpt><trkpt lat="56.2188365" lon="84.6276983"><ele>101.2</ele><time>1970-01-01T00:00:00.000Z</time></trkpt><trkpt lat="56.2188225" lon="84.6277752"><ele>100.5</ele><time>1970-01-01T00:00:00.000Z</time></trkpt><trkpt lat="56.2188254" lon="84.6279432"><ele>99.3</ele><time>1970-01-01T00:00:00.000Z</time></trkpt><trkpt lat="56.2188085" lon="84.6280788"><ele>98</ele><time>1970-01-01T00:00:00.000Z</time></trkpt><trkpt lat="56.2188072" lon="84.6281867"><ele>99</ele><time>1970-01-01T00:00:00.000Z</time></trkpt><trkpt lat="56.2187792" lon="84.6282884"><ele>100.3</ele><time>1970-01-01T00:00:00.000Z</time></trkpt><trkpt lat="56.2187475" lon="84.6284376"><ele>101.4</ele><time>1970-01-01T00:00:00.000Z</time></trkpt><trkpt lat="56.2187211" lon="84.6285662"><ele>101.7</ele><time>1970-01-01T00:00:00.000Z</time></trkpt><trkpt lat="56.2187045" lon="84.6286626"><ele>101.4</ele><time>1970-01-01T00:00:00.000Z</time></trkpt><trkpt lat="56.2186875" lon="84.6287711"><ele>101.2</ele><time>1970-01-01T00:00:00.000Z</time></trkpt><trkpt lat="56.2186551" lon="84.6288709"><ele>100.8</ele><time>1970-01-01T00:00:00.000Z</time></trkpt><trkpt lat="56.2186368" lon="84.6289804"><ele>100.2</ele><time>1970-01-01T00:00:00.000Z</time></trkpt><trkpt lat="56.2186172" lon="84.629096"><ele>100.1</ele><time>1970-01-01T00:00:00.000Z</time></trkpt><trkpt lat="56.2185877" lon="84.6292179"><ele>100.2</ele><time>1970-01-01T00:00:00.000Z</time></trkpt><trkpt lat="56.218568" lon="84.6293401"><ele>99.8</ele><time>1970-01-01T00:00:00.000Z</time></trkpt><trkpt lat="56.2185537" lon="84.62946"><ele>99.8</ele><time>1970-01-01T00:00:00.000Z</time></trkpt><trkpt lat="56.2185362" lon="84.6295847"><ele>99.6</ele><time>1970-01-01T00:00:00.000Z</time></trkpt><trkpt lat="56.2185176" lon="84.6296958"><ele>99.6</ele><time>1970-01-01T00:00:00.000Z</time></trkpt><trkpt lat="56.2185036" lon="84.6298037"><ele>100.8</ele><time>1970-01-01T00:00:00.000Z</time></trkpt><trkpt lat="56.2184892" lon="84.6299156"><ele>101.1</ele><time>1970-01-01T00:00:00.000Z</time></trkpt><trkpt lat="56.2184828" lon="84.630041"><ele>100.7</ele><time>1970-01-01T00:00:00.000Z</time></trkpt><trkpt lat="56.2184837" lon="84.6301442"><ele>100</ele><time>1970-01-01T00:00:00.000Z</time></trkpt><trkpt lat="56.218488" lon="84.6302527"><ele>99.7</ele><time>1970-01-01T00:00:00.000Z</time></trkpt><trkpt lat="56.2184951" lon="84.6303294"><ele>99.8</ele><time>1970-01-01T00:00:00.000Z</time></trkpt><trkpt lat="56.2185071" lon="84.6304372"><ele>99.6</ele><time>1970-01-01T00:00:00.000Z</time></trkpt><trkpt lat="56.2185093" lon="84.6305607"><ele>100.1</ele><time>1970-01-01T00:00:00.000Z</time></trkpt><trkpt lat="56.2185093" lon="84.6306731"><ele>100.6</ele><time>1970-01-01T00:00:00.000Z</time></trkpt><trkpt lat="56.2185074" lon="84.6307668"><ele>101.4</ele><time>1970-01-01T00:00:00.000Z</time></trkpt><trkpt lat="56.2185215" lon="84.6308674"><ele>102.2</ele><time>1970-01-01T00:00:00.000Z</time></trkpt><trkpt lat="56.2184814" lon="84.6309723"><ele>102.4</ele><time>1970-01-01T00:00:00.000Z</time></trkpt><trkpt lat="56.218427" lon="84.6310626"><ele>102.5</ele><time>1970-01-01T00:00:00.000Z</time></trkpt><trkpt lat="56.2183623" lon="84.6311274"><ele>102.6</ele><time>1970-01-01T00:00:00.000Z</time></trkpt><trkpt lat="56.2183223" lon="84.6312386"><ele>102.4</ele><time>1970-01-01T00:00:00.000Z</time></trkpt><trkpt lat="56.2182823" lon="84.6313832"><ele>102.6</ele><time>1970-01-01T00:00:00.000Z</time></trkpt><trkpt lat="56.21825" lon="84.6314844"><ele>102.2</ele><time>1970-01-01T00:00:00.000Z</time></trkpt><trkpt lat="56.2182128" lon="84.631611"><ele>101.7</ele><time>1970-01-01T00:00:00.000Z</time></trkpt><trkpt lat="56.2181929" lon="84.6317299"><ele>101.6</ele><time>1970-01-01T00:00:00.000Z</time></trkpt><trkpt lat="56.2181726" lon="84.6318369"><ele>101.8</ele><time>1970-01-01T00:00:00.000Z</time></trkpt><trkpt lat="56.2181454" lon="84.6319477"><ele>101.5</ele><time>1970-01-01T00:00:00.000Z</time></trkpt><trkpt lat="56.2181246" lon="84.632048"><ele>100.8</ele><time>1970-01-01T00:00:00.000Z</time></trkpt><trkpt lat="56.2180998" lon="84.6321418"><ele>100.9</ele><time>1970-01-01T00:00:00.000Z</time></trkpt><trkpt lat="56.2180802" lon="84.6322493"><ele>101</ele><time>1970-01-01T00:00:00.000Z</time></trkpt><trkpt lat="56.2180541" lon="84.6323902"><ele>101.3</ele><time>1970-01-01T00:00:00.000Z</time></trkpt><trkpt lat="56.2180304" lon="84.632545"><ele>100.8</ele><time>1970-01-01T00:00:00.000Z</time></trkpt><trkpt lat="56.2180039" lon="84.6326741"><ele>100.1</ele><time>1970-01-01T00:00:00.000Z</time></trkpt><trkpt lat="56.2179823" lon="84.6328135"><ele>99.6</ele><time>1970-01-01T00:00:00.000Z</time></trkpt><trkpt lat="56.2179655" lon="84.6329498"><ele>99.1</ele><time>1970-01-01T00:00:00.000Z</time></trkpt><trkpt lat="56.2179476" lon="84.6330654"><ele>98.9</ele><time>1970-01-01T00:00:00.000Z</time></trkpt><trkpt lat="56.2179331" lon="84.6331951"><ele>99.1</ele><time>1970-01-01T00:00:00.000Z</time></trkpt><trkpt lat="56.2179128" lon="84.6332984"><ele>99.9</ele><time>1970-01-01T00:00:00.000Z</time></trkpt><trkpt lat="56.2179035" lon="84.6334031"><ele>100.3</ele><time>1970-01-01T00:00:00.000Z</time></trkpt><trkpt lat="56.2178881" lon="84.6335272"><ele>100.6</ele><time>1970-01-01T00:00:00.000Z</time></trkpt><trkpt lat="56.2178674" lon="84.63366"><ele>100.8</ele><time>1970-01-01T00:00:00.000Z</time></trkpt><trkpt lat="56.2178835" lon="84.6337689"><ele>100.8</ele><time>1970-01-01T00:00:00.000Z</time></trkpt><trkpt lat="56.2178849" lon="84.6338805"><ele>99.8</ele><time>1970-01-01T00:00:00.000Z</time></trkpt><trkpt lat="56.2178857" lon="84.633982"><ele>99.6</ele><time>1970-01-01T00:00:00.000Z</time></trkpt><trkpt lat="56.217898" lon="84.6340763"><ele>100</ele><time>1970-01-01T00:00:00.000Z</time></trkpt><trkpt lat="56.2178869" lon="84.6341752"><ele>100.4</ele><time>1970-01-01T00:00:00.000Z</time></trkpt><trkpt lat="56.2178684" lon="84.6342755"><ele>100.5</ele><time>1970-01-01T00:00:00.000Z</time></trkpt><trkpt lat="56.2178367" lon="84.6343573"><ele>100.4</ele><time>1970-01-01T00:00:00.000Z</time></trkpt><trkpt lat="56.2177947" lon="84.6344425"><ele>100.1</ele><time>1970-01-01T00:00:00.000Z</time></trkpt><trkpt lat="56.2177837" lon="84.6345568"><ele>100.1</ele><time>1970-01-01T00:00:00.000Z</time></trkpt><trkpt lat="56.2177836" lon="84.6346881"><ele>99.4</ele><time>1970-01-01T00:00:00.000Z</time></trkpt><trkpt lat="56.2177826" lon="84.6348001"><ele>98.9</ele><time>1970-01-01T00:00:00.000Z</time></trkpt><trkpt lat="56.2177765" lon="84.6349091"><ele>99.3</ele><time>1970-01-01T00:00:00.000Z</time></trkpt><trkpt lat="56.2177629" lon="84.6350361"><ele>99.7</ele><time>1970-01-01T00:00:00.000Z</time></trkpt><trkpt lat="56.2177452" lon="84.6351599"><ele>99.8</ele><time>1970-01-01T00:00:00.000Z</time></trkpt><trkpt lat="56.2177267" lon="84.635261"><ele>100.3</ele><time>1970-01-01T00:00:00.000Z</time></trkpt><trkpt lat="56.217726" lon="84.6353724"><ele>100.6</ele><time>1970-01-01T00:00:00.000Z</time></trkpt><trkpt lat="56.2177447" lon="84.6354922"><ele>100.9</ele><time>1970-01-01T00:00:00.000Z</time></trkpt><trkpt lat="56.2177641" lon="84.6355847"><ele>101.1</ele><time>1970-01-01T00:00:00.000Z</time></trkpt><trkpt lat="56.217799" lon="84.6356811"><ele>101.2</ele><time>1970-01-01T00:00:00.000Z</time></trkpt><trkpt lat="56.217842" lon="84.6357554"><ele>100.9</ele><time>1970-01-01T00:00:00.000Z</time></trkpt><trkpt lat="56.2178892" lon="84.6358697"><ele>100.5</ele><time>1970-01-01T00:00:00.000Z</time></trkpt><trkpt lat="56.2179228" lon="84.636003"><ele>100.3</ele><time>1970-01-01T00:00:00.000Z</time></trkpt><trkpt lat="56.2179419" lon="84.6361153"><ele>99.4</ele><time>1970-01-01T00:00:00.000Z</time></trkpt><trkpt lat="56.217943" lon="84.6362723"><ele>99</ele><time>1970-01-01T00:00:00.000Z</time></trkpt><trkpt lat="56.217929" lon="84.6364085"><ele>99.4</ele><time>1970-01-01T00:00:00.000Z</time></trkpt><trkpt lat="56.2179399" lon="84.6365185"><ele>99.5</ele><time>1970-01-01T00:00:00.000Z</time></trkpt><trkpt lat="56.2179656" lon="84.6366267"><ele>100.4</ele><time>1970-01-01T00:00:00.000Z</time></trkpt><trkpt lat="56.2179789" lon="84.6367271"><ele>100.5</ele><time>1970-01-01T00:00:00.000Z</time></trkpt><trkpt lat="56.2179874" lon="84.6368345"><ele>101.7</ele><time>1970-01-01T00:00:00.000Z</time></trkpt><trkpt lat="56.2179831" lon="84.6369334"><ele>101.3</ele><time>1970-01-01T00:00:00.000Z</time></trkpt><trkpt lat="56.2179735" lon="84.6370485"><ele>101.1</ele><time>1970-01-01T00:00:00.000Z</time></trkpt><trkpt lat="56.2179874" lon="84.6371733"><ele>100.4</ele><time>1970-01-01T00:00:00.000Z</time></trkpt><trkpt lat="56.2180022" lon="84.6372926"><ele>101.2</ele><time>1970-01-01T00:00:00.000Z</time></trkpt><trkpt lat="56.2180104" lon="84.6374159"><ele>100.8</ele><time>1970-01-01T00:00:00.000Z</time></trkpt><trkpt lat="56.2180213" lon="84.637538"><ele>100.8</ele><time>1970-01-01T00:00:00.000Z</time></trkpt><trkpt lat="56.2180311" lon="84.6376588"><ele>101.1</ele><time>1970-01-01T00:00:00.000Z</time></trkpt><trkpt lat="56.2180318" lon="84.6377768"><ele>101.1</ele><time>1970-01-01T00:00:00.000Z</time></trkpt><trkpt lat="56.2180349" lon="84.6378889"><ele>101</ele><time>1970-01-01T00:00:00.000Z</time></trkpt><trkpt lat="56.2180407" lon="84.6380131"><ele>100.7</ele><time>1970-01-01T00:00:00.000Z</time></trkpt><trkpt lat="56.2180516" lon="84.6381142"><ele>100.2</ele><time>1970-01-01T00:00:00.000Z</time></trkpt><trkpt lat="56.218062" lon="84.6382478"><ele>99.6</ele><time>1970-01-01T00:00:00.000Z</time></trkpt><trkpt lat="56.2180669" lon="84.6383819"><ele>99.8</ele><time>1970-01-01T00:00:00.000Z</time></trkpt><trkpt lat="56.2180674" lon="84.6385244"><ele>99.6</ele><time>1970-01-01T00:00:00.000Z</time></trkpt><trkpt lat="56.2180716" lon="84.6386291"><ele>100</ele><time>1970-01-01T00:00:00.000Z</time></trkpt><trkpt lat="56.2180643" lon="84.6387398"><ele>100.2</ele><time>1970-01-01T00:00:00.000Z</time></trkpt><trkpt lat="56.2180695" lon="84.6387459"><ele>100.1</ele><time>1970-01-01T00:00:00.000Z</time></trkpt><trkpt lat="56.218103" lon="84.6387896"><ele>101.1</ele><time>1970-01-01T00:00:00.000Z</time></trkpt><trkpt lat="56.2181031" lon="84.6387687"><ele>101.1</ele><time>1970-01-01T00:00:00.000Z</time></trkpt><trkpt lat="56.2181049" lon="84.638754"><ele>102.1</ele><time>1970-01-01T00:00:00.000Z</time></trkpt><trkpt lat="56.2181053" lon="84.6387511"><ele>102.2</ele><time>1970-01-01T00:00:00.000Z</time></trkpt><trkpt lat="56.2181044" lon="84.6387504"><ele>102.3</ele><time>1970-01-01T00:00:00.000Z</time></trkpt><trkpt lat="56.2181034" lon="84.6387496"><ele>102.4</ele><time>1970-01-01T00:00:00.000Z</time></trkpt><trkpt lat="56.2181031" lon="84.6387489"><ele>102.4</ele><time>1970-01-01T00:00:00.000Z</time></trkpt><trkpt lat="56.2181029" lon="84.6387484"><ele>102.3</ele><time>1970-01-01T00:00:00.000Z</time></trkpt><trkpt lat="56.2180985" lon="84.6387526"><ele>101.8</ele><time>1970-01-01T00:00:00.000Z</time></trkpt><trkpt lat="56.2180802" lon="84.6388149"><ele>101.5</ele><time>1970-01-01T00:00:00.000Z</time></trkpt><trkpt lat="56.2180397" lon="84.6389222"><ele>101.9</ele><time>1970-01-01T00:00:00.000Z</time></trkpt><trkpt lat="56.2180012" lon="84.6390331"><ele>101.8</ele><time>1970-01-01T00:00:00.000Z</time></trkpt><trkpt lat="56.2179455" lon="84.6391319"><ele>100.4</ele><time>1970-01-01T00:00:00.000Z</time></trkpt><trkpt lat="56.2179046" lon="84.6392456"><ele>100</ele><time>1970-01-01T00:00:00.000Z</time></trkpt><trkpt lat="56.2178843" lon="84.6393493"><ele>99.7</ele><time>1970-01-01T00:00:00.000Z</time></trkpt><trkpt lat="56.2178738" lon="84.6394559"><ele>100.7</ele><time>1970-01-01T00:00:00.000Z</time></trkpt><trkpt lat="56.2178629" lon="84.6395898"><ele>98.6</ele><time>1970-01-01T00:00:00.000Z</time></trkpt><trkpt lat="56.217855" lon="84.6397183"><ele>99.1</ele><time>1970-01-01T00:00:00.000Z</time></trkpt><trkpt lat="56.217833" lon="84.639819"><ele>98.5</ele><time>1970-01-01T00:00:00.000Z</time></trkpt><trkpt lat="56.2178286" lon="84.6398476"><ele>97.1</ele><time>1970-01-01T00:00:00.000Z</time></trkpt><trkpt lat="56.217811" lon="84.6399912"><ele>97.1</ele><time>1970-01-01T00:00:00.000Z</time></trkpt><trkpt lat="56.2178" lon="84.6401097"><ele>96.8</ele><time>1970-01-01T00:00:00.000Z</time></trkpt><trkpt lat="56.2177804" lon="84.6402326"><ele>97.5</ele><time>1970-01-01T00:00:00.000Z</time></trkpt><trkpt lat="56.217768" lon="84.6403736"><ele>97.4</ele><time>1970-01-01T00:00:00.000Z</time></trkpt><trkpt lat="56.2177599" lon="84.6404925"><ele>97.2</ele><time>1970-01-01T00:00:00.000Z</time></trkpt><trkpt lat="56.2177416" lon="84.6406417"><ele>97.7</ele><time>1970-01-01T00:00:00.000Z</time></trkpt><trkpt lat="56.2177193" lon="84.6407758"><ele>97.1</ele><time>1970-01-01T00:00:00.000Z</time></trkpt><trkpt lat="56.2177016" lon="84.6409016"><ele>96.6</ele><time>1970-01-01T00:00:00.000Z</time></trkpt><trkpt lat="56.2176858" lon="84.6410049"><ele>97</ele><time>1970-01-01T00:00:00.000Z</time></trkpt><trkpt lat="56.2176775" lon="84.6411093"><ele>97.1</ele><time>1970-01-01T00:00:00.000Z</time></trkpt><trkpt lat="56.2176623" lon="84.6412258"><ele>97.3</ele><time>1970-01-01T00:00:00.000Z</time></trkpt><trkpt lat="56.2176364" lon="84.6413439"><ele>96.7</ele><time>1970-01-01T00:00:00.000Z</time></trkpt><trkpt lat="56.2176139" lon="84.6414676"><ele>96.2</ele><time>1970-01-01T00:00:00.000Z</time></trkpt><trkpt lat="56.2175954" lon="84.6415917"><ele>96.1</ele><time>1970-01-01T00:00:00.000Z</time></trkpt><trkpt lat="56.2175702" lon="84.6417361"><ele>97.1</ele><time>1970-01-01T00:00:00.000Z</time></trkpt><trkpt lat="56.217551" lon="84.6418633"><ele>96.8</ele><time>1970-01-01T00:00:00.000Z</time></trkpt><trkpt lat="56.2175324" lon="84.6420069"><ele>96.4</ele><time>1970-01-01T00:00:00.000Z</time></trkpt><trkpt lat="56.2175109" lon="84.6421119"><ele>96.4</ele><time>1970-01-01T00:00:00.000Z</time></trkpt><trkpt lat="56.2174938" lon="84.6422237"><ele>96.4</ele><time>1970-01-01T00:00:00.000Z</time></trkpt><trkpt lat="56.2174631" lon="84.6423328"><ele>96</ele><time>1970-01-01T00:00:00.000Z</time></trkpt><trkpt lat="56.2174435" lon="84.6424573"><ele>96</ele><time>1970-01-01T00:00:00.000Z</time></trkpt><trkpt lat="56.2174371" lon="84.6425569"><ele>96.1</ele><time>1970-01-01T00:00:00.000Z</time></trkpt><trkpt lat="56.2174274" lon="84.6426239"><ele>96.6</ele><time>1970-01-01T00:00:00.000Z</time></trkpt><trkpt lat="56.2174044" lon="84.6427258"><ele>96.8</ele><time>1970-01-01T00:00:00.000Z</time></trkpt><trkpt lat="56.2173797" lon="84.6428505"><ele>96.5</ele><time>1970-01-01T00:00:00.000Z</time></trkpt><trkpt lat="56.2173467" lon="84.642954"><ele>95.9</ele><time>1970-01-01T00:00:00.000Z</time></trkpt><trkpt lat="56.217298" lon="84.6430793"><ele>95.7</ele><time>1970-01-01T00:00:00.000Z</time></trkpt><trkpt lat="56.2172354" lon="84.6431616"><ele>95.5</ele><time>1970-01-01T00:00:00.000Z</time></trkpt><trkpt lat="56.2171759" lon="84.6432212"><ele>96</ele><time>1970-01-01T00:00:00.000Z</time></trkpt><trkpt lat="56.217111" lon="84.6432351"><ele>95.3</ele><time>1970-01-01T00:00:00.000Z</time></trkpt><trkpt lat="56.2170432" lon="84.6432554"><ele>95.5</ele><time>1970-01-01T00:00:00.000Z</time></trkpt><trkpt lat="56.2169753" lon="84.6432983"><ele>95.1</ele><time>1970-01-01T00:00:00.000Z</time></trkpt><trkpt lat="56.2169269" lon="84.6433293"><ele>96.5</ele><time>1970-01-01T00:00:00.000Z</time></trkpt><trkpt lat="56.2169253" lon="84.6433465"><ele>97.3</ele><time>1970-01-01T00:00:00.000Z</time></trkpt><trkpt lat="56.2169274" lon="84.6433547"><ele>97.7</ele><time>1970-01-01T00:00:00.000Z</time></trkpt><trkpt lat="56.2169003" lon="84.6433488"><ele>96.2</ele><time>1970-01-01T00:00:00.000Z</time></trkpt><trkpt lat="56.2168189" lon="84.6433604"><ele>94.5</ele><time>1970-01-01T00:00:00.000Z</time></trkpt><trkpt lat="56.2167412" lon="84.6434009"><ele>94.7</ele><time>1970-01-01T00:00:00.000Z</time></trkpt><trkpt lat="56.2166758" lon="84.6434421"><ele>94.6</ele><time>1970-01-01T00:00:00.000Z</time></trkpt><trkpt lat="56.216596" lon="84.6435204"><ele>94.9</ele><time>1970-01-01T00:00:00.000Z</time></trkpt><trkpt lat="56.2165177" lon="84.6436126"><ele>95.3</ele><time>1970-01-01T00:00:00.000Z</time></trkpt><trkpt lat="56.2164648" lon="84.6437092"><ele>95.6</ele><time>1970-01-01T00:00:00.000Z</time></trkpt><trkpt lat="56.2164222" lon="84.6438638"><ele>95.4</ele><time>1970-01-01T00:00:00.000Z</time></trkpt><trkpt lat="56.2164124" lon="84.6440044"><ele>95.5</ele><time>1970-01-01T00:00:00.000Z</time></trkpt><trkpt lat="56.2164477" lon="84.6441458"><ele>95.5</ele><time>1970-01-01T00:00:00.000Z</time></trkpt><trkpt lat="56.2164993" lon="84.6442607"><ele>96.2</ele><time>1970-01-01T00:00:00.000Z</time></trkpt><trkpt lat="56.2165409" lon="84.6443968"><ele>96.2</ele><time>1970-01-01T00:00:00.000Z</time></trkpt><trkpt lat="56.2165686" lon="84.6445357"><ele>96</ele><time>1970-01-01T00:00:00.000Z</time></trkpt><trkpt lat="56.2165798" lon="84.644628"><ele>96.9</ele><time>1970-01-01T00:00:00.000Z</time></trkpt><trkpt lat="56.2166018" lon="84.6447114"><ele>97.1</ele><time>1970-01-01T00:00:00.000Z</time></trkpt><trkpt lat="56.216638" lon="84.644808"><ele>97.5</ele><time>1970-01-01T00:00:00.000Z</time></trkpt><trkpt lat="56.2166821" lon="84.6449242"><ele>97.6</ele><time>1970-01-01T00:00:00.000Z</time></trkpt><trkpt lat="56.2167148" lon="84.6450299"><ele>97.9</ele><time>1970-01-01T00:00:00.000Z</time></trkpt><trkpt lat="56.2167528" lon="84.6451315"><ele>97.3</ele><time>1970-01-01T00:00:00.000Z</time></trkpt><trkpt lat="56.2167903" lon="84.6452495"><ele>96.9</ele><time>1970-01-01T00:00:00.000Z</time></trkpt><trkpt lat="56.2168242" lon="84.6453471"><ele>96.8</ele><time>1970-01-01T00:00:00.000Z</time></trkpt><trkpt lat="56.2168656" lon="84.6454533"><ele>96.2</ele><time>1970-01-01T00:00:00.000Z</time></trkpt><trkpt lat="56.2169006" lon="84.64555"><ele>97</ele><time>1970-01-01T00:00:00.000Z</time></trkpt><trkpt lat="56.2169255" lon="84.6456069"><ele>96.8</ele><time>1970-01-01T00:00:00.000Z</time></trkpt><trkpt lat="56.2169203" lon="84.6455872"><ele>96.9</ele><time>1970-01-01T00:00:00.000Z</time></trkpt><trkpt lat="56.2169186" lon="84.6455839"><ele>96.9</ele><time>1970-01-01T00:00:00.000Z</time></trkpt><trkpt lat="56.216916" lon="84.6455811"><ele>96.9</ele><time>1970-01-01T00:00:00.000Z</time></trkpt><trkpt lat="56.216917" lon="84.6455679"><ele>96.8</ele><time>1970-01-01T00:00:00.000Z</time></trkpt><trkpt lat="56.2169166" lon="84.6455697"><ele>96.8</ele><time>1970-01-01T00:00:00.000Z</time></trkpt><trkpt lat="56.2169173" lon="84.6455626"><ele>97</ele><time>1970-01-01T00:00:00.000Z</time></trkpt><trkpt lat="56.2169328" lon="84.6455294"><ele>97.4</ele><time>1970-01-01T00:00:00.000Z</time></trkpt><trkpt lat="56.2169545" lon="84.6455006"><ele>97</ele><time>1970-01-01T00:00:00.000Z</time></trkpt><trkpt lat="56.2169615" lon="84.6454826"><ele>96.9</ele><time>1970-01-01T00:00:00.000Z</time></trkpt><trkpt lat="56.2169654" lon="84.6454684"><ele>96.7</ele><time>1970-01-01T00:00:00.000Z</time></trkpt><trkpt lat="56.2169633" lon="84.6454477"><ele>96.3</ele><time>1970-01-01T00:00:00.000Z</time></trkpt><trkpt lat="56.2169589" lon="84.6454394"><ele>96.2</ele><time>1970-01-01T00:00:00.000Z</time></trkpt><trkpt lat="56.2169652" lon="84.6454437"><ele>95.8</ele><time>1970-01-01T00:00:00.000Z</time></trkpt><trkpt lat="56.216966" lon="84.6454429"><ele>95.8</ele><time>1970-01-01T00:00:00.000Z</time></trkpt><trkpt lat="56.2169616" lon="84.6454375"><ele>95.8</ele><time>1970-01-01T00:00:00.000Z</time></trkpt><trkpt lat="56.2169613" lon="84.6454369"><ele>95.8</ele><time>1970-01-01T00:00:00.000Z</time></trkpt><trkpt lat="56.2169615" lon="84.6454372"><ele>95.8</ele><time>1970-01-01T00:00:00.000Z</time></trkpt><trkpt lat="56.2169616" lon="84.6454376"><ele>95.9</ele><time>1970-01-01T00:00:00.000Z</time></trkpt><trkpt lat="56.2169625" lon="84.6454384"><ele>95.8</ele><time>1970-01-01T00:00:00.000Z</time></trkpt><trkpt lat="56.2169627" lon="84.6454387"><ele>95.8</ele><time>1970-01-01T00:00:00.000Z</time></trkpt><trkpt lat="56.2169601" lon="84.645442"><ele>95.6</ele><time>1970-01-01T00:00:00.000Z</time></trkpt><trkpt lat="56.2169556" lon="84.6454489"><ele>95.7</ele><time>1970-01-01T00:00:00.000Z</time></trkpt><trkpt lat="56.2169551" lon="84.6454538"><ele>95.5</ele><time>1970-01-01T00:00:00.000Z</time></trkpt><trkpt lat="56.2169564" lon="84.6454546"><ele>95.4</ele><time>1970-01-01T00:00:00.000Z</time></trkpt><trkpt lat="56.2169565" lon="84.6454542"><ele>95.4</ele><time>1970-01-01T00:00:00.000Z</time></trkpt><trkpt lat="56.2169565" lon="84.6454534"><ele>95.5</ele><time>1970-01-01T00:00:00.000Z</time></trkpt><trkpt lat="56.2169578" lon="84.6454388"><ele>95.4</ele><time>1970-01-01T00:00:00.000Z</time></trkpt><trkpt lat="56.2169547" lon="84.6454222"><ele>95.4</ele><time>1970-01-01T00:00:00.000Z</time></trkpt><trkpt lat="56.2169546" lon="84.6454189"><ele>95.1</ele><time>1970-01-01T00:00:00.000Z</time></trkpt><trkpt lat="56.2169563" lon="84.6454228"><ele>95.1</ele><time>1970-01-01T00:00:00.000Z</time></trkpt><trkpt lat="56.2169576" lon="84.6454193"><ele>95.6</ele><time>1970-01-01T00:00:00.000Z</time></trkpt><trkpt lat="56.2169624" lon="84.6454225"><ele>95.6</ele><time>1970-01-01T00:00:00.000Z</time></trkpt><trkpt lat="56.216963" lon="84.6454224"><ele>95.6</ele><time>1970-01-01T00:00:00.000Z</time></trkpt><trkpt lat="56.216963" lon="84.6454211"><ele>95.4</ele><time>1970-01-01T00:00:00.000Z</time></trkpt><trkpt lat="56.2169614" lon="84.6454178"><ele>95.4</ele><time>1970-01-01T00:00:00.000Z</time></trkpt><trkpt lat="56.2169612" lon="84.6454169"><ele>95.4</ele><time>1970-01-01T00:00:00.000Z</time></trkpt><trkpt lat="56.2169601" lon="84.6454158"><ele>95.4</ele><time>1970-01-01T00:00:00.000Z</time></trkpt><trkpt lat="56.2169605" lon="84.6454158"><ele>95.3</ele><time>1970-01-01T00:00:00.000Z</time></trkpt><trkpt lat="56.2169604" lon="84.6454158"><ele>95.3</ele><time>1970-01-01T00:00:00.000Z</time></trkpt><trkpt lat="56.2169605" lon="84.645416"><ele>95.3</ele><time>1970-01-01T00:00:00.000Z</time></trkpt><trkpt lat="56.2169604" lon="84.6454161"><ele>95.3</ele><time>1970-01-01T00:00:00.000Z</time></trkpt><trkpt lat="56.2169602" lon="84.6454166"><ele>95.4</ele><time>1970-01-01T00:00:00.000Z</time></trkpt><trkpt lat="56.2169585" lon="84.6454152"><ele>95.4</ele><time>1970-01-01T00:00:00.000Z</time></trkpt><trkpt lat="56.2169584" lon="84.6454152"><ele>95.4</ele><time>1970-01-01T00:00:00.000Z</time></trkpt><trkpt lat="56.2169584" lon="84.6454155"><ele>95.4</ele><time>1970-01-01T00:00:00.000Z</time></trkpt><trkpt lat="56.2169541" lon="84.6454191"><ele>95.3</ele><time>1970-01-01T00:00:00.000Z</time></trkpt><trkpt lat="56.2169564" lon="84.6454193"><ele>95.3</ele><time>1970-01-01T00:00:00.000Z</time></trkpt><trkpt lat="56.2169592" lon="84.6454316"><ele>94.9</ele><time>1970-01-01T00:00:00.000Z</time></trkpt><trkpt lat="56.2169609" lon="84.6454136"><ele>94.6</ele><time>1970-01-01T00:00:00.000Z</time></trkpt><trkpt lat="56.2169616" lon="84.6454138"><ele>94.6</ele><time>1970-01-01T00:00:00.000Z</time></trkpt><trkpt lat="56.2169622" lon="84.6454134"><ele>94.6</ele><time>1970-01-01T00:00:00.000Z</time></trkpt><trkpt lat="56.2169625" lon="84.6454127"><ele>94.5</ele><time>1970-01-01T00:00:00.000Z</time></trkpt><trkpt lat="56.2169626" lon="84.6454124"><ele>94.5</ele><time>1970-01-01T00:00:00.000Z</time></trkpt><trkpt lat="56.2169625" lon="84.6454126"><ele>94.5</ele><time>1970-01-01T00:00:00.000Z</time></trkpt><trkpt lat="56.2169626" lon="84.6454124"><ele>94.5</ele><time>1970-01-01T00:00:00.000Z</time></trkpt><trkpt lat="56.2169636" lon="84.6454116"><ele>94.3</ele><time>1970-01-01T00:00:00.000Z</time></trkpt><trkpt lat="56.2169639" lon="84.6454114"><ele>94.3</ele><time>1970-01-01T00:00:00.000Z</time></trkpt><trkpt lat="56.2169652" lon="84.6454091"><ele>94.5</ele><time>1970-01-01T00:00:00.000Z</time></trkpt><trkpt lat="56.2169651" lon="84.6454095"><ele>94.5</ele><time>1970-01-01T00:00:00.000Z</time></trkpt><trkpt lat="56.216965" lon="84.6454106"><ele>94.7</ele><time>1970-01-01T00:00:00.000Z</time></trkpt><trkpt lat="56.2169646" lon="84.6454115"><ele>94.7</ele><time>1970-01-01T00:00:00.000Z</time></trkpt><trkpt lat="56.2169637" lon="84.6454081"><ele>94.7</ele><time>1970-01-01T00:00:00.000Z</time></trkpt><trkpt lat="56.2169627" lon="84.6454097"><ele>94.8</ele><time>1970-01-01T00:00:00.000Z</time></trkpt><trkpt lat="56.2169619" lon="84.6454115"><ele>94.9</ele><time>1970-01-01T00:00:00.000Z</time></trkpt><trkpt lat="56.2169619" lon="84.6454113"><ele>94.9</ele><time>1970-01-01T00:00:00.000Z</time></trkpt><trkpt lat="56.2169622" lon="84.6454097"><ele>94.8</ele><time>1970-01-01T00:00:00.000Z</time></trkpt><trkpt lat="56.2169628" lon="84.6454073"><ele>94.8</ele><time>1970-01-01T00:00:00.000Z</time></trkpt><trkpt lat="56.2169577" lon="84.6454187"><ele>94.7</ele><time>1970-01-01T00:00:00.000Z</time></trkpt><trkpt lat="56.2169579" lon="84.645418"><ele>94.7</ele><time>1970-01-01T00:00:00.000Z</time></trkpt><trkpt lat="56.2169578" lon="84.6454187"><ele>94.7</ele><time>1970-01-01T00:00:00.000Z</time></trkpt><trkpt lat="56.2169581" lon="84.6454218"><ele>94.9</ele><time>1970-01-01T00:00:00.000Z</time></trkpt><trkpt lat="56.2169662" lon="84.6454594"><ele>95.4</ele><time>1970-01-01T00:00:00.000Z</time></trkpt><trkpt lat="56.2169713" lon="84.6455293"><ele>95.2</ele><time>1970-01-01T00:00:00.000Z</time></trkpt><trkpt lat="56.2169781" lon="84.6457237"><ele>96.6</ele><time>1970-01-01T00:00:00.000Z</time></trkpt><trkpt lat="56.2169906" lon="84.6458325"><ele>95.5</ele><time>1970-01-01T00:00:00.000Z</time></trkpt><trkpt lat="56.2169942" lon="84.6459005"><ele>94.8</ele><time>1970-01-01T00:00:00.000Z</time></trkpt><trkpt lat="56.2170517" lon="84.6460158"><ele>95.6</ele><time>1970-01-01T00:00:00.000Z</time></trkpt><trkpt lat="56.2170906" lon="84.646131"><ele>95.6</ele><time>1970-01-01T00:00:00.000Z</time></trkpt><trkpt lat="56.217127" lon="84.6462408"><ele>95.4</ele><time>1970-01-01T00:00:00.000Z</time></trkpt><trkpt lat="56.2171637" lon="84.6463515"><ele>95.6</ele><time>1970-01-01T00:00:00.000Z</time></trkpt><trkpt lat="56.217192" lon="84.6464594"><ele>95.4</ele><time>1970-01-01T00:00:00.000Z</time></trkpt><trkpt lat="56.217232" lon="84.6465797"><ele>95.5</ele><time>1970-01-01T00:00:00.000Z</time></trkpt><trkpt lat="56.2172682" lon="84.6466823"><ele>96.1</ele><time>1970-01-01T00:00:00.000Z</time></trkpt><trkpt lat="56.2173022" lon="84.6467878"><ele>95.7</ele><time>1970-01-01T00:00:00.000Z</time></trkpt><trkpt lat="56.2173388" lon="84.6468853"><ele>95.6</ele><time>1970-01-01T00:00:00.000Z</time></trkpt><trkpt lat="56.2173797" lon="84.6469996"><ele>95.5</ele><time>1970-01-01T00:00:00.000Z</time></trkpt><trkpt lat="56.2174184" lon="84.647095"><ele>95.6</ele><time>1970-01-01T00:00:00.000Z</time></trkpt><trkpt lat="56.2174644" lon="84.6471908"><ele>95.7</ele><time>1970-01-01T00:00:00.000Z</time></trkpt><trkpt lat="56.2175179" lon="84.6472838"><ele>95.7</ele><time>1970-01-01T00:00:00.000Z</time></trkpt><trkpt lat="56.2175677" lon="84.6473748"><ele>95.3</ele><time>1970-01-01T00:00:00.000Z</time></trkpt><trkpt lat="56.2176166" lon="84.6474887"><ele>95.1</ele><time>1970-01-01T00:00:00.000Z</time></trkpt><trkpt lat="56.2176555" lon="84.6475729"><ele>94.9</ele><time>1970-01-01T00:00:00.000Z</time></trkpt><trkpt lat="56.2177004" lon="84.6476697"><ele>94.5</ele><time>1970-01-01T00:00:00.000Z</time></trkpt><trkpt lat="56.2177475" lon="84.647761"><ele>94.3</ele><time>1970-01-01T00:00:00.000Z</time></trkpt><trkpt lat="56.2177959" lon="84.6478643"><ele>94</ele><time>1970-01-01T00:00:00.000Z</time></trkpt><trkpt lat="56.2178303" lon="84.6479609"><ele>93.8</ele><time>1970-01-01T00:00:00.000Z</time></trkpt><trkpt lat="56.2178875" lon="84.6480671"><ele>94</ele><time>1970-01-01T00:00:00.000Z</time></trkpt><trkpt lat="56.2179312" lon="84.6481638"><ele>94</ele><time>1970-01-01T00:00:00.000Z</time></trkpt><trkpt lat="56.217987" lon="84.6482367"><ele>95.2</ele><time>1970-01-01T00:00:00.000Z</time></trkpt><trkpt lat="56.2180249" lon="84.6483529"><ele>94.9</ele><time>1970-01-01T00:00:00.000Z</time></trkpt><trkpt lat="56.2180669" lon="84.6484625"><ele>94.7</ele><time>1970-01-01T00:00:00.000Z</time></trkpt><trkpt lat="56.2181279" lon="84.6485488"><ele>95</ele><time>1970-01-01T00:00:00.000Z</time></trkpt><trkpt lat="56.2181796" lon="84.6486425"><ele>95.3</ele><time>1970-01-01T00:00:00.000Z</time></trkpt><trkpt lat="56.2182342" lon="84.6487507"><ele>95</ele><time>1970-01-01T00:00:00.000Z</time></trkpt><trkpt lat="56.21828" lon="84.6488435"><ele>94.5</ele><time>1970-01-01T00:00:00.000Z</time></trkpt><trkpt lat="56.2183328" lon="84.6489429"><ele>94.2</ele><time>1970-01-01T00:00:00.000Z</time></trkpt><trkpt lat="56.218391" lon="84.6490561"><ele>94.4</ele><time>1970-01-01T00:00:00.000Z</time></trkpt><trkpt lat="56.2184493" lon="84.6491343"><ele>93.6</ele><time>1970-01-01T00:00:00.000Z</time></trkpt><trkpt lat="56.2184956" lon="84.6492212"><ele>93.5</ele><time>1970-01-01T00:00:00.000Z</time></trkpt><trkpt lat="56.2185432" lon="84.6493106"><ele>93.3</ele><time>1970-01-01T00:00:00.000Z</time></trkpt><trkpt lat="56.2185888" lon="84.6494107"><ele>94.1</ele><time>1970-01-01T00:00:00.000Z</time></trkpt><trkpt lat="56.2186319" lon="84.6494669"><ele>93.5</ele><time>1970-01-01T00:00:00.000Z</time></trkpt><trkpt lat="56.2186801" lon="84.64957"><ele>93.1</ele><time>1970-01-01T00:00:00.000Z</time></trkpt><trkpt lat="56.2187344" lon="84.6496737"><ele>93.3</ele><time>1970-01-01T00:00:00.000Z</time></trkpt><trkpt lat="56.2187788" lon="84.6497643"><ele>93.3</ele><time>1970-01-01T00:00:00.000Z</time></trkpt><trkpt lat="56.2188239" lon="84.6498909"><ele>93.2</ele><time>1970-01-01T00:00:00.000Z</time></trkpt><trkpt lat="56.2188619" lon="84.650005"><ele>92.6</ele><time>1970-01-01T00:00:00.000Z</time></trkpt><trkpt lat="56.2188831" lon="84.6501177"><ele>93</ele><time>1970-01-01T00:00:00.000Z</time></trkpt><trkpt lat="56.2188879" lon="84.6502666"><ele>92.7</ele><time>1970-01-01T00:00:00.000Z</time></trkpt><trkpt lat="56.2188701" lon="84.650405"><ele>92.9</ele><time>1970-01-01T00:00:00.000Z</time></trkpt><trkpt lat="56.2188374" lon="84.6505262"><ele>93.9</ele><time>1970-01-01T00:00:00.000Z</time></trkpt><trkpt lat="56.2187926" lon="84.6506124"><ele>94</ele><time>1970-01-01T00:00:00.000Z</time></trkpt><trkpt lat="56.2187326" lon="84.6506972"><ele>93.8</ele><time>1970-01-01T00:00:00.000Z</time></trkpt><trkpt lat="56.2186792" lon="84.6507907"><ele>93.3</ele><time>1970-01-01T00:00:00.000Z</time></trkpt><trkpt lat="56.2186275" lon="84.6508852"><ele>92.3</ele><time>1970-01-01T00:00:00.000Z</time></trkpt><trkpt lat="56.2185784" lon="84.650953"><ele>91.6</ele><time>1970-01-01T00:00:00.000Z</time></trkpt><trkpt lat="56.2185244" lon="84.6510332"><ele>91.5</ele><time>1970-01-01T00:00:00.000Z</time></trkpt><trkpt lat="56.2184767" lon="84.6511193"><ele>91.2</ele><time>1970-01-01T00:00:00.000Z</time></trkpt><trkpt lat="56.2184273" lon="84.651208"><ele>91.4</ele><time>1970-01-01T00:00:00.000Z</time></trkpt><trkpt lat="56.2183768" lon="84.6512902"><ele>91</ele><time>1970-01-01T00:00:00.000Z</time></trkpt><trkpt lat="56.2183169" lon="84.6513561"><ele>90.6</ele><time>1970-01-01T00:00:00.000Z</time></trkpt><trkpt lat="56.2182622" lon="84.6514205"><ele>89.7</ele><time>1970-01-01T00:00:00.000Z</time></trkpt><trkpt lat="56.2182101" lon="84.6514869"><ele>89.5</ele><time>1970-01-01T00:00:00.000Z</time></trkpt><trkpt lat="56.2181621" lon="84.6515515"><ele>88.2</ele><time>1970-01-01T00:00:00.000Z</time></trkpt><trkpt lat="56.2181094" lon="84.6516225"><ele>86.9</ele><time>1970-01-01T00:00:00.000Z</time></trkpt><trkpt lat="56.2180461" lon="84.6516888"><ele>86.2</ele><time>1970-01-01T00:00:00.000Z</time></trkpt><trkpt lat="56.2179971" lon="84.6517591"><ele>86.5</ele><time>1970-01-01T00:00:00.000Z</time></trkpt><trkpt lat="56.2179479" lon="84.651846"><ele>85.6</ele><time>1970-01-01T00:00:00.000Z</time></trkpt><trkpt lat="56.2178947" lon="84.6519577"><ele>86.3</ele><time>1970-01-01T00:00:00.000Z</time></trkpt><trkpt lat="56.2178426" lon="84.6520642"><ele>87.4</ele><time>1970-01-01T00:00:00.000Z</time></trkpt><trkpt lat="56.2177999" lon="84.6521864"><ele>87.2</ele><time>1970-01-01T00:00:00.000Z</time></trkpt><trkpt lat="56.217768" lon="84.6522918"><ele>87.4</ele><time>1970-01-01T00:00:00.000Z</time></trkpt><trkpt lat="56.2177312" lon="84.6523943"><ele>87</ele><time>1970-01-01T00:00:00.000Z</time></trkpt><trkpt lat="56.2177023" lon="84.6525117"><ele>86.6</ele><time>1970-01-01T00:00:00.000Z</time></trkpt><trkpt lat="56.2176888" lon="84.6526462"><ele>85.8</ele><time>1970-01-01T00:00:00.000Z</time></trkpt><trkpt lat="56.2176868" lon="84.6527756"><ele>84.6</ele><time>1970-01-01T00:00:00.000Z</time></trkpt><trkpt lat="56.2176866" lon="84.6528923"><ele>83.6</ele><time>1970-01-01T00:00:00.000Z</time></trkpt><trkpt lat="56.2176768" lon="84.6530117"><ele>84.2</ele><time>1970-01-01T00:00:00.000Z</time></trkpt><trkpt lat="56.2176942" lon="84.6530244"><ele>83.7</ele><time>1970-01-01T00:00:00.000Z</time></trkpt><trkpt lat="56.2177167" lon="84.6530197"><ele>83.6</ele><time>1970-01-01T00:00:00.000Z</time></trkpt><trkpt lat="56.2177244" lon="84.6530205"><ele>84</ele><time>1970-01-01T00:00:00.000Z</time></trkpt><trkpt lat="56.2177237" lon="84.6530096"><ele>83.8</ele><time>1970-01-01T00:00:00.000Z</time></trkpt><trkpt lat="56.2177079" lon="84.6529885"><ele>83.7</ele><time>1970-01-01T00:00:00.000Z</time></trkpt><trkpt lat="56.2177046" lon="84.6529861"><ele>84.3</ele><time>1970-01-01T00:00:00.000Z</time></trkpt><trkpt lat="56.2177055" lon="84.6529863"><ele>84.2</ele><time>1970-01-01T00:00:00.000Z</time></trkpt><trkpt lat="56.2177" lon="84.6529787"><ele>84.4</ele><time>1970-01-01T00:00:00.000Z</time></trkpt><trkpt lat="56.2176986" lon="84.653"><ele>84.6</ele><time>1970-01-01T00:00:00.000Z</time></trkpt><trkpt lat="56.2176954" lon="84.6531045"><ele>84</ele><time>1970-01-01T00:00:00.000Z</time></trkpt><trkpt lat="56.2176431" lon="84.6532109"><ele>84.1</ele><time>1970-01-01T00:00:00.000Z</time></trkpt><trkpt lat="56.2176269" lon="84.6533137"><ele>85</ele><time>1970-01-01T00:00:00.000Z</time></trkpt><trkpt lat="56.2176397" lon="84.6533405"><ele>83.4</ele><time>1970-01-01T00:00:00.000Z</time></trkpt><trkpt lat="56.2176425" lon="84.6533323"><ele>83.4</ele><time>1970-01-01T00:00:00.000Z</time></trkpt><trkpt lat="56.2176471" lon="84.6533275"><ele>83.4</ele><time>1970-01-01T00:00:00.000Z</time></trkpt><trkpt lat="56.2176486" lon="84.6533207"><ele>84</ele><time>1970-01-01T00:00:00.000Z</time></trkpt><trkpt lat="56.2176482" lon="84.6533134"><ele>83.1</ele><time>1970-01-01T00:00:00.000Z</time></trkpt><trkpt lat="56.2176495" lon="84.653336"><ele>83.9</ele><time>1970-01-01T00:00:00.000Z</time></trkpt><trkpt lat="56.2176223" lon="84.6534137"><ele>82.1</ele><time>1970-01-01T00:00:00.000Z</time></trkpt><trkpt lat="56.2175672" lon="84.6534971"><ele>81.7</ele><time>1970-01-01T00:00:00.000Z</time></trkpt><trkpt lat="56.2175372" lon="84.6536361"><ele>81.8</ele><time>1970-01-01T00:00:00.000Z</time></trkpt><trkpt lat="56.2175124" lon="84.653758"><ele>82.3</ele><time>1970-01-01T00:00:00.000Z</time></trkpt><trkpt lat="56.2174865" lon="84.6539024"><ele>83.4</ele><time>1970-01-01T00:00:00.000Z</time></trkpt><trkpt lat="56.2174807" lon="84.6540472"><ele>82.4</ele><time>1970-01-01T00:00:00.000Z</time></trkpt><trkpt lat="56.2175025" lon="84.6541748"><ele>83.5</ele><time>1970-01-01T00:00:00.000Z</time></trkpt><trkpt lat="56.2175349" lon="84.654297"><ele>83</ele><time>1970-01-01T00:00:00.000Z</time></trkpt><trkpt lat="56.2175629" lon="84.6543991"><ele>81.9</ele><time>1970-01-01T00:00:00.000Z</time></trkpt><trkpt lat="56.2175959" lon="84.6545008"><ele>81.9</ele><time>1970-01-01T00:00:00.000Z</time></trkpt><trkpt lat="56.217628" lon="84.6545907"><ele>81.7</ele><time>1970-01-01T00:00:00.000Z</time></trkpt><trkpt lat="56.2176639" lon="84.6546954"><ele>80.9</ele><time>1970-01-01T00:00:00.000Z</time></trkpt><trkpt lat="56.2177042" lon="84.6547815"><ele>81.7</ele><time>1970-01-01T00:00:00.000Z</time></trkpt><trkpt lat="56.2177366" lon="84.6548818"><ele>81.8</ele><time>1970-01-01T00:00:00.000Z</time></trkpt><trkpt lat="56.2177661" lon="84.6549956"><ele>82.2</ele><time>1970-01-01T00:00:00.000Z</time></trkpt><trkpt lat="56.2177929" lon="84.6551034"><ele>79.9</ele><time>1970-01-01T00:00:00.000Z</time></trkpt><trkpt lat="56.2178223" lon="84.6552279"><ele>79.3</ele><time>1970-01-01T00:00:00.000Z</time></trkpt><trkpt lat="56.2178448" lon="84.6553349"><ele>77.8</ele><time>1970-01-01T00:00:00.000Z</time></trkpt><trkpt lat="56.2178741" lon="84.6554411"><ele>76.7</ele><time>1970-01-01T00:00:00.000Z</time></trkpt><trkpt lat="56.2179036" lon="84.6555416"><ele>76</ele><time>1970-01-01T00:00:00.000Z</time></trkpt><trkpt lat="56.2179288" lon="84.6556727"><ele>76.5</ele><time>1970-01-01T00:00:00.000Z</time></trkpt><trkpt lat="56.2179489" lon="84.6558004"><ele>78.4</ele><time>1970-01-01T00:00:00.000Z</time></trkpt><trkpt lat="56.217959" lon="84.6559405"><ele>80</ele><time>1970-01-01T00:00:00.000Z</time></trkpt><trkpt lat="56.217967" lon="84.6560789"><ele>78.6</ele><time>1970-01-01T00:00:00.000Z</time></trkpt><trkpt lat="56.2179893" lon="84.6562101"><ele>78.8</ele><time>1970-01-01T00:00:00.000Z</time></trkpt><trkpt lat="56.218012" lon="84.6563216"><ele>79</ele><time>1970-01-01T00:00:00.000Z</time></trkpt><trkpt lat="56.2180376" lon="84.6564521"><ele>81</ele><time>1970-01-01T00:00:00.000Z</time></trkpt><trkpt lat="56.2180462" lon="84.6565631"><ele>81.4</ele><time>1970-01-01T00:00:00.000Z</time></trkpt><trkpt lat="56.2180422" lon="84.6566815"><ele>80.9</ele><time>1970-01-01T00:00:00.000Z</time></trkpt><trkpt lat="56.2180409" lon="84.6567922"><ele>82</ele><time>1970-01-01T00:00:00.000Z</time></trkpt><trkpt lat="56.2180467" lon="84.6569087"><ele>83.8</ele><time>1970-01-01T00:00:00.000Z</time></trkpt><trkpt lat="56.2180471" lon="84.6570364"><ele>87</ele><time>1970-01-01T00:00:00.000Z</time></trkpt><trkpt lat="56.2180563" lon="84.6571798"><ele>88.1</ele><time>1970-01-01T00:00:00.000Z</time></trkpt><trkpt lat="56.2180481" lon="84.6573023"><ele>90</ele><time>1970-01-01T00:00:00.000Z</time></trkpt><trkpt lat="56.2180382" lon="84.6574247"><ele>89.7</ele><time>1970-01-01T00:00:00.000Z</time></trkpt><trkpt lat="56.2180218" lon="84.6575582"><ele>88.1</ele><time>1970-01-01T00:00:00.000Z</time></trkpt><trkpt lat="56.2179969" lon="84.6576872"><ele>88.1</ele><time>1970-01-01T00:00:00.000Z</time></trkpt><trkpt lat="56.2179681" lon="84.6578056"><ele>87.7</ele><time>1970-01-01T00:00:00.000Z</time></trkpt><trkpt lat="56.2179471" lon="84.6579121"><ele>89.9</ele><time>1970-01-01T00:00:00.000Z</time></trkpt><trkpt lat="56.2179199" lon="84.6580228"><ele>91.9</ele><time>1970-01-01T00:00:00.000Z</time></trkpt><trkpt lat="56.2178723" lon="84.6581266"><ele>92.2</ele><time>1970-01-01T00:00:00.000Z</time></trkpt><trkpt lat="56.2178293" lon="84.6582178"><ele>91.9</ele><time>1970-01-01T00:00:00.000Z</time></trkpt><trkpt lat="56.2177812" lon="84.658308"><ele>92.9</ele><time>1970-01-01T00:00:00.000Z</time></trkpt><trkpt lat="56.2177201" lon="84.6583683"><ele>92</ele><time>1970-01-01T00:00:00.000Z</time></trkpt><trkpt lat="56.2176576" lon="84.658409"><ele>91.4</ele><time>1970-01-01T00:00:00.000Z</time></trkpt><trkpt lat="56.2175871" lon="84.6584203"><ele>89.7</ele><time>1970-01-01T00:00:00.000Z</time></trkpt><trkpt lat="56.2175261" lon="84.6584431"><ele>91.8</ele><time>1970-01-01T00:00:00.000Z</time></trkpt><trkpt lat="56.217444" lon="84.6584818"><ele>93.1</ele><time>1970-01-01T00:00:00.000Z</time></trkpt><trkpt lat="56.2173732" lon="84.6584922"><ele>93.3</ele><time>1970-01-01T00:00:00.000Z</time></trkpt><trkpt lat="56.2173077" lon="84.6584897"><ele>94.9</ele><time>1970-01-01T00:00:00.000Z</time></trkpt><trkpt lat="56.2172402" lon="84.6584823"><ele>94.5</ele><time>1970-01-01T00:00:00.000Z</time></trkpt><trkpt lat="56.2171604" lon="84.658476"><ele>93.9</ele><time>1970-01-01T00:00:00.000Z</time></trkpt><trkpt lat="56.2170847" lon="84.6584719"><ele>94.8</ele><time>1970-01-01T00:00:00.000Z</time></trkpt><trkpt lat="56.2170167" lon="84.6584411"><ele>93.9</ele><time>1970-01-01T00:00:00.000Z</time></trkpt><trkpt lat="56.2169544" lon="84.6584096"><ele>94.7</ele><time>1970-01-01T00:00:00.000Z</time></trkpt><trkpt lat="56.2169015" lon="84.6583752"><ele>95.2</ele><time>1970-01-01T00:00:00.000Z</time></trkpt><trkpt lat="56.2168412" lon="84.6583318"><ele>96.8</ele><time>1970-01-01T00:00:00.000Z</time></trkpt><trkpt lat="56.2167754" lon="84.6582791"><ele>96.9</ele><time>1970-01-01T00:00:00.000Z</time></trkpt><trkpt lat="56.2167111" lon="84.6582154"><ele>96.6</ele><time>1970-01-01T00:00:00.000Z</time></trkpt><trkpt lat="56.2166526" lon="84.658166"><ele>98.1</ele><time>1970-01-01T00:00:00.000Z</time></trkpt><trkpt lat="56.2165912" lon="84.6581055"><ele>99.6</ele><time>1970-01-01T00:00:00.000Z</time></trkpt><trkpt lat="56.2165381" lon="84.6580428"><ele>99.4</ele><time>1970-01-01T00:00:00.000Z</time></trkpt><trkpt lat="56.2164777" lon="84.6579816"><ele>98.7</ele><time>1970-01-01T00:00:00.000Z</time></trkpt><trkpt lat="56.2164178" lon="84.6579117"><ele>99.8</ele><time>1970-01-01T00:00:00.000Z</time></trkpt><trkpt lat="56.2163632" lon="84.6578548"><ele>100.2</ele><time>1970-01-01T00:00:00.000Z</time></trkpt><trkpt lat="56.2162923" lon="84.6578181"><ele>99.3</ele><time>1970-01-01T00:00:00.000Z</time></trkpt><trkpt lat="56.2162394" lon="84.6578081"><ele>99</ele><time>1970-01-01T00:00:00.000Z</time></trkpt><trkpt lat="56.2161675" lon="84.6578203"><ele>98.8</ele><time>1970-01-01T00:00:00.000Z</time></trkpt><trkpt lat="56.2161142" lon="84.6578523"><ele>99.4</ele><time>1970-01-01T00:00:00.000Z</time></trkpt><trkpt lat="56.2160646" lon="84.6579133"><ele>100.3</ele><time>1970-01-01T00:00:00.000Z</time></trkpt><trkpt lat="56.2160214" lon="84.658045"><ele>100.6</ele><time>1970-01-01T00:00:00.000Z</time></trkpt><trkpt lat="56.2159878" lon="84.6581673"><ele>102.5</ele><time>1970-01-01T00:00:00.000Z</time></trkpt><trkpt lat="56.2159469" lon="84.6582684"><ele>103.1</ele><time>1970-01-01T00:00:00.000Z</time></trkpt><trkpt lat="56.2159044" lon="84.6583876"><ele>102.2</ele><time>1970-01-01T00:00:00.000Z</time></trkpt><trkpt lat="56.215872" lon="84.6584776"><ele>102.8</ele><time>1970-01-01T00:00:00.000Z</time></trkpt><trkpt lat="56.2158388" lon="84.6585959"><ele>103.6</ele><time>1970-01-01T00:00:00.000Z</time></trkpt><trkpt lat="56.2157964" lon="84.6586967"><ele>102.7</ele><time>1970-01-01T00:00:00.000Z</time></trkpt><trkpt lat="56.2157596" lon="84.6587748"><ele>103</ele><time>1970-01-01T00:00:00.000Z</time></trkpt><trkpt lat="56.2157218" lon="84.6588842"><ele>102.8</ele><time>1970-01-01T00:00:00.000Z</time></trkpt><trkpt lat="56.2156773" lon="84.6590017"><ele>102.9</ele><time>1970-01-01T00:00:00.000Z</time></trkpt><trkpt lat="56.2156365" lon="84.6591189"><ele>102.9</ele><time>1970-01-01T00:00:00.000Z</time></trkpt><trkpt lat="56.2156062" lon="84.6592337"><ele>102.1</ele><time>1970-01-01T00:00:00.000Z</time></trkpt><trkpt lat="56.2155714" lon="84.6593511"><ele>102.2</ele><time>1970-01-01T00:00:00.000Z</time></trkpt><trkpt lat="56.2155371" lon="84.659437"><ele>101.1</ele><time>1970-01-01T00:00:00.000Z</time></trkpt><trkpt lat="56.2154976" lon="84.6595271"><ele>102.3</ele><time>1970-01-01T00:00:00.000Z</time></trkpt><trkpt lat="56.2154632" lon="84.6596573"><ele>102.4</ele><time>1970-01-01T00:00:00.000Z</time></trkpt><trkpt lat="56.2154193" lon="84.6597843"><ele>101.7</ele><time>1970-01-01T00:00:00.000Z</time></trkpt><trkpt lat="56.2153701" lon="84.6598838"><ele>101.4</ele><time>1970-01-01T00:00:00.000Z</time></trkpt><trkpt lat="56.2153355" lon="84.6600085"><ele>102.1</ele><time>1970-01-01T00:00:00.000Z</time></trkpt><trkpt lat="56.2152979" lon="84.6601158"><ele>102.2</ele><time>1970-01-01T00:00:00.000Z</time></trkpt><trkpt lat="56.2152563" lon="84.6602311"><ele>102.9</ele><time>1970-01-01T00:00:00.000Z</time></trkpt><trkpt lat="56.2152114" lon="84.6603557"><ele>103.2</ele><time>1970-01-01T00:00:00.000Z</time></trkpt><trkpt lat="56.215184" lon="84.6604929"><ele>103.3</ele><time>1970-01-01T00:00:00.000Z</time></trkpt><trkpt lat="56.2151393" lon="84.6606303"><ele>103.8</ele><time>1970-01-01T00:00:00.000Z</time></trkpt><trkpt lat="56.2150985" lon="84.6607698"><ele>103.6</ele><time>1970-01-01T00:00:00.000Z</time></trkpt><trkpt lat="56.2150597" lon="84.6608846"><ele>103.6</ele><time>1970-01-01T00:00:00.000Z</time></trkpt><trkpt lat="56.2150082" lon="84.6609964"><ele>104</ele><time>1970-01-01T00:00:00.000Z</time></trkpt><trkpt lat="56.2149743" lon="84.6610946"><ele>104</ele><time>1970-01-01T00:00:00.000Z</time></trkpt><trkpt lat="56.2149384" lon="84.6611949"><ele>104.5</ele><time>1970-01-01T00:00:00.000Z</time></trkpt><trkpt lat="56.2148923" lon="84.661312"><ele>104.7</ele><time>1970-01-01T00:00:00.000Z</time></trkpt><trkpt lat="56.2148539" lon="84.66141"><ele>104.3</ele><time>1970-01-01T00:00:00.000Z</time></trkpt><trkpt lat="56.2148096" lon="84.6615343"><ele>103.2</ele><time>1970-01-01T00:00:00.000Z</time></trkpt><trkpt lat="56.2147703" lon="84.6616427"><ele>104.2</ele><time>1970-01-01T00:00:00.000Z</time></trkpt><trkpt lat="56.2147437" lon="84.6617425"><ele>104.9</ele><time>1970-01-01T00:00:00.000Z</time></trkpt><trkpt lat="56.2147132" lon="84.6618671"><ele>105</ele><time>1970-01-01T00:00:00.000Z</time></trkpt><trkpt lat="56.2146922" lon="84.6619856"><ele>104.9</ele><time>1970-01-01T00:00:00.000Z</time></trkpt><trkpt lat="56.2146594" lon="84.6620908"><ele>102.8</ele><time>1970-01-01T00:00:00.000Z</time></trkpt><trkpt lat="56.2146133" lon="84.6622007"><ele>102.4</ele><time>1970-01-01T00:00:00.000Z</time></trkpt><trkpt lat="56.2145705" lon="84.6622982"><ele>101.6</ele><time>1970-01-01T00:00:00.000Z</time></trkpt><trkpt lat="56.2145277" lon="84.6624026"><ele>101.8</ele><time>1970-01-01T00:00:00.000Z</time></trkpt><trkpt lat="56.2144815" lon="84.6625397"><ele>102.1</ele><time>1970-01-01T00:00:00.000Z</time></trkpt><trkpt lat="56.2144381" lon="84.662659"><ele>102.9</ele><time>1970-01-01T00:00:00.000Z</time></trkpt><trkpt lat="56.2144338" lon="84.6627623"><ele>103.5</ele><time>1970-01-01T00:00:00.000Z</time></trkpt><trkpt lat="56.2144126" lon="84.6628437"><ele>104.9</ele><time>1970-01-01T00:00:00.000Z</time></trkpt><trkpt lat="56.2143637" lon="84.6628848"><ele>104.8</ele><time>1970-01-01T00:00:00.000Z</time></trkpt><trkpt lat="56.2143234" lon="84.6629734"><ele>105.4</ele><time>1970-01-01T00:00:00.000Z</time></trkpt><trkpt lat="56.2142858" lon="84.6630853"><ele>105.4</ele><time>1970-01-01T00:00:00.000Z</time></trkpt><trkpt lat="56.214263" lon="84.6631944"><ele>104.5</ele><time>1970-01-01T00:00:00.000Z</time></trkpt><trkpt lat="56.2142424" lon="84.6632969"><ele>104.1</ele><time>1970-01-01T00:00:00.000Z</time></trkpt><trkpt lat="56.2142172" lon="84.6634167"><ele>103.9</ele><time>1970-01-01T00:00:00.000Z</time></trkpt><trkpt lat="56.2141876" lon="84.6635232"><ele>104.5</ele><time>1970-01-01T00:00:00.000Z</time></trkpt><trkpt lat="56.2141473" lon="84.6636379"><ele>105.8</ele><time>1970-01-01T00:00:00.000Z</time></trkpt><trkpt lat="56.2141136" lon="84.6637419"><ele>107.4</ele><time>1970-01-01T00:00:00.000Z</time></trkpt><trkpt lat="56.2140782" lon="84.6638393"><ele>108.3</ele><time>1970-01-01T00:00:00.000Z</time></trkpt><trkpt lat="56.2140414" lon="84.6639586"><ele>108</ele><time>1970-01-01T00:00:00.000Z</time></trkpt><trkpt lat="56.2140051" lon="84.6640565"><ele>108.1</ele><time>1970-01-01T00:00:00.000Z</time></trkpt><trkpt lat="56.2139693" lon="84.6641769"><ele>107.5</ele><time>1970-01-01T00:00:00.000Z</time></trkpt><trkpt lat="56.2139202" lon="84.6641924"><ele>110.2</ele><time>1970-01-01T00:00:00.000Z</time></trkpt><trkpt lat="56.2138829" lon="84.6642779"><ele>108.7</ele><time>1970-01-01T00:00:00.000Z</time></trkpt><trkpt lat="56.2138544" lon="84.6644139"><ele>106.6</ele><time>1970-01-01T00:00:00.000Z</time></trkpt><trkpt lat="56.2138154" lon="84.664556"><ele>106.4</ele><time>1970-01-01T00:00:00.000Z</time></trkpt><trkpt lat="56.2137858" lon="84.6646971"><ele>105.2</ele><time>1970-01-01T00:00:00.000Z</time></trkpt><trkpt lat="56.2137479" lon="84.6648469"><ele>105.7</ele><time>1970-01-01T00:00:00.000Z</time></trkpt><trkpt lat="56.2137183" lon="84.6649606"><ele>105.3</ele><time>1970-01-01T00:00:00.000Z</time></trkpt><trkpt lat="56.2136734" lon="84.6650839"><ele>105.6</ele><time>1970-01-01T00:00:00.000Z</time></trkpt><trkpt lat="56.2136418" lon="84.6651867"><ele>106.4</ele><time>1970-01-01T00:00:00.000Z</time></trkpt><trkpt lat="56.2136128" lon="84.6653011"><ele>106.2</ele><time>1970-01-01T00:00:00.000Z</time></trkpt><trkpt lat="56.2135748" lon="84.665397"><ele>105.5</ele><time>1970-01-01T00:00:00.000Z</time></trkpt><trkpt lat="56.2135423" lon="84.6655023"><ele>106.8</ele><time>1970-01-01T00:00:00.000Z</time></trkpt><trkpt lat="56.2135104" lon="84.6655949"><ele>107.2</ele><time>1970-01-01T00:00:00.000Z</time></trkpt><trkpt lat="56.2134679" lon="84.6656916"><ele>106.2</ele><time>1970-01-01T00:00:00.000Z</time></trkpt><trkpt lat="56.2134302" lon="84.6658008"><ele>106.9</ele><time>1970-01-01T00:00:00.000Z</time></trkpt><trkpt lat="56.2133946" lon="84.6659086"><ele>108.8</ele><time>1970-01-01T00:00:00.000Z</time></trkpt><trkpt lat="56.2133605" lon="84.6660289"><ele>109.8</ele><time>1970-01-01T00:00:00.000Z</time></trkpt><trkpt lat="56.2133212" lon="84.6661186"><ele>111.4</ele><time>1970-01-01T00:00:00.000Z</time></trkpt><trkpt lat="56.2132907" lon="84.6662414"><ele>112.2</ele><time>1970-01-01T00:00:00.000Z</time></trkpt><trkpt lat="56.2132723" lon="84.6663482"><ele>111.5</ele><time>1970-01-01T00:00:00.000Z</time></trkpt><trkpt lat="56.2132391" lon="84.666475"><ele>112.7</ele><time>1970-01-01T00:00:00.000Z</time></trkpt><trkpt lat="56.2131985" lon="84.6666018"><ele>113.3</ele><time>1970-01-01T00:00:00.000Z</time></trkpt><trkpt lat="56.2131747" lon="84.6666969"><ele>113.8</ele><time>1970-01-01T00:00:00.000Z</time></trkpt><trkpt lat="56.2131425" lon="84.666814"><ele>115.8</ele><time>1970-01-01T00:00:00.000Z</time></trkpt><trkpt lat="56.213116" lon="84.666927"><ele>115.5</ele><time>1970-01-01T00:00:00.000Z</time></trkpt><trkpt lat="56.2130877" lon="84.6670364"><ele>117.4</ele><time>1970-01-01T00:00:00.000Z</time></trkpt><trkpt lat="56.2130656" lon="84.6671487"><ele>116.5</ele><time>1970-01-01T00:00:00.000Z</time></trkpt><trkpt lat="56.213066" lon="84.6672765"><ele>114.9</ele><time>1970-01-01T00:00:00.000Z</time></trkpt><trkpt lat="56.21309" lon="84.6673982"><ele>114.4</ele><time>1970-01-01T00:00:00.000Z</time></trkpt><trkpt lat="56.213091" lon="84.6675295"><ele>113.6</ele><time>1970-01-01T00:00:00.000Z</time></trkpt><trkpt lat="56.2131043" lon="84.6676716"><ele>111.6</ele><time>1970-01-01T00:00:00.000Z</time></trkpt><trkpt lat="56.2131426" lon="84.6678022"><ele>109.8</ele><time>1970-01-01T00:00:00.000Z</time></trkpt><trkpt lat="56.2131819" lon="84.6679198"><ele>109.2</ele><time>1970-01-01T00:00:00.000Z</time></trkpt><trkpt lat="56.2132161" lon="84.6680225"><ele>108.5</ele><time>1970-01-01T00:00:00.000Z</time></trkpt><trkpt lat="56.2132527" lon="84.6681201"><ele>109.4</ele><time>1970-01-01T00:00:00.000Z</time></trkpt><trkpt lat="56.2132902" lon="84.6682098"><ele>109.5</ele><time>1970-01-01T00:00:00.000Z</time></trkpt><trkpt lat="56.2133242" lon="84.6683182"><ele>109.2</ele><time>1970-01-01T00:00:00.000Z</time></trkpt><trkpt lat="56.2133539" lon="84.6684246"><ele>108.3</ele><time>1970-01-01T00:00:00.000Z</time></trkpt><trkpt lat="56.2134001" lon="84.6685223"><ele>108.6</ele><time>1970-01-01T00:00:00.000Z</time></trkpt><trkpt lat="56.2134361" lon="84.6686179"><ele>109.4</ele><time>1970-01-01T00:00:00.000Z</time></trkpt><trkpt lat="56.2134737" lon="84.6687222"><ele>109.9</ele><time>1970-01-01T00:00:00.000Z</time></trkpt><trkpt lat="56.2135165" lon="84.6688334"><ele>111.2</ele><time>1970-01-01T00:00:00.000Z</time></trkpt><trkpt lat="56.213555" lon="84.6689191"><ele>112.3</ele><time>1970-01-01T00:00:00.000Z</time></trkpt><trkpt lat="56.2135854" lon="84.6690254"><ele>112.9</ele><time>1970-01-01T00:00:00.000Z</time></trkpt><trkpt lat="56.2136233" lon="84.6691355"><ele>112.9</ele><time>1970-01-01T00:00:00.000Z</time></trkpt><trkpt lat="56.2136522" lon="84.6692438"><ele>113.6</ele><time>1970-01-01T00:00:00.000Z</time></trkpt><trkpt lat="56.2136947" lon="84.6693496"><ele>112.5</ele><time>1970-01-01T00:00:00.000Z</time></trkpt><trkpt lat="56.21373" lon="84.6694742"><ele>111.9</ele><time>1970-01-01T00:00:00.000Z</time></trkpt><trkpt lat="56.2137622" lon="84.6695951"><ele>111.1</ele><time>1970-01-01T00:00:00.000Z</time></trkpt><trkpt lat="56.2137996" lon="84.6697169"><ele>110.3</ele><time>1970-01-01T00:00:00.000Z</time></trkpt><trkpt lat="56.2138451" lon="84.6698332"><ele>110.6</ele><time>1970-01-01T00:00:00.000Z</time></trkpt><trkpt lat="56.2138948" lon="84.6699469"><ele>111</ele><time>1970-01-01T00:00:00.000Z</time></trkpt><trkpt lat="56.2139298" lon="84.6700638"><ele>112.3</ele><time>1970-01-01T00:00:00.000Z</time></trkpt><trkpt lat="56.213968" lon="84.6701681"><ele>112.8</ele><time>1970-01-01T00:00:00.000Z</time></trkpt><trkpt lat="56.214012" lon="84.6702871"><ele>112.9</ele><time>1970-01-01T00:00:00.000Z</time></trkpt><trkpt lat="56.2140471" lon="84.670396"><ele>113</ele><time>1970-01-01T00:00:00.000Z</time></trkpt><trkpt lat="56.2140777" lon="84.6705072"><ele>113.8</ele><time>1970-01-01T00:00:00.000Z</time></trkpt><trkpt lat="56.2141249" lon="84.6706217"><ele>114.6</ele><time>1970-01-01T00:00:00.000Z</time></trkpt><trkpt lat="56.2141769" lon="84.670726"><ele>115.7</ele><time>1970-01-01T00:00:00.000Z</time></trkpt><trkpt lat="56.2142103" lon="84.6708368"><ele>117.3</ele><time>1970-01-01T00:00:00.000Z</time></trkpt><trkpt lat="56.2142498" lon="84.6709448"><ele>117</ele><time>1970-01-01T00:00:00.000Z</time></trkpt><trkpt lat="56.2142912" lon="84.6710477"><ele>117.4</ele><time>1970-01-01T00:00:00.000Z</time></trkpt><trkpt lat="56.2143272" lon="84.671143"><ele>119.2</ele><time>1970-01-01T00:00:00.000Z</time></trkpt><trkpt lat="56.2143629" lon="84.6712613"><ele>120</ele><time>1970-01-01T00:00:00.000Z</time></trkpt><trkpt lat="56.2143949" lon="84.6713735"><ele>119</ele><time>1970-01-01T00:00:00.000Z</time></trkpt><trkpt lat="56.2144277" lon="84.6714925"><ele>118.9</ele><time>1970-01-01T00:00:00.000Z</time></trkpt><trkpt lat="56.2144744" lon="84.6716105"><ele>120.5</ele><time>1970-01-01T00:00:00.000Z</time></trkpt><trkpt lat="56.2145045" lon="84.6717255"><ele>119.6</ele><time>1970-01-01T00:00:00.000Z</time></trkpt><trkpt lat="56.2145319" lon="84.6718381"><ele>117</ele><time>1970-01-01T00:00:00.000Z</time></trkpt><trkpt lat="56.2145615" lon="84.6719699"><ele>116.7</ele><time>1970-01-01T00:00:00.000Z</time></trkpt><trkpt lat="56.2145956" lon="84.6720875"><ele>115.7</ele><time>1970-01-01T00:00:00.000Z</time></trkpt><trkpt lat="56.2146461" lon="84.6721856"><ele>115.2</ele><time>1970-01-01T00:00:00.000Z</time></trkpt><trkpt lat="56.214686" lon="84.6722798"><ele>116.7</ele><time>1970-01-01T00:00:00.000Z</time></trkpt><trkpt lat="56.214725" lon="84.6723816"><ele>116.1</ele><time>1970-01-01T00:00:00.000Z</time></trkpt><trkpt lat="56.2147664" lon="84.6724907"><ele>114.7</ele><time>1970-01-01T00:00:00.000Z</time></trkpt><trkpt lat="56.214796" lon="84.6726148"><ele>114.8</ele><time>1970-01-01T00:00:00.000Z</time></trkpt><trkpt lat="56.2148285" lon="84.6727193"><ele>114.1</ele><time>1970-01-01T00:00:00.000Z</time></trkpt><trkpt lat="56.2148594" lon="84.6728384"><ele>113.2</ele><time>1970-01-01T00:00:00.000Z</time></trkpt><trkpt lat="56.2148806" lon="84.672951"><ele>111.7</ele><time>1970-01-01T00:00:00.000Z</time></trkpt><trkpt lat="56.214907" lon="84.6730653"><ele>113.9</ele><time>1970-01-01T00:00:00.000Z</time></trkpt><trkpt lat="56.2149523" lon="84.673193"><ele>113.1</ele><time>1970-01-01T00:00:00.000Z</time></trkpt><trkpt lat="56.2149942" lon="84.6733138"><ele>112.6</ele><time>1970-01-01T00:00:00.000Z</time></trkpt><trkpt lat="56.215034" lon="84.6734167"><ele>113</ele><time>1970-01-01T00:00:00.000Z</time></trkpt><trkpt lat="56.2150665" lon="84.6735417"><ele>111.9</ele><time>1970-01-01T00:00:00.000Z</time></trkpt><trkpt lat="56.2150939" lon="84.6736554"><ele>110.7</ele><time>1970-01-01T00:00:00.000Z</time></trkpt><trkpt lat="56.2151182" lon="84.6737807"><ele>110.7</ele><time>1970-01-01T00:00:00.000Z</time></trkpt><trkpt lat="56.2151387" lon="84.6739047"><ele>108.9</ele><time>1970-01-01T00:00:00.000Z</time></trkpt><trkpt lat="56.2151779" lon="84.6740136"><ele>108.6</ele><time>1970-01-01T00:00:00.000Z</time></trkpt><trkpt lat="56.215217" lon="84.6741285"><ele>109.1</ele><time>1970-01-01T00:00:00.000Z</time></trkpt><trkpt lat="56.2152624" lon="84.6742146"><ele>109.7</ele><time>1970-01-01T00:00:00.000Z</time></trkpt><trkpt lat="56.215302" lon="84.6743205"><ele>107.9</ele><time>1970-01-01T00:00:00.000Z</time></trkpt><trkpt lat="56.2153317" lon="84.6744466"><ele>108</ele><time>1970-01-01T00:00:00.000Z</time></trkpt><trkpt lat="56.2153673" lon="84.6745566"><ele>107.6</ele><time>1970-01-01T00:00:00.000Z</time></trkpt><trkpt lat="56.2154091" lon="84.6746716"><ele>107.9</ele><time>1970-01-01T00:00:00.000Z</time></trkpt><trkpt lat="56.2154446" lon="84.6747749"><ele>108.5</ele><time>1970-01-01T00:00:00.000Z</time></trkpt><trkpt lat="56.2154865" lon="84.6748962"><ele>107.1</ele><time>1970-01-01T00:00:00.000Z</time></trkpt><trkpt lat="56.2155206" lon="84.6749934"><ele>106.5</ele><time>1970-01-01T00:00:00.000Z</time></trkpt><trkpt lat="56.2155562" lon="84.6751084"><ele>107.6</ele><time>1970-01-01T00:00:00.000Z</time></trkpt><trkpt lat="56.2155833" lon="84.6752243"><ele>106</ele><time>1970-01-01T00:00:00.000Z</time></trkpt><trkpt lat="56.2156031" lon="84.6753403"><ele>105.7</ele><time>1970-01-01T00:00:00.000Z</time></trkpt><trkpt lat="56.2156447" lon="84.6754682"><ele>104.8</ele><time>1970-01-01T00:00:00.000Z</time></trkpt><trkpt lat="56.2157243" lon="84.6754867"><ele>106.9</ele><time>1970-01-01T00:00:00.000Z</time></trkpt><trkpt lat="56.2156943" lon="84.6754733"><ele>106.9</ele><time>1970-01-01T00:00:00.000Z</time></trkpt><trkpt lat="56.2156968" lon="84.6754806"><ele>106.9</ele><time>1970-01-01T00:00:00.000Z</time></trkpt><trkpt lat="56.2156959" lon="84.6754815"><ele>106</ele><time>1970-01-01T00:00:00.000Z</time></trkpt><trkpt lat="56.2156906" lon="84.6754887"><ele>106</ele><time>1970-01-01T00:00:00.000Z</time></trkpt><trkpt lat="56.2156811" lon="84.6754867"><ele>106</ele><time>1970-01-01T00:00:00.000Z</time></trkpt><trkpt lat="56.2156795" lon="84.6754867"><ele>106.1</ele><time>1970-01-01T00:00:00.000Z</time></trkpt><trkpt lat="56.2156793" lon="84.6754866"><ele>106.2</ele><time>1970-01-01T00:00:00.000Z</time></trkpt><trkpt lat="56.2156795" lon="84.6754868"><ele>106.3</ele><time>1970-01-01T00:00:00.000Z</time></trkpt><trkpt lat="56.215674" lon="84.6754842"><ele>106.5</ele><time>1970-01-01T00:00:00.000Z</time></trkpt><trkpt lat="56.2156618" lon="84.6754924"><ele>106</ele><time>1970-01-01T00:00:00.000Z</time></trkpt><trkpt lat="56.2156605" lon="84.6754991"><ele>105.4</ele><time>1970-01-01T00:00:00.000Z</time></trkpt><trkpt lat="56.215661" lon="84.6755044"><ele>105.9</ele><time>1970-01-01T00:00:00.000Z</time></trkpt><trkpt lat="56.2156657" lon="84.6755175"><ele>105.3</ele><time>1970-01-01T00:00:00.000Z</time></trkpt><trkpt lat="56.2156753" lon="84.6755611"><ele>105.3</ele><time>1970-01-01T00:00:00.000Z</time></trkpt><trkpt lat="56.2157218" lon="84.6756714"><ele>107.6</ele><time>1970-01-01T00:00:00.000Z</time></trkpt><trkpt lat="56.2157575" lon="84.6757621"><ele>107.2</ele><time>1970-01-01T00:00:00.000Z</time></trkpt><trkpt lat="56.2157945" lon="84.675859"><ele>109.1</ele><time>1970-01-01T00:00:00.000Z</time></trkpt><trkpt lat="56.2158302" lon="84.6759595"><ele>109.5</ele><time>1970-01-01T00:00:00.000Z</time></trkpt><trkpt lat="56.2158702" lon="84.6760607"><ele>110.5</ele><time>1970-01-01T00:00:00.000Z</time></trkpt><trkpt lat="56.2159158" lon="84.6761799"><ele>110.1</ele><time>1970-01-01T00:00:00.000Z</time></trkpt><trkpt lat="56.2159565" lon="84.6763017"><ele>110</ele><time>1970-01-01T00:00:00.000Z</time></trkpt><trkpt lat="56.2159791" lon="84.676412"><ele>109.7</ele><time>1970-01-01T00:00:00.000Z</time></trkpt><trkpt lat="56.2160001" lon="84.6765107"><ele>109.9</ele><time>1970-01-01T00:00:00.000Z</time></trkpt><trkpt lat="56.2160442" lon="84.6766348"><ele>108.9</ele><time>1970-01-01T00:00:00.000Z</time></trkpt><trkpt lat="56.2160724" lon="84.6767325"><ele>109.4</ele><time>1970-01-01T00:00:00.000Z</time></trkpt><trkpt lat="56.2161058" lon="84.6768413"><ele>110.5</ele><time>1970-01-01T00:00:00.000Z</time></trkpt><trkpt lat="56.2161433" lon="84.6769613"><ele>110.8</ele><time>1970-01-01T00:00:00.000Z</time></trkpt><trkpt lat="56.2161794" lon="84.6770642"><ele>110.9</ele><time>1970-01-01T00:00:00.000Z</time></trkpt><trkpt lat="56.2162235" lon="84.6771505"><ele>112</ele><time>1970-01-01T00:00:00.000Z</time></trkpt><trkpt lat="56.216261" lon="84.6772574"><ele>112.1</ele><time>1970-01-01T00:00:00.000Z</time></trkpt><trkpt lat="56.2163057" lon="84.6773838"><ele>112</ele><time>1970-01-01T00:00:00.000Z</time></trkpt><trkpt lat="56.2163461" lon="84.6774886"><ele>112.8</ele><time>1970-01-01T00:00:00.000Z</time></trkpt><trkpt lat="56.2163896" lon="84.6775985"><ele>113.1</ele><time>1970-01-01T00:00:00.000Z</time></trkpt><trkpt lat="56.2164273" lon="84.6777085"><ele>111.9</ele><time>1970-01-01T00:00:00.000Z</time></trkpt><trkpt lat="56.2164592" lon="84.6778255"><ele>110.7</ele><time>1970-01-01T00:00:00.000Z</time></trkpt><trkpt lat="56.2164962" lon="84.6779307"><ele>111</ele><time>1970-01-01T00:00:00.000Z</time></trkpt><trkpt lat="56.2165367" lon="84.6780264"><ele>110.5</ele><time>1970-01-01T00:00:00.000Z</time></trkpt><trkpt lat="56.2165805" lon="84.6781501"><ele>111.1</ele><time>1970-01-01T00:00:00.000Z</time></trkpt><trkpt lat="56.2166056" lon="84.6782688"><ele>109.6</ele><time>1970-01-01T00:00:00.000Z</time></trkpt><trkpt lat="56.2166339" lon="84.6783996"><ele>108.2</ele><time>1970-01-01T00:00:00.000Z</time></trkpt><trkpt lat="56.216671" lon="84.6785011"><ele>109.4</ele><time>1970-01-01T00:00:00.000Z</time></trkpt><trkpt lat="56.2167156" lon="84.678597"><ele>108.3</ele><time>1970-01-01T00:00:00.000Z</time></trkpt><trkpt lat="56.2167648" lon="84.6787016"><ele>110.2</ele><time>1970-01-01T00:00:00.000Z</time></trkpt><trkpt lat="56.216799" lon="84.6788024"><ele>109.4</ele><time>1970-01-01T00:00:00.000Z</time></trkpt><trkpt lat="56.2168286" lon="84.6789169"><ele>110.7</ele><time>1970-01-01T00:00:00.000Z</time></trkpt><trkpt lat="56.2168584" lon="84.6790386"><ele>111.6</ele><time>1970-01-01T00:00:00.000Z</time></trkpt><trkpt lat="56.2168803" lon="84.6791674"><ele>111.7</ele><time>1970-01-01T00:00:00.000Z</time></trkpt><trkpt lat="56.2169135" lon="84.6792794"><ele>110.7</ele><time>1970-01-01T00:00:00.000Z</time></trkpt><trkpt lat="56.2169549" lon="84.6793919"><ele>110.1</ele><time>1970-01-01T00:00:00.000Z</time></trkpt><trkpt lat="56.2169994" lon="84.6795153"><ele>110.6</ele><time>1970-01-01T00:00:00.000Z</time></trkpt><trkpt lat="56.2170399" lon="84.679625"><ele>111.5</ele><time>1970-01-01T00:00:00.000Z</time></trkpt><trkpt lat="56.2170776" lon="84.6797383"><ele>111.1</ele><time>1970-01-01T00:00:00.000Z</time></trkpt><trkpt lat="56.2171069" lon="84.679843"><ele>111.1</ele><time>1970-01-01T00:00:00.000Z</time></trkpt><trkpt lat="56.2171415" lon="84.6799562"><ele>111.4</ele><time>1970-01-01T00:00:00.000Z</time></trkpt><trkpt lat="56.2171754" lon="84.6800668"><ele>110.5</ele><time>1970-01-01T00:00:00.000Z</time></trkpt><trkpt lat="56.2172169" lon="84.6801792"><ele>112.3</ele><time>1970-01-01T00:00:00.000Z</time></trkpt><trkpt lat="56.2172506" lon="84.6803131"><ele>112.6</ele><time>1970-01-01T00:00:00.000Z</time></trkpt><trkpt lat="56.217284" lon="84.6804163"><ele>112.5</ele><time>1970-01-01T00:00:00.000Z</time></trkpt><trkpt lat="56.2173288" lon="84.6805215"><ele>111.7</ele><time>1970-01-01T00:00:00.000Z</time></trkpt><trkpt lat="56.2173717" lon="84.6806362"><ele>112.4</ele><time>1970-01-01T00:00:00.000Z</time></trkpt><trkpt lat="56.2174058" lon="84.6807393"><ele>110.7</ele><time>1970-01-01T00:00:00.000Z</time></trkpt><trkpt lat="56.2174334" lon="84.6808426"><ele>111.1</ele><time>1970-01-01T00:00:00.000Z</time></trkpt><trkpt lat="56.2174702" lon="84.6809711"><ele>110.1</ele><time>1970-01-01T00:00:00.000Z</time></trkpt><trkpt lat="56.2174929" lon="84.6810815"><ele>111.5</ele><time>1970-01-01T00:00:00.000Z</time></trkpt><trkpt lat="56.217533" lon="84.6811878"><ele>112.7</ele><time>1970-01-01T00:00:00.000Z</time></trkpt><trkpt lat="56.2175753" lon="84.6813127"><ele>110.6</ele><time>1970-01-01T00:00:00.000Z</time></trkpt><trkpt lat="56.2176111" lon="84.6814333"><ele>110.4</ele><time>1970-01-01T00:00:00.000Z</time></trkpt><trkpt lat="56.2176509" lon="84.6815309"><ele>110.3</ele><time>1970-01-01T00:00:00.000Z</time></trkpt><trkpt lat="56.217695" lon="84.6816596"><ele>111.3</ele><time>1970-01-01T00:00:00.000Z</time></trkpt><trkpt lat="56.2177229" lon="84.6817611"><ele>113.7</ele><time>1970-01-01T00:00:00.000Z</time></trkpt><trkpt lat="56.2177567" lon="84.6818841"><ele>113.3</ele><time>1970-01-01T00:00:00.000Z</time></trkpt><trkpt lat="56.2177994" lon="84.6820026"><ele>115.3</ele><time>1970-01-01T00:00:00.000Z</time></trkpt><trkpt lat="56.2178355" lon="84.6820977"><ele>114.6</ele><time>1970-01-01T00:00:00.000Z</time></trkpt><trkpt lat="56.2178656" lon="84.6822162"><ele>114.3</ele><time>1970-01-01T00:00:00.000Z</time></trkpt><trkpt lat="56.217899" lon="84.6823236"><ele>115.7</ele><time>1970-01-01T00:00:00.000Z</time></trkpt><trkpt lat="56.2179403" lon="84.6824261"><ele>115.4</ele><time>1970-01-01T00:00:00.000Z</time></trkpt><trkpt lat="56.2179866" lon="84.6825343"><ele>114.9</ele><time>1970-01-01T00:00:00.000Z</time></trkpt><trkpt lat="56.2180349" lon="84.6826156"><ele>116.7</ele><time>1970-01-01T00:00:00.000Z</time></trkpt><trkpt lat="56.2180795" lon="84.6827125"><ele>114.8</ele><time>1970-01-01T00:00:00.000Z</time></trkpt><trkpt lat="56.2181155" lon="84.6828172"><ele>113.3</ele><time>1970-01-01T00:00:00.000Z</time></trkpt><trkpt lat="56.2181625" lon="84.6829246"><ele>112.6</ele><time>1970-01-01T00:00:00.000Z</time></trkpt><trkpt lat="56.2182055" lon="84.6830244"><ele>111.4</ele><time>1970-01-01T00:00:00.000Z</time></trkpt><trkpt lat="56.2182391" lon="84.6831271"><ele>111</ele><time>1970-01-01T00:00:00.000Z</time></trkpt><trkpt lat="56.2182827" lon="84.6832276"><ele>111.1</ele><time>1970-01-01T00:00:00.000Z</time></trkpt><trkpt lat="56.2183296" lon="84.6833411"><ele>110.5</ele><time>1970-01-01T00:00:00.000Z</time></trkpt><trkpt lat="56.2183683" lon="84.6834529"><ele>110.2</ele><time>1970-01-01T00:00:00.000Z</time></trkpt><trkpt lat="56.2184033" lon="84.6835591"><ele>110.4</ele><time>1970-01-01T00:00:00.000Z</time></trkpt><trkpt lat="56.2184427" lon="84.6836528"><ele>109.4</ele><time>1970-01-01T00:00:00.000Z</time></trkpt><trkpt lat="56.2184905" lon="84.6837482"><ele>108.7</ele><time>1970-01-01T00:00:00.000Z</time></trkpt><trkpt lat="56.2185365" lon="84.6838371"><ele>108.7</ele><time>1970-01-01T00:00:00.000Z</time></trkpt><trkpt lat="56.2185771" lon="84.6839368"><ele>107.9</ele><time>1970-01-01T00:00:00.000Z</time></trkpt><trkpt lat="56.2186044" lon="84.6840317"><ele>108.7</ele><time>1970-01-01T00:00:00.000Z</time></trkpt><trkpt lat="56.2186507" lon="84.6841475"><ele>109.5</ele><time>1970-01-01T00:00:00.000Z</time></trkpt><trkpt lat="56.2187029" lon="84.6842371"><ele>109.8</ele><time>1970-01-01T00:00:00.000Z</time></trkpt><trkpt lat="56.2187671" lon="84.6843535"><ele>111</ele><time>1970-01-01T00:00:00.000Z</time></trkpt><trkpt lat="56.2188172" lon="84.6844721"><ele>112.3</ele><time>1970-01-01T00:00:00.000Z</time></trkpt><trkpt lat="56.2188547" lon="84.68458"><ele>112</ele><time>1970-01-01T00:00:00.000Z</time></trkpt><trkpt lat="56.2188977" lon="84.6846869"><ele>111.4</ele><time>1970-01-01T00:00:00.000Z</time></trkpt><trkpt lat="56.2189303" lon="84.6847917"><ele>110.2</ele><time>1970-01-01T00:00:00.000Z</time></trkpt><trkpt lat="56.218966" lon="84.6848864"><ele>110.1</ele><time>1970-01-01T00:00:00.000Z</time></trkpt><trkpt lat="56.2190215" lon="84.6849794"><ele>108.8</ele><time>1970-01-01T00:00:00.000Z</time></trkpt><trkpt lat="56.2190621" lon="84.6850695"><ele>109.6</ele><time>1970-01-01T00:00:00.000Z</time></trkpt><trkpt lat="56.2191103" lon="84.6851796"><ele>108.5</ele><time>1970-01-01T00:00:00.000Z</time></trkpt><trkpt lat="56.2191662" lon="84.6852875"><ele>108.4</ele><time>1970-01-01T00:00:00.000Z</time></trkpt><trkpt lat="56.2192188" lon="84.6853864"><ele>108.2</ele><time>1970-01-01T00:00:00.000Z</time></trkpt><trkpt lat="56.2192704" lon="84.6854679"><ele>108.8</ele><time>1970-01-01T00:00:00.000Z</time></trkpt><trkpt lat="56.2193236" lon="84.6855574"><ele>109.9</ele><time>1970-01-01T00:00:00.000Z</time></trkpt><trkpt lat="56.2193674" lon="84.6856634"><ele>109.7</ele><time>1970-01-01T00:00:00.000Z</time></trkpt><trkpt lat="56.2194122" lon="84.6857793"><ele>109.3</ele><time>1970-01-01T00:00:00.000Z</time></trkpt><trkpt lat="56.219458" lon="84.6858915"><ele>109.5</ele><time>1970-01-01T00:00:00.000Z</time></trkpt><trkpt lat="56.219506" lon="84.6859896"><ele>110.6</ele><time>1970-01-01T00:00:00.000Z</time></trkpt><trkpt lat="56.2195481" lon="84.6860941"><ele>110.7</ele><time>1970-01-01T00:00:00.000Z</time></trkpt><trkpt lat="56.2195824" lon="84.6862175"><ele>110</ele><time>1970-01-01T00:00:00.000Z</time></trkpt><trkpt lat="56.2196226" lon="84.6863211"><ele>110.3</ele><time>1970-01-01T00:00:00.000Z</time></trkpt><trkpt lat="56.2196718" lon="84.6864253"><ele>109.8</ele><time>1970-01-01T00:00:00.000Z</time></trkpt><trkpt lat="56.2197195" lon="84.6865412"><ele>110.7</ele><time>1970-01-01T00:00:00.000Z</time></trkpt><trkpt lat="56.2197613" lon="84.6866672"><ele>112</ele><time>1970-01-01T00:00:00.000Z</time></trkpt><trkpt lat="56.2198114" lon="84.6867676"><ele>112.9</ele><time>1970-01-01T00:00:00.000Z</time></trkpt><trkpt lat="56.2198512" lon="84.6868676"><ele>113.3</ele><time>1970-01-01T00:00:00.000Z</time></trkpt><trkpt lat="56.2198854" lon="84.6869815"><ele>113.8</ele><time>1970-01-01T00:00:00.000Z</time></trkpt><trkpt lat="56.2199298" lon="84.6870941"><ele>113.9</ele><time>1970-01-01T00:00:00.000Z</time></trkpt><trkpt lat="56.2199805" lon="84.6871914"><ele>113.8</ele><time>1970-01-01T00:00:00.000Z</time></trkpt><trkpt lat="56.2200323" lon="84.6872968"><ele>113.6</ele><time>1970-01-01T00:00:00.000Z</time></trkpt><trkpt lat="56.2200744" lon="84.687401"><ele>114.8</ele><time>1970-01-01T00:00:00.000Z</time></trkpt><trkpt lat="56.2201174" lon="84.6874963"><ele>114.2</ele><time>1970-01-01T00:00:00.000Z</time></trkpt><trkpt lat="56.2201699" lon="84.6875945"><ele>113.9</ele><time>1970-01-01T00:00:00.000Z</time></trkpt><trkpt lat="56.2202221" lon="84.6876952"><ele>114.4</ele><time>1970-01-01T00:00:00.000Z</time></trkpt><trkpt lat="56.2202541" lon="84.6878016"><ele>113.8</ele><time>1970-01-01T00:00:00.000Z</time></trkpt><trkpt lat="56.2203023" lon="84.6878993"><ele>113.8</ele><time>1970-01-01T00:00:00.000Z</time></trkpt><trkpt lat="56.2203404" lon="84.6879946"><ele>113.1</ele><time>1970-01-01T00:00:00.000Z</time></trkpt><trkpt lat="56.2203797" lon="84.6881035"><ele>112.2</ele><time>1970-01-01T00:00:00.000Z</time></trkpt><trkpt lat="56.2204099" lon="84.6882089"><ele>111.8</ele><time>1970-01-01T00:00:00.000Z</time></trkpt><trkpt lat="56.220449" lon="84.6883054"><ele>110.4</ele><time>1970-01-01T00:00:00.000Z</time></trkpt><trkpt lat="56.2204914" lon="84.6884245"><ele>110.9</ele><time>1970-01-01T00:00:00.000Z</time></trkpt><trkpt lat="56.2205279" lon="84.688529"><ele>110.5</ele><time>1970-01-01T00:00:00.000Z</time></trkpt><trkpt lat="56.2205631" lon="84.688628"><ele>111</ele><time>1970-01-01T00:00:00.000Z</time></trkpt><trkpt lat="56.2206111" lon="84.6887347"><ele>111.8</ele><time>1970-01-01T00:00:00.000Z</time></trkpt><trkpt lat="56.2206545" lon="84.6888608"><ele>112</ele><time>1970-01-01T00:00:00.000Z</time></trkpt><trkpt lat="56.220687" lon="84.6889583"><ele>112.5</ele><time>1970-01-01T00:00:00.000Z</time></trkpt><trkpt lat="56.220732" lon="84.689058"><ele>113.3</ele><time>1970-01-01T00:00:00.000Z</time></trkpt><trkpt lat="56.2207864" lon="84.6891717"><ele>113.6</ele><time>1970-01-01T00:00:00.000Z</time></trkpt><trkpt lat="56.2208265" lon="84.689265"><ele>113.2</ele><time>1970-01-01T00:00:00.000Z</time></trkpt><trkpt lat="56.2208629" lon="84.6893723"><ele>111.7</ele><time>1970-01-01T00:00:00.000Z</time></trkpt><trkpt lat="56.2208927" lon="84.6894709"><ele>110.7</ele><time>1970-01-01T00:00:00.000Z</time></trkpt><trkpt lat="56.2209361" lon="84.6895731"><ele>111.1</ele><time>1970-01-01T00:00:00.000Z</time></trkpt><trkpt lat="56.2209784" lon="84.6896742"><ele>110.1</ele><time>1970-01-01T00:00:00.000Z</time></trkpt><trkpt lat="56.2210156" lon="84.6897771"><ele>110.1</ele><time>1970-01-01T00:00:00.000Z</time></trkpt><trkpt lat="56.2210497" lon="84.6898963"><ele>110.2</ele><time>1970-01-01T00:00:00.000Z</time></trkpt><trkpt lat="56.2211007" lon="84.6900088"><ele>109.6</ele><time>1970-01-01T00:00:00.000Z</time></trkpt><trkpt lat="56.2211574" lon="84.6901072"><ele>110</ele><time>1970-01-01T00:00:00.000Z</time></trkpt><trkpt lat="56.2211968" lon="84.6901985"><ele>108.5</ele><time>1970-01-01T00:00:00.000Z</time></trkpt><trkpt lat="56.2212359" lon="84.6903027"><ele>107.9</ele><time>1970-01-01T00:00:00.000Z</time></trkpt><trkpt lat="56.2212743" lon="84.6904045"><ele>107.6</ele><time>1970-01-01T00:00:00.000Z</time></trkpt><trkpt lat="56.221325" lon="84.6904915"><ele>109.1</ele><time>1970-01-01T00:00:00.000Z</time></trkpt><trkpt lat="56.2213714" lon="84.6905816"><ele>108.3</ele><time>1970-01-01T00:00:00.000Z</time></trkpt><trkpt lat="56.2214237" lon="84.6907072"><ele>108.4</ele><time>1970-01-01T00:00:00.000Z</time></trkpt><trkpt lat="56.221469" lon="84.6908011"><ele>108.5</ele><time>1970-01-01T00:00:00.000Z</time></trkpt><trkpt lat="56.2215172" lon="84.6909095"><ele>109.4</ele><time>1970-01-01T00:00:00.000Z</time></trkpt><trkpt lat="56.2215659" lon="84.6909846"><ele>111.1</ele><time>1970-01-01T00:00:00.000Z</time></trkpt><trkpt lat="56.2216202" lon="84.6910896"><ele>112.1</ele><time>1970-01-01T00:00:00.000Z</time></trkpt><trkpt lat="56.2216507" lon="84.6911927"><ele>112</ele><time>1970-01-01T00:00:00.000Z</time></trkpt><trkpt lat="56.2216976" lon="84.691306"><ele>112.3</ele><time>1970-01-01T00:00:00.000Z</time></trkpt><trkpt lat="56.2217505" lon="84.6914096"><ele>114</ele><time>1970-01-01T00:00:00.000Z</time></trkpt><trkpt lat="56.2217947" lon="84.6915085"><ele>112</ele><time>1970-01-01T00:00:00.000Z</time></trkpt><trkpt lat="56.2218448" lon="84.6916068"><ele>112.5</ele><time>1970-01-01T00:00:00.000Z</time></trkpt><trkpt lat="56.2218932" lon="84.6917035"><ele>112.8</ele><time>1970-01-01T00:00:00.000Z</time></trkpt><trkpt lat="56.2219242" lon="84.6918189"><ele>113.2</ele><time>1970-01-01T00:00:00.000Z</time></trkpt><trkpt lat="56.2219628" lon="84.6919317"><ele>111.3</ele><time>1970-01-01T00:00:00.000Z</time></trkpt><trkpt lat="56.2220002" lon="84.6920195"><ele>110.9</ele><time>1970-01-01T00:00:00.000Z</time></trkpt><trkpt lat="56.2220441" lon="84.6921017"><ele>111.4</ele><time>1970-01-01T00:00:00.000Z</time></trkpt><trkpt lat="56.2220775" lon="84.6921905"><ele>112.3</ele><time>1970-01-01T00:00:00.000Z</time></trkpt><trkpt lat="56.2221179" lon="84.6923245"><ele>112.1</ele><time>1970-01-01T00:00:00.000Z</time></trkpt><trkpt lat="56.222154" lon="84.6924416"><ele>111.4</ele><time>1970-01-01T00:00:00.000Z</time></trkpt><trkpt lat="56.2222016" lon="84.6925486"><ele>111.8</ele><time>1970-01-01T00:00:00.000Z</time></trkpt><trkpt lat="56.2222522" lon="84.6926622"><ele>111.2</ele><time>1970-01-01T00:00:00.000Z</time></trkpt><trkpt lat="56.2223004" lon="84.6927583"><ele>112.2</ele><time>1970-01-01T00:00:00.000Z</time></trkpt><trkpt lat="56.2223517" lon="84.6928545"><ele>113</ele><time>1970-01-01T00:00:00.000Z</time></trkpt><trkpt lat="56.2224005" lon="84.6929543"><ele>113.3</ele><time>1970-01-01T00:00:00.000Z</time></trkpt><trkpt lat="56.2224394" lon="84.6930557"><ele>111.7</ele><time>1970-01-01T00:00:00.000Z</time></trkpt><trkpt lat="56.2224824" lon="84.6931474"><ele>113.5</ele><time>1970-01-01T00:00:00.000Z</time></trkpt><trkpt lat="56.2225188" lon="84.6932709"><ele>113.3</ele><time>1970-01-01T00:00:00.000Z</time></trkpt><trkpt lat="56.2225606" lon="84.6933736"><ele>113.9</ele><time>1970-01-01T00:00:00.000Z</time></trkpt><trkpt lat="56.2226044" lon="84.6934511"><ele>113.6</ele><time>1970-01-01T00:00:00.000Z</time></trkpt><trkpt lat="56.2226484" lon="84.693539"><ele>112.6</ele><time>1970-01-01T00:00:00.000Z</time></trkpt><trkpt lat="56.2226832" lon="84.6936348"><ele>113</ele><time>1970-01-01T00:00:00.000Z</time></trkpt><trkpt lat="56.2227254" lon="84.6937464"><ele>112.9</ele><time>1970-01-01T00:00:00.000Z</time></trkpt><trkpt lat="56.2227703" lon="84.6938548"><ele>112.7</ele><time>1970-01-01T00:00:00.000Z</time></trkpt><trkpt lat="56.2228122" lon="84.6939611"><ele>111.8</ele><time>1970-01-01T00:00:00.000Z</time></trkpt><trkpt lat="56.2228552" lon="84.6940608"><ele>111.5</ele><time>1970-01-01T00:00:00.000Z</time></trkpt><trkpt lat="56.2228964" lon="84.694154"><ele>110.6</ele><time>1970-01-01T00:00:00.000Z</time></trkpt><trkpt lat="56.2229273" lon="84.6942573"><ele>110</ele><time>1970-01-01T00:00:00.000Z</time></trkpt><trkpt lat="56.2229567" lon="84.6943569"><ele>111.4</ele><time>1970-01-01T00:00:00.000Z</time></trkpt><trkpt lat="56.2229883" lon="84.6944637"><ele>111</ele><time>1970-01-01T00:00:00.000Z</time></trkpt><trkpt lat="56.2230212" lon="84.6945395"><ele>111</ele><time>1970-01-01T00:00:00.000Z</time></trkpt><trkpt lat="56.2230785" lon="84.694635"><ele>110.9</ele><time>1970-01-01T00:00:00.000Z</time></trkpt><trkpt lat="56.2231367" lon="84.6947028"><ele>111.1</ele><time>1970-01-01T00:00:00.000Z</time></trkpt><trkpt lat="56.2231972" lon="84.6948121"><ele>111.1</ele><time>1970-01-01T00:00:00.000Z</time></trkpt><trkpt lat="56.2232329" lon="84.6949172"><ele>112.3</ele><time>1970-01-01T00:00:00.000Z</time></trkpt><trkpt lat="56.223266" lon="84.6950279"><ele>110.5</ele><time>1970-01-01T00:00:00.000Z</time></trkpt><trkpt lat="56.2233008" lon="84.6951307"><ele>109.2</ele><time>1970-01-01T00:00:00.000Z</time></trkpt><trkpt lat="56.2233366" lon="84.6952184"><ele>109.2</ele><time>1970-01-01T00:00:00.000Z</time></trkpt><trkpt lat="56.2233756" lon="84.6953063"><ele>109.1</ele><time>1970-01-01T00:00:00.000Z</time></trkpt><trkpt lat="56.2234168" lon="84.695397"><ele>108.7</ele><time>1970-01-01T00:00:00.000Z</time></trkpt><trkpt lat="56.2234547" lon="84.6955023"><ele>108.9</ele><time>1970-01-01T00:00:00.000Z</time></trkpt><trkpt lat="56.223496" lon="84.6956034"><ele>108.6</ele><time>1970-01-01T00:00:00.000Z</time></trkpt><trkpt lat="56.2235316" lon="84.6956846"><ele>108.1</ele><time>1970-01-01T00:00:00.000Z</time></trkpt><trkpt lat="56.2235734" lon="84.6957798"><ele>107.5</ele><time>1970-01-01T00:00:00.000Z</time></trkpt><trkpt lat="56.223628" lon="84.6958762"><ele>108.7</ele><time>1970-01-01T00:00:00.000Z</time></trkpt><trkpt lat="56.2236725" lon="84.6959652"><ele>108.8</ele><time>1970-01-01T00:00:00.000Z</time></trkpt><trkpt lat="56.2236981" lon="84.6960953"><ele>108.3</ele><time>1970-01-01T00:00:00.000Z</time></trkpt><trkpt lat="56.2237339" lon="84.6962052"><ele>107</ele><time>1970-01-01T00:00:00.000Z</time></trkpt><trkpt lat="56.223785" lon="84.6962948"><ele>107.7</ele><time>1970-01-01T00:00:00.000Z</time></trkpt><trkpt lat="56.2238375" lon="84.6963936"><ele>108.2</ele><time>1970-01-01T00:00:00.000Z</time></trkpt><trkpt lat="56.2238779" lon="84.6965306"><ele>108.8</ele><time>1970-01-01T00:00:00.000Z</time></trkpt><trkpt lat="56.223914" lon="84.6966427"><ele>109.2</ele><time>1970-01-01T00:00:00.000Z</time></trkpt><trkpt lat="56.2239585" lon="84.6967231"><ele>110.8</ele><time>1970-01-01T00:00:00.000Z</time></trkpt><trkpt lat="56.2240269" lon="84.6968054"><ele>112.7</ele><time>1970-01-01T00:00:00.000Z</time></trkpt><trkpt lat="56.2240883" lon="84.6968839"><ele>113.8</ele><time>1970-01-01T00:00:00.000Z</time></trkpt><trkpt lat="56.2241258" lon="84.6970024"><ele>115.8</ele><time>1970-01-01T00:00:00.000Z</time></trkpt><trkpt lat="56.2241558" lon="84.6971042"><ele>114.9</ele><time>1970-01-01T00:00:00.000Z</time></trkpt><trkpt lat="56.2241903" lon="84.6972129"><ele>114.4</ele><time>1970-01-01T00:00:00.000Z</time></trkpt><trkpt lat="56.2242364" lon="84.6973083"><ele>115.2</ele><time>1970-01-01T00:00:00.000Z</time></trkpt><trkpt lat="56.2242799" lon="84.6974206"><ele>114.9</ele><time>1970-01-01T00:00:00.000Z</time></trkpt><trkpt lat="56.2243166" lon="84.6975214"><ele>115.1</ele><time>1970-01-01T00:00:00.000Z</time></trkpt><trkpt lat="56.2243522" lon="84.6976275"><ele>113.2</ele><time>1970-01-01T00:00:00.000Z</time></trkpt><trkpt lat="56.2243912" lon="84.6977472"><ele>113.5</ele><time>1970-01-01T00:00:00.000Z</time></trkpt><trkpt lat="56.2244329" lon="84.6978489"><ele>112.2</ele><time>1970-01-01T00:00:00.000Z</time></trkpt><trkpt lat="56.2244845" lon="84.6979391"><ele>113.2</ele><time>1970-01-01T00:00:00.000Z</time></trkpt><trkpt lat="56.2245298" lon="84.6980221"><ele>113.8</ele><time>1970-01-01T00:00:00.000Z</time></trkpt><trkpt lat="56.2245737" lon="84.6981198"><ele>113.6</ele><time>1970-01-01T00:00:00.000Z</time></trkpt><trkpt lat="56.2245867" lon="84.6981115"><ele>115.1</ele><time>1970-01-01T00:00:00.000Z</time></trkpt><trkpt lat="56.2245814" lon="84.6981012"><ele>113.8</ele><time>1970-01-01T00:00:00.000Z</time></trkpt><trkpt lat="56.2245588" lon="84.6980486"><ele>110</ele><time>1970-01-01T00:00:00.000Z</time></trkpt><trkpt lat="56.224555" lon="84.6980202"><ele>111.5</ele><time>1970-01-01T00:00:00.000Z</time></trkpt><trkpt lat="56.2245479" lon="84.6979989"><ele>111.5</ele><time>1970-01-01T00:00:00.000Z</time></trkpt><trkpt lat="56.2245464" lon="84.6979916"><ele>111.5</ele><time>1970-01-01T00:00:00.000Z</time></trkpt><trkpt lat="56.2245422" lon="84.697991"><ele>111.1</ele><time>1970-01-01T00:00:00.000Z</time></trkpt><trkpt lat="56.2245412" lon="84.697988"><ele>110.9</ele><time>1970-01-01T00:00:00.000Z</time></trkpt><trkpt lat="56.2245408" lon="84.6979823"><ele>110.8</ele><time>1970-01-01T00:00:00.000Z</time></trkpt><trkpt lat="56.2245373" lon="84.6979682"><ele>108.1</ele><time>1970-01-01T00:00:00.000Z</time></trkpt><trkpt lat="56.2244419" lon="84.6978383"><ele>102.3</ele><time>1970-01-01T00:00:00.000Z</time></trkpt><trkpt lat="56.2243779" lon="84.6977823"><ele>100.7</ele><time>1970-01-01T00:00:00.000Z</time></trkpt><trkpt lat="56.2243242" lon="84.6978089"><ele>98.6</ele><time>1970-01-01T00:00:00.000Z</time></trkpt><trkpt lat="56.224249" lon="84.6977212"><ele>99.5</ele><time>1970-01-01T00:00:00.000Z</time></trkpt><trkpt lat="56.2241916" lon="84.6977699"><ele>92.4</ele><time>1970-01-01T00:00:00.000Z</time></trkpt><trkpt lat="56.2241588" lon="84.697801"><ele>91.1</ele><time>1970-01-01T00:00:00.000Z</time></trkpt><trkpt lat="56.2241201" lon="84.6978533"><ele>92</ele><time>1970-01-01T00:00:00.000Z</time></trkpt><trkpt lat="56.2241386" lon="84.697872"><ele>93.5</ele><time>1970-01-01T00:00:00.000Z</time></trkpt><trkpt lat="56.2241474" lon="84.697861"><ele>93.5</ele><time>1970-01-01T00:00:00.000Z</time></trkpt><trkpt lat="56.2241606" lon="84.6978714"><ele>94.5</ele><time>1970-01-01T00:00:00.000Z</time></trkpt><trkpt lat="56.2241872" lon="84.6978906"><ele>96.3</ele><time>1970-01-01T00:00:00.000Z</time></trkpt><trkpt lat="56.2242131" lon="84.6979084"><ele>97.3</ele><time>1970-01-01T00:00:00.000Z</time></trkpt><trkpt lat="56.2242152" lon="84.6979043"><ele>97.3</ele><time>1970-01-01T00:00:00.000Z</time></trkpt><trkpt lat="56.2242162" lon="84.6978964"><ele>97.4</ele><time>1970-01-01T00:00:00.000Z</time></trkpt><trkpt lat="56.224221" lon="84.6978987"><ele>97.4</ele><time>1970-01-01T00:00:00.000Z</time></trkpt><trkpt lat="56.2242227" lon="84.6978894"><ele>98.6</ele><time>1970-01-01T00:00:00.000Z</time></trkpt><trkpt lat="56.2242251" lon="84.6978838"><ele>98.6</ele><time>1970-01-01T00:00:00.000Z</time></trkpt><trkpt lat="56.2242277" lon="84.6978814"><ele>98.7</ele><time>1970-01-01T00:00:00.000Z</time></trkpt><trkpt lat="56.2242293" lon="84.6978768"><ele>99.2</ele><time>1970-01-01T00:00:00.000Z</time></trkpt><trkpt lat="56.2242292" lon="84.6978686"><ele>99.2</ele><time>1970-01-01T00:00:00.000Z</time></trkpt><trkpt lat="56.2242339" lon="84.6978572"><ele>99.5</ele><time>1970-01-01T00:00:00.000Z</time></trkpt><trkpt lat="56.2242387" lon="84.697832"><ele>100.9</ele><time>1970-01-01T00:00:00.000Z</time></trkpt><trkpt lat="56.2242391" lon="84.6978209"><ele>100.9</ele><time>1970-01-01T00:00:00.000Z</time></trkpt><trkpt lat="56.224236" lon="84.6978146"><ele>101</ele><time>1970-01-01T00:00:00.000Z</time></trkpt><trkpt lat="56.224236" lon="84.6978116"><ele>101.3</ele><time>1970-01-01T00:00:00.000Z</time></trkpt><trkpt lat="56.2242364" lon="84.6978106"><ele>101.3</ele><time>1970-01-01T00:00:00.000Z</time></trkpt><trkpt lat="56.2242628" lon="84.6977923"><ele>102.5</ele><time>1970-01-01T00:00:00.000Z</time></trkpt><trkpt lat="56.2242994" lon="84.6977391"><ele>103.2</ele><time>1970-01-01T00:00:00.000Z</time></trkpt><trkpt lat="56.2243539" lon="84.6977206"><ele>102.8</ele><time>1970-01-01T00:00:00.000Z</time></trkpt><trkpt lat="56.2244047" lon="84.6978712"><ele>102.7</ele><time>1970-01-01T00:00:00.000Z</time></trkpt><trkpt lat="56.2244309" lon="84.6980188"><ele>102.4</ele><time>1970-01-01T00:00:00.000Z</time></trkpt><trkpt lat="56.2244707" lon="84.6980745"><ele>104.2</ele><time>1970-01-01T00:00:00.000Z</time></trkpt><trkpt lat="56.2244735" lon="84.6980415"><ele>104.2</ele><time>1970-01-01T00:00:00.000Z</time></trkpt><trkpt lat="56.2244775" lon="84.6980373"><ele>104.2</ele><time>1970-01-01T00:00:00.000Z</time></trkpt><trkpt lat="56.2244803" lon="84.6980325"><ele>104.2</ele><time>1970-01-01T00:00:00.000Z</time></trkpt><trkpt lat="56.2244739" lon="84.6980203"><ele>104.2</ele><time>1970-01-01T00:00:00.000Z</time></trkpt><trkpt lat="56.2244732" lon="84.6980196"><ele>104.2</ele><time>1970-01-01T00:00:00.000Z</time></trkpt><trkpt lat="56.2244732" lon="84.6980193"><ele>104.1</ele><time>1970-01-01T00:00:00.000Z</time></trkpt><trkpt lat="56.224473" lon="84.6980165"><ele>104.2</ele><time>1970-01-01T00:00:00.000Z</time></trkpt><trkpt lat="56.224473" lon="84.6980161"><ele>104.2</ele><time>1970-01-01T00:00:00.000Z</time></trkpt><trkpt lat="56.2244708" lon="84.6980154"><ele>104.1</ele><time>1970-01-01T00:00:00.000Z</time></trkpt><trkpt lat="56.2244716" lon="84.6980172"><ele>104.1</ele><time>1970-01-01T00:00:00.000Z</time></trkpt><trkpt lat="56.2244726" lon="84.6980158"><ele>104.1</ele><time>1970-01-01T00:00:00.000Z</time></trkpt><trkpt lat="56.224473" lon="84.6980153"><ele>104.1</ele><time>1970-01-01T00:00:00.000Z</time></trkpt><trkpt lat="56.2244741" lon="84.6980195"><ele>104.3</ele><time>1970-01-01T00:00:00.000Z</time></trkpt><trkpt lat="56.224487" lon="84.6980398"><ele>104.3</ele><time>1970-01-01T00:00:00.000Z</time></trkpt><trkpt lat="56.224484" lon="84.6980377"><ele>104.3</ele><time>1970-01-01T00:00:00.000Z</time></trkpt><trkpt lat="56.2244848" lon="84.6980619"><ele>102.8</ele><time>1970-01-01T00:00:00.000Z</time></trkpt><trkpt lat="56.2244875" lon="84.6980853"><ele>102.6</ele><time>1970-01-01T00:00:00.000Z</time></trkpt><trkpt lat="56.2244873" lon="84.6980886"><ele>102.4</ele><time>1970-01-01T00:00:00.000Z</time></trkpt><trkpt lat="56.2244926" lon="84.6980906"><ele>102.6</ele><time>1970-01-01T00:00:00.000Z</time></trkpt><trkpt lat="56.224495" lon="84.6980938"><ele>102</ele><time>1970-01-01T00:00:00.000Z</time></trkpt><trkpt lat="56.2244966" lon="84.6980948"><ele>100.3</ele><time>1970-01-01T00:00:00.000Z</time></trkpt><trkpt lat="56.2244711" lon="84.6980362"><ele>100.5</ele><time>1970-01-01T00:00:00.000Z</time></trkpt><trkpt lat="56.2244394" lon="84.6980035"><ele>100.1</ele><time>1970-01-01T00:00:00.000Z</time></trkpt><trkpt lat="56.2244321" lon="84.6980088"><ele>101</ele><time>1970-01-01T00:00:00.000Z</time></trkpt><trkpt lat="56.2244345" lon="84.6980055"><ele>101.7</ele><time>1970-01-01T00:00:00.000Z</time></trkpt><trkpt lat="56.2244373" lon="84.6980088"><ele>101.8</ele><time>1970-01-01T00:00:00.000Z</time></trkpt><trkpt lat="56.224439" lon="84.6980119"><ele>101.6</ele><time>1970-01-01T00:00:00.000Z</time></trkpt><trkpt lat="56.2244381" lon="84.69801"><ele>101.6</ele><time>1970-01-01T00:00:00.000Z</time></trkpt><trkpt lat="56.2244429" lon="84.6980004"><ele>102.1</ele><time>1970-01-01T00:00:00.000Z</time></trkpt><trkpt lat="56.2244482" lon="84.6979953"><ele>102.7</ele><time>1970-01-01T00:00:00.000Z</time></trkpt><trkpt lat="56.2244478" lon="84.698"><ele>102.7</ele><time>1970-01-01T00:00:00.000Z</time></trkpt><trkpt lat="56.2244473" lon="84.6980001"><ele>102.7</ele><time>1970-01-01T00:00:00.000Z</time></trkpt><trkpt lat="56.2244509" lon="84.6980023"><ele>103</ele><time>1970-01-01T00:00:00.000Z</time></trkpt><trkpt lat="56.2244497" lon="84.6980008"><ele>102.9</ele><time>1970-01-01T00:00:00.000Z</time></trkpt><trkpt lat="56.2244491" lon="84.6980004"><ele>103</ele><time>1970-01-01T00:00:00.000Z</time></trkpt><trkpt lat="56.2244509" lon="84.6980035"><ele>103.5</ele><time>1970-01-01T00:00:00.000Z</time></trkpt><trkpt lat="56.2244561" lon="84.6979972"><ele>103.5</ele><time>1970-01-01T00:00:00.000Z</time></trkpt><trkpt lat="56.2244563" lon="84.6979975"><ele>103.5</ele><time>1970-01-01T00:00:00.000Z</time></trkpt><trkpt lat="56.2244588" lon="84.6979969"><ele>103.1</ele><time>1970-01-01T00:00:00.000Z</time></trkpt><trkpt lat="56.2244584" lon="84.6979964"><ele>103.1</ele><time>1970-01-01T00:00:00.000Z</time></trkpt><trkpt lat="56.2244585" lon="84.6979967"><ele>103.1</ele><time>1970-01-01T00:00:00.000Z</time></trkpt><trkpt lat="56.224459" lon="84.6979963"><ele>103.1</ele><time>1970-01-01T00:00:00.000Z</time></trkpt><trkpt lat="56.2244578" lon="84.6979907"><ele>102.7</ele><time>1970-01-01T00:00:00.000Z</time></trkpt><trkpt lat="56.22446" lon="84.6979989"><ele>103.1</ele><time>1970-01-01T00:00:00.000Z</time></trkpt><trkpt lat="56.2244626" lon="84.6980042"><ele>103.3</ele><time>1970-01-01T00:00:00.000Z</time></trkpt><trkpt lat="56.2244664" lon="84.6980025"><ele>103.5</ele><time>1970-01-01T00:00:00.000Z</time></trkpt><trkpt lat="56.2244662" lon="84.6980022"><ele>103.4</ele><time>1970-01-01T00:00:00.000Z</time></trkpt><trkpt lat="56.2244639" lon="84.6979997"><ele>103.3</ele><time>1970-01-01T00:00:00.000Z</time></trkpt><trkpt lat="56.224463" lon="84.6979991"><ele>103.4</ele><time>1970-01-01T00:00:00.000Z</time></trkpt><trkpt lat="56.224463" lon="84.6979995"><ele>103.3</ele><time>1970-01-01T00:00:00.000Z</time></trkpt><trkpt lat="56.2244635" lon="84.6979997"><ele>103.3</ele><time>1970-01-01T00:00:00.000Z</time></trkpt><trkpt lat="56.2244608" lon="84.6979939"><ele>103.5</ele><time>1970-01-01T00:00:00.000Z</time></trkpt><trkpt lat="56.2244564" lon="84.6979873"><ele>103.4</ele><time>1970-01-01T00:00:00.000Z</time></trkpt><trkpt lat="56.2244565" lon="84.6979875"><ele>103.4</ele><time>1970-01-01T00:00:00.000Z</time></trkpt><trkpt lat="56.224461" lon="84.6979866"><ele>103.5</ele><time>1970-01-01T00:00:00.000Z</time></trkpt><trkpt lat="56.2244569" lon="84.697988"><ele>103.3</ele><time>1970-01-01T00:00:00.000Z</time></trkpt><trkpt lat="56.2244547" lon="84.6979874"><ele>103.3</ele><time>1970-01-01T00:00:00.000Z</time></trkpt><trkpt lat="56.2244501" lon="84.6979846"><ele>103.7</ele><time>1970-01-01T00:00:00.000Z</time></trkpt><trkpt lat="56.2244509" lon="84.6979848"><ele>103.7</ele><time>1970-01-01T00:00:00.000Z</time></trkpt><trkpt lat="56.2244531" lon="84.6979842"><ele>103.8</ele><time>1970-01-01T00:00:00.000Z</time></trkpt><trkpt lat="56.2244502" lon="84.6979901"><ele>103.1</ele><time>1970-01-01T00:00:00.000Z</time></trkpt><trkpt lat="56.2244521" lon="84.6979859"><ele>103.1</ele><time>1970-01-01T00:00:00.000Z</time></trkpt><trkpt lat="56.2244528" lon="84.6979837"><ele>103.1</ele><time>1970-01-01T00:00:00.000Z</time></trkpt><trkpt lat="56.2244525" lon="84.6979852"><ele>103.1</ele><time>1970-01-01T00:00:00.000Z</time></trkpt><trkpt lat="56.2244517" lon="84.6979819"><ele>103.6</ele><time>1970-01-01T00:00:00.000Z</time></trkpt><trkpt lat="56.2244535" lon="84.6979803"><ele>103.8</ele><time>1970-01-01T00:00:00.000Z</time></trkpt><trkpt lat="56.2244525" lon="84.6979796"><ele>103.8</ele><time>1970-01-01T00:00:00.000Z</time></trkpt><trkpt lat="56.2244536" lon="84.6979829"><ele>103.9</ele><time>1970-01-01T00:00:00.000Z</time></trkpt><trkpt lat="56.2244552" lon="84.6979868"><ele>104.6</ele><time>1970-01-01T00:00:00.000Z</time></trkpt><trkpt lat="56.2244629" lon="84.6979909"><ele>104.1</ele><time>1970-01-01T00:00:00.000Z</time></trkpt><trkpt lat="56.2244556" lon="84.6979965"><ele>104.1</ele><time>1970-01-01T00:00:00.000Z</time></trkpt><trkpt lat="56.2244545" lon="84.6979981"><ele>104.1</ele><time>1970-01-01T00:00:00.000Z</time></trkpt><trkpt lat="56.2244554" lon="84.6979985"><ele>104.1</ele><time>1970-01-01T00:00:00.000Z</time></trkpt><trkpt lat="56.2244556" lon="84.6979986"><ele>104.1</ele><time>1970-01-01T00:00:00.000Z</time></trkpt><trkpt lat="56.2244815" lon="84.6980707"><ele>102.9</ele><time>1970-01-01T00:00:00.000Z</time></trkpt><trkpt lat="56.224513" lon="84.698218"><ele>102.8</ele><time>1970-01-01T00:00:00.000Z</time></trkpt><trkpt lat="56.2245573" lon="84.6983338"><ele>103.4</ele><time>1970-01-01T00:00:00.000Z</time></trkpt><trkpt lat="56.2246127" lon="84.6984256"><ele>104.9</ele><time>1970-01-01T00:00:00.000Z</time></trkpt><trkpt lat="56.2246776" lon="84.6985204"><ele>106.5</ele><time>1970-01-01T00:00:00.000Z</time></trkpt><trkpt lat="56.2247302" lon="84.6986388"><ele>106.8</ele><time>1970-01-01T00:00:00.000Z</time></trkpt><trkpt lat="56.2247729" lon="84.6987539"><ele>104.8</ele><time>1970-01-01T00:00:00.000Z</time></trkpt><trkpt lat="56.2247953" lon="84.6988623"><ele>103.3</ele><time>1970-01-01T00:00:00.000Z</time></trkpt><trkpt lat="56.2248182" lon="84.6989613"><ele>102.3</ele><time>1970-01-01T00:00:00.000Z</time></trkpt><trkpt lat="56.224854" lon="84.6990443"><ele>103.6</ele><time>1970-01-01T00:00:00.000Z</time></trkpt><trkpt lat="56.2248905" lon="84.6991353"><ele>104.2</ele><time>1970-01-01T00:00:00.000Z</time></trkpt><trkpt lat="56.2249186" lon="84.6992251"><ele>103.2</ele><time>1970-01-01T00:00:00.000Z</time></trkpt><trkpt lat="56.2249546" lon="84.6993101"><ele>102.8</ele><time>1970-01-01T00:00:00.000Z</time></trkpt><trkpt lat="56.2249999" lon="84.6994146"><ele>102.3</ele><time>1970-01-01T00:00:00.000Z</time></trkpt><trkpt lat="56.2250461" lon="84.6995285"><ele>103.6</ele><time>1970-01-01T00:00:00.000Z</time></trkpt><trkpt lat="56.2250886" lon="84.6996216"><ele>103.5</ele><time>1970-01-01T00:00:00.000Z</time></trkpt><trkpt lat="56.2251363" lon="84.6997489"><ele>102.7</ele><time>1970-01-01T00:00:00.000Z</time></trkpt><trkpt lat="56.2251881" lon="84.6998577"><ele>102.9</ele><time>1970-01-01T00:00:00.000Z</time></trkpt><trkpt lat="56.2252442" lon="84.6999485"><ele>104.5</ele><time>1970-01-01T00:00:00.000Z</time></trkpt><trkpt lat="56.2252915" lon="84.700041"><ele>104.5</ele><time>1970-01-01T00:00:00.000Z</time></trkpt><trkpt lat="56.2253299" lon="84.700139"><ele>105.3</ele><time>1970-01-01T00:00:00.000Z</time></trkpt><trkpt lat="56.2253648" lon="84.700238"><ele>104</ele><time>1970-01-01T00:00:00.000Z</time></trkpt><trkpt lat="56.2254092" lon="84.7003389"><ele>106.1</ele><time>1970-01-01T00:00:00.000Z</time></trkpt><trkpt lat="56.2254587" lon="84.7004181"><ele>105.4</ele><time>1970-01-01T00:00:00.000Z</time></trkpt><trkpt lat="56.2255013" lon="84.7005102"><ele>104.8</ele><time>1970-01-01T00:00:00.000Z</time></trkpt><trkpt lat="56.2255438" lon="84.7006233"><ele>105.1</ele><time>1970-01-01T00:00:00.000Z</time></trkpt><trkpt lat="56.2255791" lon="84.7007203"><ele>107.6</ele><time>1970-01-01T00:00:00.000Z</time></trkpt><trkpt lat="56.2256172" lon="84.7008102"><ele>107.8</ele><time>1970-01-01T00:00:00.000Z</time></trkpt><trkpt lat="56.225667" lon="84.7008821"><ele>106.4</ele><time>1970-01-01T00:00:00.000Z</time></trkpt><trkpt lat="56.2257078" lon="84.7010009"><ele>105.6</ele><time>1970-01-01T00:00:00.000Z</time></trkpt><trkpt lat="56.2257399" lon="84.7011365"><ele>105.2</ele><time>1970-01-01T00:00:00.000Z</time></trkpt><trkpt lat="56.2257726" lon="84.7012463"><ele>105.4</ele><time>1970-01-01T00:00:00.000Z</time></trkpt><trkpt lat="56.2257962" lon="84.7013563"><ele>105.2</ele><time>1970-01-01T00:00:00.000Z</time></trkpt><trkpt lat="56.2258388" lon="84.7014601"><ele>103.4</ele><time>1970-01-01T00:00:00.000Z</time></trkpt><trkpt lat="56.2258848" lon="84.7015441"><ele>102.4</ele><time>1970-01-01T00:00:00.000Z</time></trkpt><trkpt lat="56.2259277" lon="84.7016327"><ele>103.3</ele><time>1970-01-01T00:00:00.000Z</time></trkpt><trkpt lat="56.2259679" lon="84.7017188"><ele>103.5</ele><time>1970-01-01T00:00:00.000Z</time></trkpt><trkpt lat="56.2260192" lon="84.701798"><ele>102.6</ele><time>1970-01-01T00:00:00.000Z</time></trkpt><trkpt lat="56.2260664" lon="84.7018973"><ele>103.9</ele><time>1970-01-01T00:00:00.000Z</time></trkpt><trkpt lat="56.2260689" lon="84.7020054"><ele>101.2</ele><time>1970-01-01T00:00:00.000Z</time></trkpt><trkpt lat="56.2260831" lon="84.7021454"><ele>99.8</ele><time>1970-01-01T00:00:00.000Z</time></trkpt><trkpt lat="56.2261345" lon="84.702241"><ele>99.9</ele><time>1970-01-01T00:00:00.000Z</time></trkpt><trkpt lat="56.2261828" lon="84.7023223"><ele>100.7</ele><time>1970-01-01T00:00:00.000Z</time></trkpt><trkpt lat="56.22624" lon="84.7024137"><ele>101</ele><time>1970-01-01T00:00:00.000Z</time></trkpt><trkpt lat="56.2262977" lon="84.702514"><ele>100.7</ele><time>1970-01-01T00:00:00.000Z</time></trkpt><trkpt lat="56.2263331" lon="84.7026004"><ele>100.9</ele><time>1970-01-01T00:00:00.000Z</time></trkpt><trkpt lat="56.2263868" lon="84.7027213"><ele>99.3</ele><time>1970-01-01T00:00:00.000Z</time></trkpt><trkpt lat="56.2264295" lon="84.7028094"><ele>100</ele><time>1970-01-01T00:00:00.000Z</time></trkpt><trkpt lat="56.2264738" lon="84.7028934"><ele>100.6</ele><time>1970-01-01T00:00:00.000Z</time></trkpt><trkpt lat="56.2265179" lon="84.7030107"><ele>100.3</ele><time>1970-01-01T00:00:00.000Z</time></trkpt><trkpt lat="56.2265523" lon="84.7031149"><ele>100.8</ele><time>1970-01-01T00:00:00.000Z</time></trkpt><trkpt lat="56.2265919" lon="84.7032221"><ele>102</ele><time>1970-01-01T00:00:00.000Z</time></trkpt><trkpt lat="56.2266484" lon="84.7033063"><ele>103</ele><time>1970-01-01T00:00:00.000Z</time></trkpt><trkpt lat="56.2266973" lon="84.7034029"><ele>103.4</ele><time>1970-01-01T00:00:00.000Z</time></trkpt><trkpt lat="56.2267283" lon="84.7035201"><ele>104.3</ele><time>1970-01-01T00:00:00.000Z</time></trkpt><trkpt lat="56.2267697" lon="84.7036224"><ele>104.8</ele><time>1970-01-01T00:00:00.000Z</time></trkpt><trkpt lat="56.2268207" lon="84.7037207"><ele>105.1</ele><time>1970-01-01T00:00:00.000Z</time></trkpt><trkpt lat="56.2268741" lon="84.7038157"><ele>105.3</ele><time>1970-01-01T00:00:00.000Z</time></trkpt><trkpt lat="56.2269195" lon="84.7039058"><ele>106.3</ele><time>1970-01-01T00:00:00.000Z</time></trkpt><trkpt lat="56.2269644" lon="84.7040129"><ele>106.7</ele><time>1970-01-01T00:00:00.000Z</time></trkpt><trkpt lat="56.2270082" lon="84.7041013"><ele>105.8</ele><time>1970-01-01T00:00:00.000Z</time></trkpt><trkpt lat="56.2270572" lon="84.7042021"><ele>106.3</ele><time>1970-01-01T00:00:00.000Z</time></trkpt><trkpt lat="56.227097" lon="84.7043058"><ele>105.2</ele><time>1970-01-01T00:00:00.000Z</time></trkpt><trkpt lat="56.2271282" lon="84.7044015"><ele>103.8</ele><time>1970-01-01T00:00:00.000Z</time></trkpt><trkpt lat="56.2271639" lon="84.7045119"><ele>103.3</ele><time>1970-01-01T00:00:00.000Z</time></trkpt><trkpt lat="56.2272035" lon="84.7046062"><ele>101.9</ele><time>1970-01-01T00:00:00.000Z</time></trkpt><trkpt lat="56.2272362" lon="84.7047067"><ele>98.8</ele><time>1970-01-01T00:00:00.000Z</time></trkpt><trkpt lat="56.2272676" lon="84.704814"><ele>95.8</ele><time>1970-01-01T00:00:00.000Z</time></trkpt><trkpt lat="56.2272946" lon="84.7049187"><ele>93.9</ele><time>1970-01-01T00:00:00.000Z</time></trkpt><trkpt lat="56.2273418" lon="84.7050328"><ele>95.5</ele><time>1970-01-01T00:00:00.000Z</time></trkpt><trkpt lat="56.2273949" lon="84.7051321"><ele>95.5</ele><time>1970-01-01T00:00:00.000Z</time></trkpt><trkpt lat="56.2274449" lon="84.7052401"><ele>94.6</ele><time>1970-01-01T00:00:00.000Z</time></trkpt><trkpt lat="56.2274868" lon="84.7053349"><ele>94.7</ele><time>1970-01-01T00:00:00.000Z</time></trkpt><trkpt lat="56.2275366" lon="84.7054151"><ele>95.8</ele><time>1970-01-01T00:00:00.000Z</time></trkpt><trkpt lat="56.227563" lon="84.7055492"><ele>92.8</ele><time>1970-01-01T00:00:00.000Z</time></trkpt><trkpt lat="56.2275911" lon="84.7056535"><ele>92.7</ele><time>1970-01-01T00:00:00.000Z</time></trkpt><trkpt lat="56.2276497" lon="84.7057363"><ele>93.2</ele><time>1970-01-01T00:00:00.000Z</time></trkpt><trkpt lat="56.2276873" lon="84.705843"><ele>93.3</ele><time>1970-01-01T00:00:00.000Z</time></trkpt><trkpt lat="56.2277228" lon="84.705943"><ele>95.7</ele><time>1970-01-01T00:00:00.000Z</time></trkpt><trkpt lat="56.2277681" lon="84.7060418"><ele>98</ele><time>1970-01-01T00:00:00.000Z</time></trkpt><trkpt lat="56.2278131" lon="84.7061563"><ele>99.2</ele><time>1970-01-01T00:00:00.000Z</time></trkpt><trkpt lat="56.2278588" lon="84.7062528"><ele>98.8</ele><time>1970-01-01T00:00:00.000Z</time></trkpt><trkpt lat="56.2278972" lon="84.7063475"><ele>98.6</ele><time>1970-01-01T00:00:00.000Z</time></trkpt><trkpt lat="56.2279426" lon="84.706455"><ele>98.9</ele><time>1970-01-01T00:00:00.000Z</time></trkpt><trkpt lat="56.2279932" lon="84.7065725"><ele>99.6</ele><time>1970-01-01T00:00:00.000Z</time></trkpt><trkpt lat="56.22804" lon="84.7066661"><ele>98.5</ele><time>1970-01-01T00:00:00.000Z</time></trkpt><trkpt lat="56.22808" lon="84.7067746"><ele>98.6</ele><time>1970-01-01T00:00:00.000Z</time></trkpt><trkpt lat="56.2281267" lon="84.7068719"><ele>100.4</ele><time>1970-01-01T00:00:00.000Z</time></trkpt><trkpt lat="56.2281939" lon="84.7069762"><ele>100.4</ele><time>1970-01-01T00:00:00.000Z</time></trkpt><trkpt lat="56.2282429" lon="84.70706"><ele>100.1</ele><time>1970-01-01T00:00:00.000Z</time></trkpt><trkpt lat="56.2282892" lon="84.7071717"><ele>101.6</ele><time>1970-01-01T00:00:00.000Z</time></trkpt><trkpt lat="56.2283294" lon="84.7072779"><ele>101.9</ele><time>1970-01-01T00:00:00.000Z</time></trkpt><trkpt lat="56.2283723" lon="84.7073756"><ele>101.8</ele><time>1970-01-01T00:00:00.000Z</time></trkpt><trkpt lat="56.2284197" lon="84.7074607"><ele>101.9</ele><time>1970-01-01T00:00:00.000Z</time></trkpt><trkpt lat="56.2284615" lon="84.7075608"><ele>103.6</ele><time>1970-01-01T00:00:00.000Z</time></trkpt><trkpt lat="56.2285044" lon="84.7076496"><ele>104.3</ele><time>1970-01-01T00:00:00.000Z</time></trkpt><trkpt lat="56.2285509" lon="84.7077425"><ele>103.2</ele><time>1970-01-01T00:00:00.000Z</time></trkpt><trkpt lat="56.2285848" lon="84.7078533"><ele>103.5</ele><time>1970-01-01T00:00:00.000Z</time></trkpt><trkpt lat="56.2286217" lon="84.7079707"><ele>103.8</ele><time>1970-01-01T00:00:00.000Z</time></trkpt><trkpt lat="56.228686" lon="84.7080701"><ele>102.7</ele><time>1970-01-01T00:00:00.000Z</time></trkpt><trkpt lat="56.2287414" lon="84.7081856"><ele>103.1</ele><time>1970-01-01T00:00:00.000Z</time></trkpt><trkpt lat="56.2287733" lon="84.7082955"><ele>103.2</ele><time>1970-01-01T00:00:00.000Z</time></trkpt><trkpt lat="56.2287954" lon="84.7083914"><ele>105.6</ele><time>1970-01-01T00:00:00.000Z</time></trkpt><trkpt lat="56.2288267" lon="84.7084732"><ele>105.6</ele><time>1970-01-01T00:00:00.000Z</time></trkpt><trkpt lat="56.2288704" lon="84.7085356"><ele>104.5</ele><time>1970-01-01T00:00:00.000Z</time></trkpt><trkpt lat="56.2289172" lon="84.7086298"><ele>104.5</ele><time>1970-01-01T00:00:00.000Z</time></trkpt><trkpt lat="56.2289683" lon="84.7086911"><ele>105.4</ele><time>1970-01-01T00:00:00.000Z</time></trkpt><trkpt lat="56.2290246" lon="84.7087932"><ele>108.2</ele><time>1970-01-01T00:00:00.000Z</time></trkpt><trkpt lat="56.2290585" lon="84.7088849"><ele>107.3</ele><time>1970-01-01T00:00:00.000Z</time></trkpt><trkpt lat="56.229101" lon="84.7089983"><ele>106.5</ele><time>1970-01-01T00:00:00.000Z</time></trkpt><trkpt lat="56.2291292" lon="84.7090754"><ele>106.9</ele><time>1970-01-01T00:00:00.000Z</time></trkpt><trkpt lat="56.2291739" lon="84.7091647"><ele>107.2</ele><time>1970-01-01T00:00:00.000Z</time></trkpt><trkpt lat="56.2292078" lon="84.7092408"><ele>107.4</ele><time>1970-01-01T00:00:00.000Z</time></trkpt><trkpt lat="56.229242" lon="84.709335"><ele>106.7</ele><time>1970-01-01T00:00:00.000Z</time></trkpt><trkpt lat="56.2292804" lon="84.7094437"><ele>106.5</ele><time>1970-01-01T00:00:00.000Z</time></trkpt><trkpt lat="56.2293128" lon="84.7095618"><ele>105.1</ele><time>1970-01-01T00:00:00.000Z</time></trkpt><trkpt lat="56.2293443" lon="84.7096668"><ele>104.3</ele><time>1970-01-01T00:00:00.000Z</time></trkpt><trkpt lat="56.229377" lon="84.7097758"><ele>104</ele><time>1970-01-01T00:00:00.000Z</time></trkpt><trkpt lat="56.2294111" lon="84.7098641"><ele>103.2</ele><time>1970-01-01T00:00:00.000Z</time></trkpt><trkpt lat="56.2294539" lon="84.7099676"><ele>102.1</ele><time>1970-01-01T00:00:00.000Z</time></trkpt><trkpt lat="56.229487" lon="84.7100634"><ele>100.2</ele><time>1970-01-01T00:00:00.000Z</time></trkpt><trkpt lat="56.229525" lon="84.7101646"><ele>99.6</ele><time>1970-01-01T00:00:00.000Z</time></trkpt><trkpt lat="56.2295658" lon="84.7102512"><ele>100</ele><time>1970-01-01T00:00:00.000Z</time></trkpt><trkpt lat="56.2296111" lon="84.7103416"><ele>99.3</ele><time>1970-01-01T00:00:00.000Z</time></trkpt><trkpt lat="56.2296431" lon="84.7104608"><ele>99.9</ele><time>1970-01-01T00:00:00.000Z</time></trkpt><trkpt lat="56.2296761" lon="84.7105608"><ele>99.6</ele><time>1970-01-01T00:00:00.000Z</time></trkpt><trkpt lat="56.2297216" lon="84.7106714"><ele>97.4</ele><time>1970-01-01T00:00:00.000Z</time></trkpt><trkpt lat="56.2297708" lon="84.7107743"><ele>96.5</ele><time>1970-01-01T00:00:00.000Z</time></trkpt><trkpt lat="56.2298198" lon="84.7108727"><ele>95.8</ele><time>1970-01-01T00:00:00.000Z</time></trkpt><trkpt lat="56.2298643" lon="84.7109822"><ele>96.4</ele><time>1970-01-01T00:00:00.000Z</time></trkpt><trkpt lat="56.2299107" lon="84.7110727"><ele>97.5</ele><time>1970-01-01T00:00:00.000Z</time></trkpt><trkpt lat="56.2299514" lon="84.7111608"><ele>97.2</ele><time>1970-01-01T00:00:00.000Z</time></trkpt><trkpt lat="56.2299829" lon="84.7112551"><ele>97.2</ele><time>1970-01-01T00:00:00.000Z</time></trkpt><trkpt lat="56.2300314" lon="84.7113517"><ele>97.5</ele><time>1970-01-01T00:00:00.000Z</time></trkpt><trkpt lat="56.2300721" lon="84.7114321"><ele>99.8</ele><time>1970-01-01T00:00:00.000Z</time></trkpt><trkpt lat="56.2301079" lon="84.7115261"><ele>101.1</ele><time>1970-01-01T00:00:00.000Z</time></trkpt><trkpt lat="56.2301537" lon="84.7116493"><ele>100.9</ele><time>1970-01-01T00:00:00.000Z</time></trkpt><trkpt lat="56.2302035" lon="84.7117673"><ele>100.5</ele><time>1970-01-01T00:00:00.000Z</time></trkpt><trkpt lat="56.2302437" lon="84.7118801"><ele>99.8</ele><time>1970-01-01T00:00:00.000Z</time></trkpt><trkpt lat="56.2302813" lon="84.7119833"><ele>99.5</ele><time>1970-01-01T00:00:00.000Z</time></trkpt><trkpt lat="56.2303182" lon="84.7120918"><ele>99.2</ele><time>1970-01-01T00:00:00.000Z</time></trkpt><trkpt lat="56.2303622" lon="84.7121727"><ele>98</ele><time>1970-01-01T00:00:00.000Z</time></trkpt><trkpt lat="56.2303999" lon="84.7122606"><ele>97.4</ele><time>1970-01-01T00:00:00.000Z</time></trkpt><trkpt lat="56.2304394" lon="84.7123622"><ele>97.3</ele><time>1970-01-01T00:00:00.000Z</time></trkpt><trkpt lat="56.2304795" lon="84.7124832"><ele>97.4</ele><time>1970-01-01T00:00:00.000Z</time></trkpt><trkpt lat="56.2305154" lon="84.7125827"><ele>97.8</ele><time>1970-01-01T00:00:00.000Z</time></trkpt><trkpt lat="56.2305592" lon="84.7126945"><ele>96.2</ele><time>1970-01-01T00:00:00.000Z</time></trkpt><trkpt lat="56.2306197" lon="84.7127867"><ele>97.2</ele><time>1970-01-01T00:00:00.000Z</time></trkpt><trkpt lat="56.2306627" lon="84.7128638"><ele>96</ele><time>1970-01-01T00:00:00.000Z</time></trkpt><trkpt lat="56.2306806" lon="84.7129776"><ele>96.1</ele><time>1970-01-01T00:00:00.000Z</time></trkpt><trkpt lat="56.2307273" lon="84.7130874"><ele>96.2</ele><time>1970-01-01T00:00:00.000Z</time></trkpt><trkpt lat="56.2307766" lon="84.7131845"><ele>95.8</ele><time>1970-01-01T00:00:00.000Z</time></trkpt><trkpt lat="56.2308199" lon="84.7132759"><ele>96.5</ele><time>1970-01-01T00:00:00.000Z</time></trkpt><trkpt lat="56.23086" lon="84.713369"><ele>95.2</ele><time>1970-01-01T00:00:00.000Z</time></trkpt><trkpt lat="56.2309036" lon="84.7134604"><ele>95</ele><time>1970-01-01T00:00:00.000Z</time></trkpt><trkpt lat="56.2309412" lon="84.71357"><ele>95.2</ele><time>1970-01-01T00:00:00.000Z</time></trkpt><trkpt lat="56.2309845" lon="84.7136755"><ele>96.4</ele><time>1970-01-01T00:00:00.000Z</time></trkpt><trkpt lat="56.2310289" lon="84.7137737"><ele>96.4</ele><time>1970-01-01T00:00:00.000Z</time></trkpt><trkpt lat="56.2310393" lon="84.7138927"><ele>97.1</ele><time>1970-01-01T00:00:00.000Z</time></trkpt><trkpt lat="56.2310412" lon="84.7139996"><ele>95.5</ele><time>1970-01-01T00:00:00.000Z</time></trkpt><trkpt lat="56.231076" lon="84.7140503"><ele>96.1</ele><time>1970-01-01T00:00:00.000Z</time></trkpt><trkpt lat="56.2311367" lon="84.7140797"><ele>93.4</ele><time>1970-01-01T00:00:00.000Z</time></trkpt><trkpt lat="56.2311812" lon="84.7141529"><ele>92.4</ele><time>1970-01-01T00:00:00.000Z</time></trkpt><trkpt lat="56.2312217" lon="84.7142735"><ele>92.2</ele><time>1970-01-01T00:00:00.000Z</time></trkpt><trkpt lat="56.2312569" lon="84.7143811"><ele>91.6</ele><time>1970-01-01T00:00:00.000Z</time></trkpt><trkpt lat="56.2312906" lon="84.7144685"><ele>90.4</ele><time>1970-01-01T00:00:00.000Z</time></trkpt><trkpt lat="56.2313305" lon="84.7145694"><ele>89.7</ele><time>1970-01-01T00:00:00.000Z</time></trkpt><trkpt lat="56.2313702" lon="84.714671"><ele>91</ele><time>1970-01-01T00:00:00.000Z</time></trkpt><trkpt lat="56.2314141" lon="84.7147764"><ele>91.4</ele><time>1970-01-01T00:00:00.000Z</time></trkpt><trkpt lat="56.231463" lon="84.7148691"><ele>91.4</ele><time>1970-01-01T00:00:00.000Z</time></trkpt><trkpt lat="56.2315089" lon="84.7149759"><ele>92.3</ele><time>1970-01-01T00:00:00.000Z</time></trkpt><trkpt lat="56.2315551" lon="84.7151058"><ele>91.7</ele><time>1970-01-01T00:00:00.000Z</time></trkpt><trkpt lat="56.2315874" lon="84.7152003"><ele>91.4</ele><time>1970-01-01T00:00:00.000Z</time></trkpt><trkpt lat="56.2316268" lon="84.7153089"><ele>91.5</ele><time>1970-01-01T00:00:00.000Z</time></trkpt><trkpt lat="56.2316608" lon="84.7154061"><ele>91.2</ele><time>1970-01-01T00:00:00.000Z</time></trkpt><trkpt lat="56.2316986" lon="84.7155041"><ele>90.3</ele><time>1970-01-01T00:00:00.000Z</time></trkpt><trkpt lat="56.2317367" lon="84.7155946"><ele>91.2</ele><time>1970-01-01T00:00:00.000Z</time></trkpt><trkpt lat="56.2317889" lon="84.7157014"><ele>92.4</ele><time>1970-01-01T00:00:00.000Z</time></trkpt><trkpt lat="56.2318369" lon="84.7158182"><ele>91.9</ele><time>1970-01-01T00:00:00.000Z</time></trkpt><trkpt lat="56.2318792" lon="84.7159145"><ele>91.3</ele><time>1970-01-01T00:00:00.000Z</time></trkpt><trkpt lat="56.2319258" lon="84.7160249"><ele>91.5</ele><time>1970-01-01T00:00:00.000Z</time></trkpt><trkpt lat="56.2319673" lon="84.7161208"><ele>90.3</ele><time>1970-01-01T00:00:00.000Z</time></trkpt><trkpt lat="56.232009" lon="84.7162373"><ele>89.4</ele><time>1970-01-01T00:00:00.000Z</time></trkpt><trkpt lat="56.2320427" lon="84.7163403"><ele>88</ele><time>1970-01-01T00:00:00.000Z</time></trkpt><trkpt lat="56.2321019" lon="84.7164575"><ele>88.3</ele><time>1970-01-01T00:00:00.000Z</time></trkpt><trkpt lat="56.232149" lon="84.7165439"><ele>88.2</ele><time>1970-01-01T00:00:00.000Z</time></trkpt><trkpt lat="56.2321873" lon="84.7166465"><ele>89.1</ele><time>1970-01-01T00:00:00.000Z</time></trkpt><trkpt lat="56.2322332" lon="84.7167574"><ele>88.6</ele><time>1970-01-01T00:00:00.000Z</time></trkpt><trkpt lat="56.2322926" lon="84.7168512"><ele>89.5</ele><time>1970-01-01T00:00:00.000Z</time></trkpt><trkpt lat="56.2323418" lon="84.7169503"><ele>89</ele><time>1970-01-01T00:00:00.000Z</time></trkpt><trkpt lat="56.2323814" lon="84.7170602"><ele>87.8</ele><time>1970-01-01T00:00:00.000Z</time></trkpt><trkpt lat="56.2324188" lon="84.7171555"><ele>87.8</ele><time>1970-01-01T00:00:00.000Z</time></trkpt><trkpt lat="56.2324652" lon="84.7172542"><ele>90.2</ele><time>1970-01-01T00:00:00.000Z</time></trkpt><trkpt lat="56.232513" lon="84.7173568"><ele>90.1</ele><time>1970-01-01T00:00:00.000Z</time></trkpt><trkpt lat="56.2325493" lon="84.7174708"><ele>89.4</ele><time>1970-01-01T00:00:00.000Z</time></trkpt><trkpt lat="56.2325905" lon="84.717565"><ele>90.1</ele><time>1970-01-01T00:00:00.000Z</time></trkpt><trkpt lat="56.2326443" lon="84.7176644"><ele>89.8</ele><time>1970-01-01T00:00:00.000Z</time></trkpt><trkpt lat="56.2327034" lon="84.7177676"><ele>89.8</ele><time>1970-01-01T00:00:00.000Z</time></trkpt><trkpt lat="56.2327443" lon="84.7178703"><ele>90.9</ele><time>1970-01-01T00:00:00.000Z</time></trkpt><trkpt lat="56.2327861" lon="84.7179651"><ele>91.7</ele><time>1970-01-01T00:00:00.000Z</time></trkpt><trkpt lat="56.2328438" lon="84.7180646"><ele>93.3</ele><time>1970-01-01T00:00:00.000Z</time></trkpt><trkpt lat="56.2328916" lon="84.7181627"><ele>94.6</ele><time>1970-01-01T00:00:00.000Z</time></trkpt><trkpt lat="56.2329416" lon="84.7182645"><ele>94.3</ele><time>1970-01-01T00:00:00.000Z</time></trkpt><trkpt lat="56.2329729" lon="84.7183718"><ele>92.7</ele><time>1970-01-01T00:00:00.000Z</time></trkpt><trkpt lat="56.2330087" lon="84.71847"><ele>92</ele><time>1970-01-01T00:00:00.000Z</time></trkpt><trkpt lat="56.2330446" lon="84.7185785"><ele>92.4</ele><time>1970-01-01T00:00:00.000Z</time></trkpt><trkpt lat="56.2330844" lon="84.7186865"><ele>91.2</ele><time>1970-01-01T00:00:00.000Z</time></trkpt><trkpt lat="56.2331236" lon="84.7187859"><ele>90.9</ele><time>1970-01-01T00:00:00.000Z</time></trkpt><trkpt lat="56.2331564" lon="84.7188868"><ele>91.6</ele><time>1970-01-01T00:00:00.000Z</time></trkpt><trkpt lat="56.2331933" lon="84.7188925"><ele>91.3</ele><time>1970-01-01T00:00:00.000Z</time></trkpt><trkpt lat="56.2331963" lon="84.7188935"><ele>91.9</ele><time>1970-01-01T00:00:00.000Z</time></trkpt><trkpt lat="56.2331968" lon="84.7189041"><ele>94.9</ele><time>1970-01-01T00:00:00.000Z</time></trkpt><trkpt lat="56.2332035" lon="84.7188872"><ele>94.6</ele><time>1970-01-01T00:00:00.000Z</time></trkpt><trkpt lat="56.2332103" lon="84.7188757"><ele>95.3</ele><time>1970-01-01T00:00:00.000Z</time></trkpt><trkpt lat="56.2332295" lon="84.7189403"><ele>96.6</ele><time>1970-01-01T00:00:00.000Z</time></trkpt><trkpt lat="56.2332764" lon="84.7190974"><ele>98</ele><time>1970-01-01T00:00:00.000Z</time></trkpt><trkpt lat="56.2333032" lon="84.7192085"><ele>98.5</ele><time>1970-01-01T00:00:00.000Z</time></trkpt><trkpt lat="56.2333492" lon="84.7193204"><ele>97.1</ele><time>1970-01-01T00:00:00.000Z</time></trkpt><trkpt lat="56.2333967" lon="84.7194615"><ele>95.9</ele><time>1970-01-01T00:00:00.000Z</time></trkpt><trkpt lat="56.2334455" lon="84.7195953"><ele>95.8</ele><time>1970-01-01T00:00:00.000Z</time></trkpt><trkpt lat="56.2334971" lon="84.7197008"><ele>94.8</ele><time>1970-01-01T00:00:00.000Z</time></trkpt><trkpt lat="56.2335355" lon="84.7198219"><ele>95.6</ele><time>1970-01-01T00:00:00.000Z</time></trkpt><trkpt lat="56.2335761" lon="84.719938"><ele>95.3</ele><time>1970-01-01T00:00:00.000Z</time></trkpt><trkpt lat="56.2336159" lon="84.7200427"><ele>95.6</ele><time>1970-01-01T00:00:00.000Z</time></trkpt><trkpt lat="56.2336706" lon="84.720142"><ele>95</ele><time>1970-01-01T00:00:00.000Z</time></trkpt><trkpt lat="56.2337189" lon="84.7202386"><ele>93.1</ele><time>1970-01-01T00:00:00.000Z</time></trkpt><trkpt lat="56.2337691" lon="84.7203348"><ele>91.8</ele><time>1970-01-01T00:00:00.000Z</time></trkpt><trkpt lat="56.2338367" lon="84.7204178"><ele>91.3</ele><time>1970-01-01T00:00:00.000Z</time></trkpt><trkpt lat="56.23391" lon="84.7204754"><ele>90.6</ele><time>1970-01-01T00:00:00.000Z</time></trkpt><trkpt lat="56.2339893" lon="84.7205316"><ele>91.2</ele><time>1970-01-01T00:00:00.000Z</time></trkpt><trkpt lat="56.2340627" lon="84.7206001"><ele>90.5</ele><time>1970-01-01T00:00:00.000Z</time></trkpt><trkpt lat="56.2341396" lon="84.7206535"><ele>90.8</ele><time>1970-01-01T00:00:00.000Z</time></trkpt><trkpt lat="56.234213" lon="84.7207152"><ele>91.3</ele><time>1970-01-01T00:00:00.000Z</time></trkpt><trkpt lat="56.2342758" lon="84.7207683"><ele>90.9</ele><time>1970-01-01T00:00:00.000Z</time></trkpt><trkpt lat="56.2343303" lon="84.7208307"><ele>90</ele><time>1970-01-01T00:00:00.000Z</time></trkpt><trkpt lat="56.2343896" lon="84.7208831"><ele>90.3</ele><time>1970-01-01T00:00:00.000Z</time></trkpt><trkpt lat="56.2344598" lon="84.7209417"><ele>89.6</ele><time>1970-01-01T00:00:00.000Z</time></trkpt><trkpt lat="56.2345239" lon="84.721001"><ele>90</ele><time>1970-01-01T00:00:00.000Z</time></trkpt><trkpt lat="56.2345911" lon="84.7210585"><ele>88.6</ele><time>1970-01-01T00:00:00.000Z</time></trkpt><trkpt lat="56.234656" lon="84.7211088"><ele>89</ele><time>1970-01-01T00:00:00.000Z</time></trkpt><trkpt lat="56.2347338" lon="84.7211577"><ele>88.2</ele><time>1970-01-01T00:00:00.000Z</time></trkpt><trkpt lat="56.2347896" lon="84.7211947"><ele>88.5</ele><time>1970-01-01T00:00:00.000Z</time></trkpt><trkpt lat="56.2348726" lon="84.7212667"><ele>87.3</ele><time>1970-01-01T00:00:00.000Z</time></trkpt><trkpt lat="56.2349429" lon="84.7213397"><ele>86.9</ele><time>1970-01-01T00:00:00.000Z</time></trkpt><trkpt lat="56.2350174" lon="84.7213835"><ele>86.7</ele><time>1970-01-01T00:00:00.000Z</time></trkpt><trkpt lat="56.2350855" lon="84.7214026"><ele>87.1</ele><time>1970-01-01T00:00:00.000Z</time></trkpt><trkpt lat="56.2351496" lon="84.7214497"><ele>88.3</ele><time>1970-01-01T00:00:00.000Z</time></trkpt><trkpt lat="56.2352152" lon="84.7215002"><ele>89.6</ele><time>1970-01-01T00:00:00.000Z</time></trkpt><trkpt lat="56.2352808" lon="84.7214994"><ele>91.5</ele><time>1970-01-01T00:00:00.000Z</time></trkpt><trkpt lat="56.2353507" lon="84.7214711"><ele>91.6</ele><time>1970-01-01T00:00:00.000Z</time></trkpt><trkpt lat="56.235433" lon="84.7214295"><ele>93.1</ele><time>1970-01-01T00:00:00.000Z</time></trkpt><trkpt lat="56.2355003" lon="84.7213803"><ele>93.2</ele><time>1970-01-01T00:00:00.000Z</time></trkpt><trkpt lat="56.2355729" lon="84.7213236"><ele>92.5</ele><time>1970-01-01T00:00:00.000Z</time></trkpt><trkpt lat="56.2356339" lon="84.7212837"><ele>92.5</ele><time>1970-01-01T00:00:00.000Z</time></trkpt><trkpt lat="56.2357097" lon="84.7212754"><ele>93.3</ele><time>1970-01-01T00:00:00.000Z</time></trkpt><trkpt lat="56.2357715" lon="84.7212985"><ele>93.7</ele><time>1970-01-01T00:00:00.000Z</time></trkpt><trkpt lat="56.2358264" lon="84.7213795"><ele>94</ele><time>1970-01-01T00:00:00.000Z</time></trkpt><trkpt lat="56.235856" lon="84.7214909"><ele>94.2</ele><time>1970-01-01T00:00:00.000Z</time></trkpt><trkpt lat="56.235891" lon="84.7215757"><ele>95.9</ele><time>1970-01-01T00:00:00.000Z</time></trkpt><trkpt lat="56.2359317" lon="84.7216747"><ele>96.2</ele><time>1970-01-01T00:00:00.000Z</time></trkpt><trkpt lat="56.235977" lon="84.7217544"><ele>96</ele><time>1970-01-01T00:00:00.000Z</time></trkpt><trkpt lat="56.2360184" lon="84.721847"><ele>94.5</ele><time>1970-01-01T00:00:00.000Z</time></trkpt><trkpt lat="56.2360589" lon="84.7219228"><ele>92.9</ele><time>1970-01-01T00:00:00.000Z</time></trkpt><trkpt lat="56.2360993" lon="84.722018"><ele>92.5</ele><time>1970-01-01T00:00:00.000Z</time></trkpt><trkpt lat="56.236144" lon="84.7221047"><ele>92.1</ele><time>1970-01-01T00:00:00.000Z</time></trkpt><trkpt lat="56.2361962" lon="84.7222152"><ele>92.5</ele><time>1970-01-01T00:00:00.000Z</time></trkpt><trkpt lat="56.2362354" lon="84.7223012"><ele>92.2</ele><time>1970-01-01T00:00:00.000Z</time></trkpt><trkpt lat="56.2362807" lon="84.7223854"><ele>91.8</ele><time>1970-01-01T00:00:00.000Z</time></trkpt><trkpt lat="56.2363228" lon="84.7224712"><ele>91.8</ele><time>1970-01-01T00:00:00.000Z</time></trkpt><trkpt lat="56.2363724" lon="84.7225743"><ele>92</ele><time>1970-01-01T00:00:00.000Z</time></trkpt><trkpt lat="56.2364177" lon="84.7226684"><ele>91.8</ele><time>1970-01-01T00:00:00.000Z</time></trkpt><trkpt lat="56.2364602" lon="84.7227823"><ele>90.7</ele><time>1970-01-01T00:00:00.000Z</time></trkpt><trkpt lat="56.2364987" lon="84.7228493"><ele>90.1</ele><time>1970-01-01T00:00:00.000Z</time></trkpt><trkpt lat="56.2365388" lon="84.7229504"><ele>90.2</ele><time>1970-01-01T00:00:00.000Z</time></trkpt><trkpt lat="56.2365773" lon="84.7230736"><ele>91.3</ele><time>1970-01-01T00:00:00.000Z</time></trkpt><trkpt lat="56.2366089" lon="84.723179"><ele>91.3</ele><time>1970-01-01T00:00:00.000Z</time></trkpt><trkpt lat="56.2366407" lon="84.7232898"><ele>91.5</ele><time>1970-01-01T00:00:00.000Z</time></trkpt><trkpt lat="56.2366847" lon="84.7234107"><ele>92.4</ele><time>1970-01-01T00:00:00.000Z</time></trkpt><trkpt lat="56.236733" lon="84.7234902"><ele>92.8</ele><time>1970-01-01T00:00:00.000Z</time></trkpt><trkpt lat="56.2367878" lon="84.7235896"><ele>93.1</ele><time>1970-01-01T00:00:00.000Z</time></trkpt><trkpt lat="56.2368244" lon="84.7236749"><ele>92.5</ele><time>1970-01-01T00:00:00.000Z</time></trkpt><trkpt lat="56.2368601" lon="84.7237574"><ele>94</ele><time>1970-01-01T00:00:00.000Z</time></trkpt><trkpt lat="56.2369033" lon="84.7238396"><ele>94.6</ele><time>1970-01-01T00:00:00.000Z</time></trkpt><trkpt lat="56.2369565" lon="84.7239195"><ele>94.3</ele><time>1970-01-01T00:00:00.000Z</time></trkpt><trkpt lat="56.2369988" lon="84.7240556"><ele>94.2</ele><time>1970-01-01T00:00:00.000Z</time></trkpt><trkpt lat="56.2370269" lon="84.7241701"><ele>95.1</ele><time>1970-01-01T00:00:00.000Z</time></trkpt><trkpt lat="56.237058" lon="84.7242606"><ele>97.7</ele><time>1970-01-01T00:00:00.000Z</time></trkpt><trkpt lat="56.2370878" lon="84.7243581"><ele>97.4</ele><time>1970-01-01T00:00:00.000Z</time></trkpt><trkpt lat="56.2371239" lon="84.7244553"><ele>97.7</ele><time>1970-01-01T00:00:00.000Z</time></trkpt><trkpt lat="56.2371459" lon="84.7245443"><ele>96.9</ele><time>1970-01-01T00:00:00.000Z</time></trkpt><trkpt lat="56.2371931" lon="84.7246448"><ele>98.5</ele><time>1970-01-01T00:00:00.000Z</time></trkpt><trkpt lat="56.2372426" lon="84.7247431"><ele>98.6</ele><time>1970-01-01T00:00:00.000Z</time></trkpt><trkpt lat="56.237291" lon="84.724847"><ele>99.4</ele><time>1970-01-01T00:00:00.000Z</time></trkpt><trkpt lat="56.237345" lon="84.7249457"><ele>100.3</ele><time>1970-01-01T00:00:00.000Z</time></trkpt><trkpt lat="56.237393" lon="84.7250502"><ele>98.8</ele><time>1970-01-01T00:00:00.000Z</time></trkpt><trkpt lat="56.237441" lon="84.7251603"><ele>97.9</ele><time>1970-01-01T00:00:00.000Z</time></trkpt><trkpt lat="56.2374871" lon="84.725243"><ele>97.3</ele><time>1970-01-01T00:00:00.000Z</time></trkpt><trkpt lat="56.2375322" lon="84.7253396"><ele>97.1</ele><time>1970-01-01T00:00:00.000Z</time></trkpt><trkpt lat="56.2375846" lon="84.7254398"><ele>97.1</ele><time>1970-01-01T00:00:00.000Z</time></trkpt><trkpt lat="56.2376372" lon="84.7255386"><ele>96.2</ele><time>1970-01-01T00:00:00.000Z</time></trkpt><trkpt lat="56.2376752" lon="84.7256382"><ele>95.1</ele><time>1970-01-01T00:00:00.000Z</time></trkpt><trkpt lat="56.2377219" lon="84.7257464"><ele>94.7</ele><time>1970-01-01T00:00:00.000Z</time></trkpt><trkpt lat="56.2377663" lon="84.7258566"><ele>93.3</ele><time>1970-01-01T00:00:00.000Z</time></trkpt><trkpt lat="56.2378048" lon="84.7259635"><ele>93.5</ele><time>1970-01-01T00:00:00.000Z</time></trkpt><trkpt lat="56.2378523" lon="84.7260664"><ele>92.2</ele><time>1970-01-01T00:00:00.000Z</time></trkpt><trkpt lat="56.2378997" lon="84.7261599"><ele>92.4</ele><time>1970-01-01T00:00:00.000Z</time></trkpt><trkpt lat="56.2379423" lon="84.7262413"><ele>92.8</ele><time>1970-01-01T00:00:00.000Z</time></trkpt><trkpt lat="56.2379779" lon="84.7263371"><ele>91.9</ele><time>1970-01-01T00:00:00.000Z</time></trkpt><trkpt lat="56.2380171" lon="84.7264339"><ele>92.6</ele><time>1970-01-01T00:00:00.000Z</time></trkpt><trkpt lat="56.2380626" lon="84.7265314"><ele>91.4</ele><time>1970-01-01T00:00:00.000Z</time></trkpt><trkpt lat="56.2381094" lon="84.7266455"><ele>90.6</ele><time>1970-01-01T00:00:00.000Z</time></trkpt><trkpt lat="56.2381464" lon="84.7267436"><ele>90.9</ele><time>1970-01-01T00:00:00.000Z</time></trkpt><trkpt lat="56.238187" lon="84.7268712"><ele>91</ele><time>1970-01-01T00:00:00.000Z</time></trkpt><trkpt lat="56.2382282" lon="84.7269778"><ele>91.8</ele><time>1970-01-01T00:00:00.000Z</time></trkpt><trkpt lat="56.23828" lon="84.7270693"><ele>92.8</ele><time>1970-01-01T00:00:00.000Z</time></trkpt><trkpt lat="56.2383315" lon="84.7271486"><ele>92.8</ele><time>1970-01-01T00:00:00.000Z</time></trkpt><trkpt lat="56.2383881" lon="84.7272438"><ele>93.1</ele><time>1970-01-01T00:00:00.000Z</time></trkpt><trkpt lat="56.238431" lon="84.7273357"><ele>92.6</ele><time>1970-01-01T00:00:00.000Z</time></trkpt><trkpt lat="56.2384867" lon="84.7274309"><ele>92.4</ele><time>1970-01-01T00:00:00.000Z</time></trkpt><trkpt lat="56.2385289" lon="84.7275235"><ele>93.1</ele><time>1970-01-01T00:00:00.000Z</time></trkpt><trkpt lat="56.2385657" lon="84.7276159"><ele>92.4</ele><time>1970-01-01T00:00:00.000Z</time></trkpt><trkpt lat="56.2386046" lon="84.7277123"><ele>92.4</ele><time>1970-01-01T00:00:00.000Z</time></trkpt><trkpt lat="56.2386543" lon="84.7278026"><ele>93.3</ele><time>1970-01-01T00:00:00.000Z</time></trkpt><trkpt lat="56.2387153" lon="84.7278906"><ele>94.6</ele><time>1970-01-01T00:00:00.000Z</time></trkpt><trkpt lat="56.238764" lon="84.7279713"><ele>95.8</ele><time>1970-01-01T00:00:00.000Z</time></trkpt><trkpt lat="56.2388035" lon="84.7280659"><ele>97.3</ele><time>1970-01-01T00:00:00.000Z</time></trkpt><trkpt lat="56.2388342" lon="84.7281672"><ele>96.6</ele><time>1970-01-01T00:00:00.000Z</time></trkpt><trkpt lat="56.2388723" lon="84.7282704"><ele>96.1</ele><time>1970-01-01T00:00:00.000Z</time></trkpt><trkpt lat="56.2389219" lon="84.7283122"><ele>97.2</ele><time>1970-01-01T00:00:00.000Z</time></trkpt><trkpt lat="56.2389676" lon="84.728372"><ele>97.8</ele><time>1970-01-01T00:00:00.000Z</time></trkpt><trkpt lat="56.2390185" lon="84.7284626"><ele>96.6</ele><time>1970-01-01T00:00:00.000Z</time></trkpt><trkpt lat="56.2390626" lon="84.7285767"><ele>96.5</ele><time>1970-01-01T00:00:00.000Z</time></trkpt><trkpt lat="56.2390999" lon="84.728662"><ele>96.3</ele><time>1970-01-01T00:00:00.000Z</time></trkpt><trkpt lat="56.2391381" lon="84.7287751"><ele>95.1</ele><time>1970-01-01T00:00:00.000Z</time></trkpt><trkpt lat="56.239164" lon="84.7288868"><ele>94.6</ele><time>1970-01-01T00:00:00.000Z</time></trkpt><trkpt lat="56.2392025" lon="84.728979"><ele>94.4</ele><time>1970-01-01T00:00:00.000Z</time></trkpt><trkpt lat="56.2392458" lon="84.729072"><ele>95.7</ele><time>1970-01-01T00:00:00.000Z</time></trkpt><trkpt lat="56.2392889" lon="84.7291698"><ele>95.1</ele><time>1970-01-01T00:00:00.000Z</time></trkpt><trkpt lat="56.2393268" lon="84.7292784"><ele>94.6</ele><time>1970-01-01T00:00:00.000Z</time></trkpt><trkpt lat="56.23937" lon="84.7293958"><ele>95</ele><time>1970-01-01T00:00:00.000Z</time></trkpt><trkpt lat="56.2394123" lon="84.7295117"><ele>95.1</ele><time>1970-01-01T00:00:00.000Z</time></trkpt><trkpt lat="56.2394586" lon="84.729605"><ele>95.6</ele><time>1970-01-01T00:00:00.000Z</time></trkpt><trkpt lat="56.2395077" lon="84.7297178"><ele>95.8</ele><time>1970-01-01T00:00:00.000Z</time></trkpt><trkpt lat="56.239541" lon="84.7298182"><ele>95.1</ele><time>1970-01-01T00:00:00.000Z</time></trkpt><trkpt lat="56.2395832" lon="84.7299319"><ele>94.6</ele><time>1970-01-01T00:00:00.000Z</time></trkpt><trkpt lat="56.2396275" lon="84.7300278"><ele>92.9</ele><time>1970-01-01T00:00:00.000Z</time></trkpt><trkpt lat="56.2396633" lon="84.7301361"><ele>93.5</ele><time>1970-01-01T00:00:00.000Z</time></trkpt><trkpt lat="56.2397039" lon="84.7302502"><ele>92.8</ele><time>1970-01-01T00:00:00.000Z</time></trkpt><trkpt lat="56.2397456" lon="84.7303536"><ele>92.7</ele><time>1970-01-01T00:00:00.000Z</time></trkpt><trkpt lat="56.2397859" lon="84.7304615"><ele>93.2</ele><time>1970-01-01T00:00:00.000Z</time></trkpt><trkpt lat="56.2398467" lon="84.7305996"><ele>92.9</ele><time>1970-01-01T00:00:00.000Z</time></trkpt><trkpt lat="56.2399045" lon="84.7307213"><ele>94</ele><time>1970-01-01T00:00:00.000Z</time></trkpt><trkpt lat="56.2399599" lon="84.7308149"><ele>94.8</ele><time>1970-01-01T00:00:00.000Z</time></trkpt><trkpt lat="56.2400053" lon="84.7309249"><ele>94.9</ele><time>1970-01-01T00:00:00.000Z</time></trkpt><trkpt lat="56.240051" lon="84.7310152"><ele>95.1</ele><time>1970-01-01T00:00:00.000Z</time></trkpt><trkpt lat="56.2400921" lon="84.7311134"><ele>94.4</ele><time>1970-01-01T00:00:00.000Z</time></trkpt><trkpt lat="56.2401129" lon="84.7312305"><ele>95.1</ele><time>1970-01-01T00:00:00.000Z</time></trkpt><trkpt lat="56.2401332" lon="84.731344"><ele>96</ele><time>1970-01-01T00:00:00.000Z</time></trkpt><trkpt lat="56.2401625" lon="84.7314471"><ele>96</ele><time>1970-01-01T00:00:00.000Z</time></trkpt><trkpt lat="56.2402029" lon="84.7315698"><ele>95.2</ele><time>1970-01-01T00:00:00.000Z</time></trkpt><trkpt lat="56.2402498" lon="84.7316665"><ele>94.6</ele><time>1970-01-01T00:00:00.000Z</time></trkpt><trkpt lat="56.2402905" lon="84.7317655"><ele>94.2</ele><time>1970-01-01T00:00:00.000Z</time></trkpt><trkpt lat="56.2403389" lon="84.7318923"><ele>95.5</ele><time>1970-01-01T00:00:00.000Z</time></trkpt><trkpt lat="56.2403742" lon="84.7319751"><ele>94.9</ele><time>1970-01-01T00:00:00.000Z</time></trkpt><trkpt lat="56.2404165" lon="84.732103"><ele>95.4</ele><time>1970-01-01T00:00:00.000Z</time></trkpt><trkpt lat="56.2404617" lon="84.732206"><ele>95.7</ele><time>1970-01-01T00:00:00.000Z</time></trkpt><trkpt lat="56.2405039" lon="84.73229"><ele>96.3</ele><time>1970-01-01T00:00:00.000Z</time></trkpt><trkpt lat="56.2405474" lon="84.7323866"><ele>96.6</ele><time>1970-01-01T00:00:00.000Z</time></trkpt><trkpt lat="56.2405828" lon="84.7325112"><ele>97</ele><time>1970-01-01T00:00:00.000Z</time></trkpt><trkpt lat="56.240632" lon="84.7326277"><ele>96.6</ele><time>1970-01-01T00:00:00.000Z</time></trkpt><trkpt lat="56.2406874" lon="84.7327409"><ele>96.5</ele><time>1970-01-01T00:00:00.000Z</time></trkpt><trkpt lat="56.2407334" lon="84.7328559"><ele>96.1</ele><time>1970-01-01T00:00:00.000Z</time></trkpt><trkpt lat="56.2407758" lon="84.7329781"><ele>95.8</ele><time>1970-01-01T00:00:00.000Z</time></trkpt><trkpt lat="56.240822" lon="84.7330857"><ele>97.1</ele><time>1970-01-01T00:00:00.000Z</time></trkpt><trkpt lat="56.240864" lon="84.7331812"><ele>97.5</ele><time>1970-01-01T00:00:00.000Z</time></trkpt><trkpt lat="56.2409073" lon="84.7332727"><ele>97.3</ele><time>1970-01-01T00:00:00.000Z</time></trkpt><trkpt lat="56.2409478" lon="84.7333798"><ele>97.7</ele><time>1970-01-01T00:00:00.000Z</time></trkpt><trkpt lat="56.2409819" lon="84.7334799"><ele>97.6</ele><time>1970-01-01T00:00:00.000Z</time></trkpt><trkpt lat="56.2410204" lon="84.7335856"><ele>97.9</ele><time>1970-01-01T00:00:00.000Z</time></trkpt><trkpt lat="56.2410585" lon="84.7336954"><ele>97.7</ele><time>1970-01-01T00:00:00.000Z</time></trkpt><trkpt lat="56.2410971" lon="84.7338159"><ele>97</ele><time>1970-01-01T00:00:00.000Z</time></trkpt><trkpt lat="56.2411357" lon="84.7339112"><ele>96.8</ele><time>1970-01-01T00:00:00.000Z</time></trkpt><trkpt lat="56.2411846" lon="84.7340309"><ele>96.5</ele><time>1970-01-01T00:00:00.000Z</time></trkpt><trkpt lat="56.2412209" lon="84.7341268"><ele>96.8</ele><time>1970-01-01T00:00:00.000Z</time></trkpt><trkpt lat="56.2412608" lon="84.7342503"><ele>97</ele><time>1970-01-01T00:00:00.000Z</time></trkpt><trkpt lat="56.2412947" lon="84.7343607"><ele>96.9</ele><time>1970-01-01T00:00:00.000Z</time></trkpt><trkpt lat="56.2413292" lon="84.7344681"><ele>97.6</ele><time>1970-01-01T00:00:00.000Z</time></trkpt><trkpt lat="56.2413621" lon="84.734578"><ele>97.1</ele><time>1970-01-01T00:00:00.000Z</time></trkpt><trkpt lat="56.2413875" lon="84.7346881"><ele>96.8</ele><time>1970-01-01T00:00:00.000Z</time></trkpt><trkpt lat="56.241418" lon="84.7348111"><ele>97.9</ele><time>1970-01-01T00:00:00.000Z</time></trkpt><trkpt lat="56.241458" lon="84.7349122"><ele>98</ele><time>1970-01-01T00:00:00.000Z</time></trkpt><trkpt lat="56.2415089" lon="84.7350165"><ele>97.9</ele><time>1970-01-01T00:00:00.000Z</time></trkpt><trkpt lat="56.2415442" lon="84.7351225"><ele>98</ele><time>1970-01-01T00:00:00.000Z</time></trkpt><trkpt lat="56.2415823" lon="84.7352185"><ele>97</ele><time>1970-01-01T00:00:00.000Z</time></trkpt><trkpt lat="56.2416317" lon="84.7353259"><ele>97.3</ele><time>1970-01-01T00:00:00.000Z</time></trkpt><trkpt lat="56.2416715" lon="84.7354299"><ele>97.4</ele><time>1970-01-01T00:00:00.000Z</time></trkpt><trkpt lat="56.2417177" lon="84.7355322"><ele>96.6</ele><time>1970-01-01T00:00:00.000Z</time></trkpt><trkpt lat="56.2417593" lon="84.7356439"><ele>96.2</ele><time>1970-01-01T00:00:00.000Z</time></trkpt><trkpt lat="56.2418009" lon="84.7357391"><ele>96.7</ele><time>1970-01-01T00:00:00.000Z</time></trkpt><trkpt lat="56.241849" lon="84.7358446"><ele>97.5</ele><time>1970-01-01T00:00:00.000Z</time></trkpt><trkpt lat="56.2418915" lon="84.7359405"><ele>98</ele><time>1970-01-01T00:00:00.000Z</time></trkpt><trkpt lat="56.241931" lon="84.7360441"><ele>96.9</ele><time>1970-01-01T00:00:00.000Z</time></trkpt><trkpt lat="56.2419642" lon="84.7361481"><ele>96.6</ele><time>1970-01-01T00:00:00.000Z</time></trkpt><trkpt lat="56.241997" lon="84.7362571"><ele>97.2</ele><time>1970-01-01T00:00:00.000Z</time></trkpt><trkpt lat="56.2420349" lon="84.7363636"><ele>98</ele><time>1970-01-01T00:00:00.000Z</time></trkpt><trkpt lat="56.2420747" lon="84.7364596"><ele>98.1</ele><time>1970-01-01T00:00:00.000Z</time></trkpt><trkpt lat="56.2421125" lon="84.7365591"><ele>98.3</ele><time>1970-01-01T00:00:00.000Z</time></trkpt><trkpt lat="56.2421491" lon="84.7366829"><ele>97.9</ele><time>1970-01-01T00:00:00.000Z</time></trkpt><trkpt lat="56.2421868" lon="84.7367815"><ele>97.5</ele><time>1970-01-01T00:00:00.000Z</time></trkpt><trkpt lat="56.2422223" lon="84.7368847"><ele>97.6</ele><time>1970-01-01T00:00:00.000Z</time></trkpt><trkpt lat="56.2422514" lon="84.7369889"><ele>96.4</ele><time>1970-01-01T00:00:00.000Z</time></trkpt><trkpt lat="56.242283" lon="84.7370964"><ele>96</ele><time>1970-01-01T00:00:00.000Z</time></trkpt><trkpt lat="56.2423267" lon="84.7372342"><ele>95.9</ele><time>1970-01-01T00:00:00.000Z</time></trkpt><trkpt lat="56.242378" lon="84.7373376"><ele>96.5</ele><time>1970-01-01T00:00:00.000Z</time></trkpt><trkpt lat="56.2424086" lon="84.7374204"><ele>96</ele><time>1970-01-01T00:00:00.000Z</time></trkpt><trkpt lat="56.242431" lon="84.7375219"><ele>96.6</ele><time>1970-01-01T00:00:00.000Z</time></trkpt><trkpt lat="56.2424618" lon="84.737621"><ele>96.3</ele><time>1970-01-01T00:00:00.000Z</time></trkpt><trkpt lat="56.2424994" lon="84.7377586"><ele>97.3</ele><time>1970-01-01T00:00:00.000Z</time></trkpt><trkpt lat="56.2425328" lon="84.7378581"><ele>97</ele><time>1970-01-01T00:00:00.000Z</time></trkpt><trkpt lat="56.2425576" lon="84.7379593"><ele>96.6</ele><time>1970-01-01T00:00:00.000Z</time></trkpt><trkpt lat="56.242588" lon="84.7380654"><ele>95.9</ele><time>1970-01-01T00:00:00.000Z</time></trkpt><trkpt lat="56.2426182" lon="84.7381632"><ele>95.9</ele><time>1970-01-01T00:00:00.000Z</time></trkpt><trkpt lat="56.2426484" lon="84.738261"><ele>95.6</ele><time>1970-01-01T00:00:00.000Z</time></trkpt><trkpt lat="56.2426822" lon="84.7383705"><ele>94.9</ele><time>1970-01-01T00:00:00.000Z</time></trkpt><trkpt lat="56.2427112" lon="84.7384694"><ele>94.4</ele><time>1970-01-01T00:00:00.000Z</time></trkpt><trkpt lat="56.2427404" lon="84.7385742"><ele>94</ele><time>1970-01-01T00:00:00.000Z</time></trkpt><trkpt lat="56.2427694" lon="84.7387018"><ele>93.7</ele><time>1970-01-01T00:00:00.000Z</time></trkpt><trkpt lat="56.2427911" lon="84.7388089"><ele>93.3</ele><time>1970-01-01T00:00:00.000Z</time></trkpt><trkpt lat="56.2428051" lon="84.7389144"><ele>94.1</ele><time>1970-01-01T00:00:00.000Z</time></trkpt><trkpt lat="56.2428301" lon="84.7390089"><ele>93.2</ele><time>1970-01-01T00:00:00.000Z</time></trkpt><trkpt lat="56.2429015" lon="84.7391046"><ele>93.9</ele><time>1970-01-01T00:00:00.000Z</time></trkpt><trkpt lat="56.2429465" lon="84.7392248"><ele>95.4</ele><time>1970-01-01T00:00:00.000Z</time></trkpt><trkpt lat="56.2429862" lon="84.7393337"><ele>95.3</ele><time>1970-01-01T00:00:00.000Z</time></trkpt><trkpt lat="56.243018" lon="84.7394137"><ele>96.8</ele><time>1970-01-01T00:00:00.000Z</time></trkpt><trkpt lat="56.243017" lon="84.7394045"><ele>96.7</ele><time>1970-01-01T00:00:00.000Z</time></trkpt><trkpt lat="56.2429987" lon="84.7394375"><ele>92.8</ele><time>1970-01-01T00:00:00.000Z</time></trkpt><trkpt lat="56.2430122" lon="84.7395332"><ele>92.7</ele><time>1970-01-01T00:00:00.000Z</time></trkpt><trkpt lat="56.2430524" lon="84.7396534"><ele>93.2</ele><time>1970-01-01T00:00:00.000Z</time></trkpt><trkpt lat="56.2431067" lon="84.7397549"><ele>94.5</ele><time>1970-01-01T00:00:00.000Z</time></trkpt><trkpt lat="56.2431516" lon="84.7398554"><ele>94.3</ele><time>1970-01-01T00:00:00.000Z</time></trkpt><trkpt lat="56.2431821" lon="84.7399516"><ele>94.7</ele><time>1970-01-01T00:00:00.000Z</time></trkpt><trkpt lat="56.2432272" lon="84.7400773"><ele>94.9</ele><time>1970-01-01T00:00:00.000Z</time></trkpt><trkpt lat="56.2432783" lon="84.7401748"><ele>94.6</ele><time>1970-01-01T00:00:00.000Z</time></trkpt><trkpt lat="56.2433184" lon="84.7402948"><ele>93.8</ele><time>1970-01-01T00:00:00.000Z</time></trkpt><trkpt lat="56.2433424" lon="84.7404162"><ele>93.4</ele><time>1970-01-01T00:00:00.000Z</time></trkpt><trkpt lat="56.2433679" lon="84.7405316"><ele>93.3</ele><time>1970-01-01T00:00:00.000Z</time></trkpt><trkpt lat="56.2433895" lon="84.7406374"><ele>93.2</ele><time>1970-01-01T00:00:00.000Z</time></trkpt><trkpt lat="56.2434248" lon="84.7407586"><ele>93.1</ele><time>1970-01-01T00:00:00.000Z</time></trkpt><trkpt lat="56.2434469" lon="84.7408723"><ele>92.9</ele><time>1970-01-01T00:00:00.000Z</time></trkpt><trkpt lat="56.2434707" lon="84.7409826"><ele>93.2</ele><time>1970-01-01T00:00:00.000Z</time></trkpt><trkpt lat="56.2434962" lon="84.7410834"><ele>93.5</ele><time>1970-01-01T00:00:00.000Z</time></trkpt><trkpt lat="56.2435354" lon="84.7412025"><ele>93.3</ele><time>1970-01-01T00:00:00.000Z</time></trkpt><trkpt lat="56.2435753" lon="84.7413118"><ele>93.3</ele><time>1970-01-01T00:00:00.000Z</time></trkpt><trkpt lat="56.2436114" lon="84.7414187"><ele>93.7</ele><time>1970-01-01T00:00:00.000Z</time></trkpt><trkpt lat="56.2436516" lon="84.7415434"><ele>93.8</ele><time>1970-01-01T00:00:00.000Z</time></trkpt><trkpt lat="56.2436824" lon="84.7416462"><ele>94.9</ele><time>1970-01-01T00:00:00.000Z</time></trkpt><trkpt lat="56.2437237" lon="84.741766"><ele>95.2</ele><time>1970-01-01T00:00:00.000Z</time></trkpt><trkpt lat="56.2437669" lon="84.7418779"><ele>96.4</ele><time>1970-01-01T00:00:00.000Z</time></trkpt><trkpt lat="56.2438031" lon="84.7419849"><ele>95.8</ele><time>1970-01-01T00:00:00.000Z</time></trkpt><trkpt lat="56.2438388" lon="84.742092"><ele>96.4</ele><time>1970-01-01T00:00:00.000Z</time></trkpt><trkpt lat="56.2438815" lon="84.7421961"><ele>97.3</ele><time>1970-01-01T00:00:00.000Z</time></trkpt><trkpt lat="56.2439271" lon="84.7423127"><ele>97.1</ele><time>1970-01-01T00:00:00.000Z</time></trkpt><trkpt lat="56.2439486" lon="84.7424202"><ele>97.1</ele><time>1970-01-01T00:00:00.000Z</time></trkpt><trkpt lat="56.243969" lon="84.7425349"><ele>96.5</ele><time>1970-01-01T00:00:00.000Z</time></trkpt><trkpt lat="56.2439904" lon="84.7426502"><ele>97.1</ele><time>1970-01-01T00:00:00.000Z</time></trkpt><trkpt lat="56.2440482" lon="84.7427594"><ele>98.2</ele><time>1970-01-01T00:00:00.000Z</time></trkpt><trkpt lat="56.2441052" lon="84.7428411"><ele>100.1</ele><time>1970-01-01T00:00:00.000Z</time></trkpt><trkpt lat="56.2441451" lon="84.7429493"><ele>98.7</ele><time>1970-01-01T00:00:00.000Z</time></trkpt><trkpt lat="56.2441724" lon="84.7430557"><ele>98.8</ele><time>1970-01-01T00:00:00.000Z</time></trkpt><trkpt lat="56.2442048" lon="84.7431687"><ele>99.5</ele><time>1970-01-01T00:00:00.000Z</time></trkpt><trkpt lat="56.244241" lon="84.7433017"><ele>99.3</ele><time>1970-01-01T00:00:00.000Z</time></trkpt><trkpt lat="56.2442671" lon="84.7434231"><ele>100.9</ele><time>1970-01-01T00:00:00.000Z</time></trkpt><trkpt lat="56.2443021" lon="84.7435625"><ele>99.5</ele><time>1970-01-01T00:00:00.000Z</time></trkpt><trkpt lat="56.2443315" lon="84.7436705"><ele>98.3</ele><time>1970-01-01T00:00:00.000Z</time></trkpt><trkpt lat="56.2443663" lon="84.7437772"><ele>100.1</ele><time>1970-01-01T00:00:00.000Z</time></trkpt><trkpt lat="56.2443937" lon="84.7438549"><ele>101.4</ele><time>1970-01-01T00:00:00.000Z</time></trkpt><trkpt lat="56.2444261" lon="84.743962"><ele>99.9</ele><time>1970-01-01T00:00:00.000Z</time></trkpt><trkpt lat="56.2444772" lon="84.7440691"><ele>98.4</ele><time>1970-01-01T00:00:00.000Z</time></trkpt><trkpt lat="56.2445044" lon="84.7441732"><ele>97.2</ele><time>1970-01-01T00:00:00.000Z</time></trkpt><trkpt lat="56.2445202" lon="84.7442925"><ele>97.9</ele><time>1970-01-01T00:00:00.000Z</time></trkpt><trkpt lat="56.2445558" lon="84.744413"><ele>96.1</ele><time>1970-01-01T00:00:00.000Z</time></trkpt><trkpt lat="56.2445873" lon="84.7445429"><ele>97.4</ele><time>1970-01-01T00:00:00.000Z</time></trkpt><trkpt lat="56.2446222" lon="84.7446625"><ele>96.9</ele><time>1970-01-01T00:00:00.000Z</time></trkpt><trkpt lat="56.2446595" lon="84.744769"><ele>96.4</ele><time>1970-01-01T00:00:00.000Z</time></trkpt><trkpt lat="56.2446988" lon="84.7448839"><ele>96.5</ele><time>1970-01-01T00:00:00.000Z</time></trkpt><trkpt lat="56.2447432" lon="84.7449866"><ele>96.1</ele><time>1970-01-01T00:00:00.000Z</time></trkpt><trkpt lat="56.2447876" lon="84.7451156"><ele>96.6</ele><time>1970-01-01T00:00:00.000Z</time></trkpt><trkpt lat="56.2448174" lon="84.7452142"><ele>96.7</ele><time>1970-01-01T00:00:00.000Z</time></trkpt><trkpt lat="56.2448411" lon="84.7453183"><ele>96</ele><time>1970-01-01T00:00:00.000Z</time></trkpt><trkpt lat="56.2448737" lon="84.7454415"><ele>95.9</ele><time>1970-01-01T00:00:00.000Z</time></trkpt><trkpt lat="56.2449116" lon="84.7455526"><ele>94.9</ele><time>1970-01-01T00:00:00.000Z</time></trkpt><trkpt lat="56.2449457" lon="84.7456651"><ele>93.5</ele><time>1970-01-01T00:00:00.000Z</time></trkpt><trkpt lat="56.2449819" lon="84.7457694"><ele>94</ele><time>1970-01-01T00:00:00.000Z</time></trkpt><trkpt lat="56.2450164" lon="84.7458816"><ele>93.9</ele><time>1970-01-01T00:00:00.000Z</time></trkpt><trkpt lat="56.2450495" lon="84.7460009"><ele>94</ele><time>1970-01-01T00:00:00.000Z</time></trkpt><trkpt lat="56.2450911" lon="84.7461162"><ele>94.5</ele><time>1970-01-01T00:00:00.000Z</time></trkpt><trkpt lat="56.2451357" lon="84.7462357"><ele>95.3</ele><time>1970-01-01T00:00:00.000Z</time></trkpt><trkpt lat="56.2451636" lon="84.7463425"><ele>96.1</ele><time>1970-01-01T00:00:00.000Z</time></trkpt><trkpt lat="56.2452064" lon="84.7464736"><ele>95.4</ele><time>1970-01-01T00:00:00.000Z</time></trkpt><trkpt lat="56.245241" lon="84.7465814"><ele>95.1</ele><time>1970-01-01T00:00:00.000Z</time></trkpt><trkpt lat="56.245275" lon="84.7466965"><ele>95.1</ele><time>1970-01-01T00:00:00.000Z</time></trkpt><trkpt lat="56.2453204" lon="84.7468173"><ele>96.4</ele><time>1970-01-01T00:00:00.000Z</time></trkpt><trkpt lat="56.2453614" lon="84.7469293"><ele>97</ele><time>1970-01-01T00:00:00.000Z</time></trkpt><trkpt lat="56.2454027" lon="84.7470384"><ele>96.9</ele><time>1970-01-01T00:00:00.000Z</time></trkpt><trkpt lat="56.24544" lon="84.7471613"><ele>96.1</ele><time>1970-01-01T00:00:00.000Z</time></trkpt><trkpt lat="56.2454863" lon="84.7472654"><ele>97.2</ele><time>1970-01-01T00:00:00.000Z</time></trkpt><trkpt lat="56.2455283" lon="84.7474019"><ele>97.2</ele><time>1970-01-01T00:00:00.000Z</time></trkpt><trkpt lat="56.2455567" lon="84.7475027"><ele>96.7</ele><time>1970-01-01T00:00:00.000Z</time></trkpt><trkpt lat="56.2455842" lon="84.7476321"><ele>95.9</ele><time>1970-01-01T00:00:00.000Z</time></trkpt><trkpt lat="56.2456026" lon="84.7477657"><ele>95.6</ele><time>1970-01-01T00:00:00.000Z</time></trkpt><trkpt lat="56.245639" lon="84.7478927"><ele>94.8</ele><time>1970-01-01T00:00:00.000Z</time></trkpt><trkpt lat="56.2456739" lon="84.7479877"><ele>98.3</ele><time>1970-01-01T00:00:00.000Z</time></trkpt><trkpt lat="56.2457153" lon="84.7479948"><ele>92.8</ele><time>1970-01-01T00:00:00.000Z</time></trkpt><trkpt lat="56.245692" lon="84.7479964"><ele>93.4</ele><time>1970-01-01T00:00:00.000Z</time></trkpt><trkpt lat="56.2457063" lon="84.7480893"><ele>93.2</ele><time>1970-01-01T00:00:00.000Z</time></trkpt><trkpt lat="56.2457487" lon="84.7482274"><ele>92.9</ele><time>1970-01-01T00:00:00.000Z</time></trkpt><trkpt lat="56.2457826" lon="84.7483346"><ele>92.6</ele><time>1970-01-01T00:00:00.000Z</time></trkpt><trkpt lat="56.2457857" lon="84.748443"><ele>93.1</ele><time>1970-01-01T00:00:00.000Z</time></trkpt><trkpt lat="56.2458286" lon="84.7485002"><ele>93.7</ele><time>1970-01-01T00:00:00.000Z</time></trkpt><trkpt lat="56.2458505" lon="84.7485728"><ele>91.8</ele><time>1970-01-01T00:00:00.000Z</time></trkpt><trkpt lat="56.2459039" lon="84.748688"><ele>91</ele><time>1970-01-01T00:00:00.000Z</time></trkpt><trkpt lat="56.2459342" lon="84.7487916"><ele>90.9</ele><time>1970-01-01T00:00:00.000Z</time></trkpt><trkpt lat="56.2459703" lon="84.7489134"><ele>91.2</ele><time>1970-01-01T00:00:00.000Z</time></trkpt><trkpt lat="56.2460064" lon="84.7490295"><ele>91.4</ele><time>1970-01-01T00:00:00.000Z</time></trkpt><trkpt lat="56.2460389" lon="84.7491344"><ele>91.3</ele><time>1970-01-01T00:00:00.000Z</time></trkpt><trkpt lat="56.2460782" lon="84.7492539"><ele>91.2</ele><time>1970-01-01T00:00:00.000Z</time></trkpt><trkpt lat="56.2461146" lon="84.7493681"><ele>90.6</ele><time>1970-01-01T00:00:00.000Z</time></trkpt><trkpt lat="56.2461364" lon="84.7494811"><ele>90.5</ele><time>1970-01-01T00:00:00.000Z</time></trkpt><trkpt lat="56.2461699" lon="84.7495964"><ele>90.8</ele><time>1970-01-01T00:00:00.000Z</time></trkpt><trkpt lat="56.2462056" lon="84.7497069"><ele>91</ele><time>1970-01-01T00:00:00.000Z</time></trkpt><trkpt lat="56.2462494" lon="84.749824"><ele>91.9</ele><time>1970-01-01T00:00:00.000Z</time></trkpt><trkpt lat="56.2462888" lon="84.7499187"><ele>91.5</ele><time>1970-01-01T00:00:00.000Z</time></trkpt><trkpt lat="56.246326" lon="84.7500456"><ele>91.3</ele><time>1970-01-01T00:00:00.000Z</time></trkpt><trkpt lat="56.246349" lon="84.7501486"><ele>90.9</ele><time>1970-01-01T00:00:00.000Z</time></trkpt><trkpt lat="56.2463878" lon="84.7502557"><ele>91</ele><time>1970-01-01T00:00:00.000Z</time></trkpt><trkpt lat="56.246425" lon="84.7503635"><ele>90.6</ele><time>1970-01-01T00:00:00.000Z</time></trkpt><trkpt lat="56.2464625" lon="84.7504596"><ele>90.8</ele><time>1970-01-01T00:00:00.000Z</time></trkpt><trkpt lat="56.2464916" lon="84.7505725"><ele>91.2</ele><time>1970-01-01T00:00:00.000Z</time></trkpt><trkpt lat="56.2465177" lon="84.7506755"><ele>90.8</ele><time>1970-01-01T00:00:00.000Z</time></trkpt><trkpt lat="56.2465516" lon="84.7507895"><ele>89.9</ele><time>1970-01-01T00:00:00.000Z</time></trkpt><trkpt lat="56.2465813" lon="84.7509035"><ele>89.3</ele><time>1970-01-01T00:00:00.000Z</time></trkpt><trkpt lat="56.2466205" lon="84.7510139"><ele>89.5</ele><time>1970-01-01T00:00:00.000Z</time></trkpt><trkpt lat="56.2466645" lon="84.7511095"><ele>89.5</ele><time>1970-01-01T00:00:00.000Z</time></trkpt><trkpt lat="56.2467014" lon="84.7512148"><ele>89.2</ele><time>1970-01-01T00:00:00.000Z</time></trkpt><trkpt lat="56.246735" lon="84.7513037"><ele>90</ele><time>1970-01-01T00:00:00.000Z</time></trkpt><trkpt lat="56.2467632" lon="84.7514272"><ele>89.8</ele><time>1970-01-01T00:00:00.000Z</time></trkpt><trkpt lat="56.2467983" lon="84.7515339"><ele>89.8</ele><time>1970-01-01T00:00:00.000Z</time></trkpt><trkpt lat="56.2468156" lon="84.7516205"><ele>90.2</ele><time>1970-01-01T00:00:00.000Z</time></trkpt><trkpt lat="56.2468109" lon="84.7516127"><ele>89.7</ele><time>1970-01-01T00:00:00.000Z</time></trkpt><trkpt lat="56.2468582" lon="84.7516511"><ele>92.2</ele><time>1970-01-01T00:00:00.000Z</time></trkpt><trkpt lat="56.2469084" lon="84.7517983"><ele>91.8</ele><time>1970-01-01T00:00:00.000Z</time></trkpt><trkpt lat="56.2469287" lon="84.7519377"><ele>91.9</ele><time>1970-01-01T00:00:00.000Z</time></trkpt><trkpt lat="56.2469664" lon="84.7520648"><ele>92</ele><time>1970-01-01T00:00:00.000Z</time></trkpt><trkpt lat="56.2470062" lon="84.7521752"><ele>91.8</ele><time>1970-01-01T00:00:00.000Z</time></trkpt><trkpt lat="56.2470418" lon="84.7522939"><ele>92</ele><time>1970-01-01T00:00:00.000Z</time></trkpt><trkpt lat="56.2470773" lon="84.7524038"><ele>91.4</ele><time>1970-01-01T00:00:00.000Z</time></trkpt><trkpt lat="56.2471103" lon="84.7525387"><ele>91</ele><time>1970-01-01T00:00:00.000Z</time></trkpt><trkpt lat="56.247152" lon="84.7526705"><ele>90.7</ele><time>1970-01-01T00:00:00.000Z</time></trkpt><trkpt lat="56.2471908" lon="84.7527638"><ele>90.6</ele><time>1970-01-01T00:00:00.000Z</time></trkpt><trkpt lat="56.2472206" lon="84.7528929"><ele>90</ele><time>1970-01-01T00:00:00.000Z</time></trkpt><trkpt lat="56.2472406" lon="84.7530129"><ele>89.9</ele><time>1970-01-01T00:00:00.000Z</time></trkpt><trkpt lat="56.2472951" lon="84.7531193"><ele>90.5</ele><time>1970-01-01T00:00:00.000Z</time></trkpt><trkpt lat="56.2473413" lon="84.7532378"><ele>90.6</ele><time>1970-01-01T00:00:00.000Z</time></trkpt><trkpt lat="56.24738" lon="84.7533645"><ele>90.4</ele><time>1970-01-01T00:00:00.000Z</time></trkpt><trkpt lat="56.2474183" lon="84.7534896"><ele>90.2</ele><time>1970-01-01T00:00:00.000Z</time></trkpt><trkpt lat="56.2474512" lon="84.7536072"><ele>90.7</ele><time>1970-01-01T00:00:00.000Z</time></trkpt><trkpt lat="56.2474874" lon="84.7537136"><ele>90</ele><time>1970-01-01T00:00:00.000Z</time></trkpt><trkpt lat="56.247522" lon="84.7538153"><ele>90.1</ele><time>1970-01-01T00:00:00.000Z</time></trkpt><trkpt lat="56.2475549" lon="84.7539199"><ele>90.2</ele><time>1970-01-01T00:00:00.000Z</time></trkpt><trkpt lat="56.2475898" lon="84.7540209"><ele>90.6</ele><time>1970-01-01T00:00:00.000Z</time></trkpt><trkpt lat="56.2476265" lon="84.7541311"><ele>90.4</ele><time>1970-01-01T00:00:00.000Z</time></trkpt><trkpt lat="56.2476682" lon="84.7542531"><ele>90.4</ele><time>1970-01-01T00:00:00.000Z</time></trkpt><trkpt lat="56.2477058" lon="84.7543578"><ele>90.9</ele><time>1970-01-01T00:00:00.000Z</time></trkpt><trkpt lat="56.2477353" lon="84.7544563"><ele>90.4</ele><time>1970-01-01T00:00:00.000Z</time></trkpt><trkpt lat="56.2477534" lon="84.7545975"><ele>90.2</ele><time>1970-01-01T00:00:00.000Z</time></trkpt><trkpt lat="56.2477975" lon="84.754679"><ele>90.9</ele><time>1970-01-01T00:00:00.000Z</time></trkpt><trkpt lat="56.2478294" lon="84.7547758"><ele>91.9</ele><time>1970-01-01T00:00:00.000Z</time></trkpt><trkpt lat="56.2478583" lon="84.7548769"><ele>91.4</ele><time>1970-01-01T00:00:00.000Z</time></trkpt><trkpt lat="56.2478069" lon="84.7549083"><ele>90.1</ele><time>1970-01-01T00:00:00.000Z</time></trkpt><trkpt lat="56.2478215" lon="84.7550022"><ele>87.3</ele><time>1970-01-01T00:00:00.000Z</time></trkpt><trkpt lat="56.2478415" lon="84.7550876"><ele>86.9</ele><time>1970-01-01T00:00:00.000Z</time></trkpt><trkpt lat="56.247869" lon="84.7551751"><ele>87.3</ele><time>1970-01-01T00:00:00.000Z</time></trkpt><trkpt lat="56.2479467" lon="84.7552415"><ele>88</ele><time>1970-01-01T00:00:00.000Z</time></trkpt><trkpt lat="56.2479743" lon="84.75535"><ele>88.2</ele><time>1970-01-01T00:00:00.000Z</time></trkpt><trkpt lat="56.248005" lon="84.7554464"><ele>89.5</ele><time>1970-01-01T00:00:00.000Z</time></trkpt><trkpt lat="56.2480653" lon="84.7555704"><ele>90.3</ele><time>1970-01-01T00:00:00.000Z</time></trkpt><trkpt lat="56.2481013" lon="84.7556675"><ele>90.7</ele><time>1970-01-01T00:00:00.000Z</time></trkpt><trkpt lat="56.248146" lon="84.7557955"><ele>90.8</ele><time>1970-01-01T00:00:00.000Z</time></trkpt><trkpt lat="56.2481756" lon="84.7559081"><ele>91</ele><time>1970-01-01T00:00:00.000Z</time></trkpt><trkpt lat="56.2482159" lon="84.7560143"><ele>91.6</ele><time>1970-01-01T00:00:00.000Z</time></trkpt><trkpt lat="56.2482548" lon="84.7561159"><ele>91.7</ele><time>1970-01-01T00:00:00.000Z</time></trkpt><trkpt lat="56.2482902" lon="84.7562305"><ele>91.5</ele><time>1970-01-01T00:00:00.000Z</time></trkpt><trkpt lat="56.2483281" lon="84.7563523"><ele>91.7</ele><time>1970-01-01T00:00:00.000Z</time></trkpt><trkpt lat="56.248363" lon="84.7564694"><ele>91.9</ele><time>1970-01-01T00:00:00.000Z</time></trkpt><trkpt lat="56.2484043" lon="84.756594"><ele>92</ele><time>1970-01-01T00:00:00.000Z</time></trkpt><trkpt lat="56.2484466" lon="84.7567115"><ele>91.8</ele><time>1970-01-01T00:00:00.000Z</time></trkpt><trkpt lat="56.248482" lon="84.7568154"><ele>91.4</ele><time>1970-01-01T00:00:00.000Z</time></trkpt><trkpt lat="56.2485163" lon="84.7569424"><ele>91.5</ele><time>1970-01-01T00:00:00.000Z</time></trkpt><trkpt lat="56.2485578" lon="84.7570645"><ele>92.4</ele><time>1970-01-01T00:00:00.000Z</time></trkpt><trkpt lat="56.2485913" lon="84.7571863"><ele>91.9</ele><time>1970-01-01T00:00:00.000Z</time></trkpt><trkpt lat="56.2486283" lon="84.7572947"><ele>91.4</ele><time>1970-01-01T00:00:00.000Z</time></trkpt><trkpt lat="56.2486678" lon="84.7574142"><ele>90.9</ele><time>1970-01-01T00:00:00.000Z</time></trkpt><trkpt lat="56.2487046" lon="84.7575303"><ele>90.7</ele><time>1970-01-01T00:00:00.000Z</time></trkpt><trkpt lat="56.2487426" lon="84.7576511"><ele>90.8</ele><time>1970-01-01T00:00:00.000Z</time></trkpt><trkpt lat="56.248777" lon="84.7577587"><ele>91.6</ele><time>1970-01-01T00:00:00.000Z</time></trkpt><trkpt lat="56.2488144" lon="84.75787"><ele>91.9</ele><time>1970-01-01T00:00:00.000Z</time></trkpt><trkpt lat="56.2488511" lon="84.757996"><ele>91.3</ele><time>1970-01-01T00:00:00.000Z</time></trkpt><trkpt lat="56.2488813" lon="84.7581021"><ele>91.9</ele><time>1970-01-01T00:00:00.000Z</time></trkpt><trkpt lat="56.2489157" lon="84.7582019"><ele>91.5</ele><time>1970-01-01T00:00:00.000Z</time></trkpt><trkpt lat="56.2489509" lon="84.7582867"><ele>91.4</ele><time>1970-01-01T00:00:00.000Z</time></trkpt><trkpt lat="56.2489807" lon="84.7583745"><ele>91.8</ele><time>1970-01-01T00:00:00.000Z</time></trkpt><trkpt lat="56.2490165" lon="84.7585107"><ele>91.6</ele><time>1970-01-01T00:00:00.000Z</time></trkpt><trkpt lat="56.2490516" lon="84.7586324"><ele>91.9</ele><time>1970-01-01T00:00:00.000Z</time></trkpt><trkpt lat="56.2490847" lon="84.758733"><ele>91.3</ele><time>1970-01-01T00:00:00.000Z</time></trkpt><trkpt lat="56.2491127" lon="84.7588264"><ele>90.4</ele><time>1970-01-01T00:00:00.000Z</time></trkpt><trkpt lat="56.2491221" lon="84.7589204"><ele>90.2</ele><time>1970-01-01T00:00:00.000Z</time></trkpt><trkpt lat="56.2491295" lon="84.7590143"><ele>91.2</ele><time>1970-01-01T00:00:00.000Z</time></trkpt><trkpt lat="56.2491479" lon="84.7591005"><ele>91.6</ele><time>1970-01-01T00:00:00.000Z</time></trkpt><trkpt lat="56.2491991" lon="84.7591591"><ele>91.1</ele><time>1970-01-01T00:00:00.000Z</time></trkpt><trkpt lat="56.249236" lon="84.7592669"><ele>91</ele><time>1970-01-01T00:00:00.000Z</time></trkpt><trkpt lat="56.2492624" lon="84.7593705"><ele>90.9</ele><time>1970-01-01T00:00:00.000Z</time></trkpt><trkpt lat="56.2492975" lon="84.7594872"><ele>90.9</ele><time>1970-01-01T00:00:00.000Z</time></trkpt><trkpt lat="56.249329" lon="84.7595736"><ele>90.8</ele><time>1970-01-01T00:00:00.000Z</time></trkpt><trkpt lat="56.249359" lon="84.7596634"><ele>90.9</ele><time>1970-01-01T00:00:00.000Z</time></trkpt><trkpt lat="56.249396" lon="84.7597828"><ele>91.3</ele><time>1970-01-01T00:00:00.000Z</time></trkpt><trkpt lat="56.2494283" lon="84.7598778"><ele>91.3</ele><time>1970-01-01T00:00:00.000Z</time></trkpt><trkpt lat="56.2494631" lon="84.7599922"><ele>91.3</ele><time>1970-01-01T00:00:00.000Z</time></trkpt><trkpt lat="56.2495047" lon="84.7600977"><ele>91.5</ele><time>1970-01-01T00:00:00.000Z</time></trkpt><trkpt lat="56.2495288" lon="84.7602055"><ele>91.6</ele><time>1970-01-01T00:00:00.000Z</time></trkpt><trkpt lat="56.2495686" lon="84.7603082"><ele>91.5</ele><time>1970-01-01T00:00:00.000Z</time></trkpt><trkpt lat="56.2496056" lon="84.7604088"><ele>91.5</ele><time>1970-01-01T00:00:00.000Z</time></trkpt><trkpt lat="56.2496344" lon="84.7605298"><ele>91</ele><time>1970-01-01T00:00:00.000Z</time></trkpt><trkpt lat="56.2496306" lon="84.7606071"><ele>91.5</ele><time>1970-01-01T00:00:00.000Z</time></trkpt><trkpt lat="56.2496115" lon="84.7605905"><ele>91.6</ele><time>1970-01-01T00:00:00.000Z</time></trkpt><trkpt lat="56.2496123" lon="84.7605749"><ele>91.6</ele><time>1970-01-01T00:00:00.000Z</time></trkpt><trkpt lat="56.2496102" lon="84.76057"><ele>91.6</ele><time>1970-01-01T00:00:00.000Z</time></trkpt><trkpt lat="56.2496085" lon="84.7605698"><ele>91.6</ele><time>1970-01-01T00:00:00.000Z</time></trkpt><trkpt lat="56.2496075" lon="84.7605679"><ele>91.6</ele><time>1970-01-01T00:00:00.000Z</time></trkpt><trkpt lat="56.2496082" lon="84.7605644"><ele>91.6</ele><time>1970-01-01T00:00:00.000Z</time></trkpt><trkpt lat="56.2496084" lon="84.7605679"><ele>91.6</ele><time>1970-01-01T00:00:00.000Z</time></trkpt><trkpt lat="56.2496158" lon="84.7605715"><ele>91.6</ele><time>1970-01-01T00:00:00.000Z</time></trkpt><trkpt lat="56.2496156" lon="84.7605711"><ele>91.6</ele><time>1970-01-01T00:00:00.000Z</time></trkpt><trkpt lat="56.2496072" lon="84.7605667"><ele>91.6</ele><time>1970-01-01T00:00:00.000Z</time></trkpt><trkpt lat="56.2496064" lon="84.7605668"><ele>91.6</ele><time>1970-01-01T00:00:00.000Z</time></trkpt><trkpt lat="56.2496078" lon="84.7605695"><ele>91.6</ele><time>1970-01-01T00:00:00.000Z</time></trkpt><trkpt lat="56.2496092" lon="84.7605683"><ele>91.6</ele><time>1970-01-01T00:00:00.000Z</time></trkpt><trkpt lat="56.2496112" lon="84.7605677"><ele>91.6</ele><time>1970-01-01T00:00:00.000Z</time></trkpt><trkpt lat="56.2496186" lon="84.7605637"><ele>90.9</ele><time>1970-01-01T00:00:00.000Z</time></trkpt><trkpt lat="56.2496488" lon="84.7606052"><ele>91.5</ele><time>1970-01-01T00:00:00.000Z</time></trkpt><trkpt lat="56.2496909" lon="84.7607092"><ele>91.3</ele><time>1970-01-01T00:00:00.000Z</time></trkpt><trkpt lat="56.2497222" lon="84.7608171"><ele>91.3</ele><time>1970-01-01T00:00:00.000Z</time></trkpt><trkpt lat="56.2497673" lon="84.7608971"><ele>91</ele><time>1970-01-01T00:00:00.000Z</time></trkpt><trkpt lat="56.2497858" lon="84.7610108"><ele>90.8</ele><time>1970-01-01T00:00:00.000Z</time></trkpt><trkpt lat="56.2498049" lon="84.7611292"><ele>90.9</ele><time>1970-01-01T00:00:00.000Z</time></trkpt><trkpt lat="56.2498417" lon="84.7612289"><ele>90.8</ele><time>1970-01-01T00:00:00.000Z</time></trkpt><trkpt lat="56.2498821" lon="84.7613079"><ele>91.1</ele><time>1970-01-01T00:00:00.000Z</time></trkpt><trkpt lat="56.2499224" lon="84.7614274"><ele>90.6</ele><time>1970-01-01T00:00:00.000Z</time></trkpt><trkpt lat="56.2499351" lon="84.7615544"><ele>90.7</ele><time>1970-01-01T00:00:00.000Z</time></trkpt><trkpt lat="56.2499657" lon="84.7616907"><ele>90.4</ele><time>1970-01-01T00:00:00.000Z</time></trkpt><trkpt lat="56.2499974" lon="84.7617997"><ele>91</ele><time>1970-01-01T00:00:00.000Z</time></trkpt><trkpt lat="56.2500392" lon="84.761927"><ele>91.5</ele><time>1970-01-01T00:00:00.000Z</time></trkpt><trkpt lat="56.2500735" lon="84.7620313"><ele>91.1</ele><time>1970-01-01T00:00:00.000Z</time></trkpt><trkpt lat="56.2501088" lon="84.7621393"><ele>91</ele><time>1970-01-01T00:00:00.000Z</time></trkpt><trkpt lat="56.2501437" lon="84.7622549"><ele>91.1</ele><time>1970-01-01T00:00:00.000Z</time></trkpt><trkpt lat="56.2501804" lon="84.7623679"><ele>91.3</ele><time>1970-01-01T00:00:00.000Z</time></trkpt><trkpt lat="56.250223" lon="84.7624928"><ele>91.5</ele><time>1970-01-01T00:00:00.000Z</time></trkpt><trkpt lat="56.2502594" lon="84.7625983"><ele>91.7</ele><time>1970-01-01T00:00:00.000Z</time></trkpt><trkpt lat="56.2502974" lon="84.762712"><ele>91.9</ele><time>1970-01-01T00:00:00.000Z</time></trkpt><trkpt lat="56.2503375" lon="84.7628322"><ele>91.8</ele><time>1970-01-01T00:00:00.000Z</time></trkpt><trkpt lat="56.250378" lon="84.7629501"><ele>91.8</ele><time>1970-01-01T00:00:00.000Z</time></trkpt><trkpt lat="56.2504149" lon="84.7630569"><ele>91.9</ele><time>1970-01-01T00:00:00.000Z</time></trkpt><trkpt lat="56.2504564" lon="84.7631705"><ele>92.4</ele><time>1970-01-01T00:00:00.000Z</time></trkpt><trkpt lat="56.2505012" lon="84.7632983"><ele>92.5</ele><time>1970-01-01T00:00:00.000Z</time></trkpt><trkpt lat="56.2505336" lon="84.7634155"><ele>92.2</ele><time>1970-01-01T00:00:00.000Z</time></trkpt><trkpt lat="56.2505721" lon="84.7635522"><ele>91.4</ele><time>1970-01-01T00:00:00.000Z</time></trkpt><trkpt lat="56.2506135" lon="84.7636902"><ele>91.9</ele><time>1970-01-01T00:00:00.000Z</time></trkpt><trkpt lat="56.2506484" lon="84.7637962"><ele>92.4</ele><time>1970-01-01T00:00:00.000Z</time></trkpt><trkpt lat="56.2506841" lon="84.7639213"><ele>91.9</ele><time>1970-01-01T00:00:00.000Z</time></trkpt><trkpt lat="56.2507178" lon="84.764039"><ele>92.2</ele><time>1970-01-01T00:00:00.000Z</time></trkpt><trkpt lat="56.2507521" lon="84.7641644"><ele>92.1</ele><time>1970-01-01T00:00:00.000Z</time></trkpt><trkpt lat="56.250786" lon="84.7642829"><ele>92.5</ele><time>1970-01-01T00:00:00.000Z</time></trkpt><trkpt lat="56.2508212" lon="84.7644065"><ele>92.5</ele><time>1970-01-01T00:00:00.000Z</time></trkpt><trkpt lat="56.2508613" lon="84.7645255"><ele>93.4</ele><time>1970-01-01T00:00:00.000Z</time></trkpt><trkpt lat="56.2509017" lon="84.7646494"><ele>93.2</ele><time>1970-01-01T00:00:00.000Z</time></trkpt><trkpt lat="56.2509359" lon="84.7647559"><ele>93.1</ele><time>1970-01-01T00:00:00.000Z</time></trkpt><trkpt lat="56.2509767" lon="84.7648755"><ele>93.2</ele><time>1970-01-01T00:00:00.000Z</time></trkpt><trkpt lat="56.2510111" lon="84.7649769"><ele>92.9</ele><time>1970-01-01T00:00:00.000Z</time></trkpt><trkpt lat="56.2510459" lon="84.7650834"><ele>93.6</ele><time>1970-01-01T00:00:00.000Z</time></trkpt><trkpt lat="56.2510821" lon="84.7651841"><ele>93.4</ele><time>1970-01-01T00:00:00.000Z</time></trkpt><trkpt lat="56.2511208" lon="84.7652985"><ele>94</ele><time>1970-01-01T00:00:00.000Z</time></trkpt><trkpt lat="56.2511594" lon="84.7654079"><ele>94.6</ele><time>1970-01-01T00:00:00.000Z</time></trkpt><trkpt lat="56.2512016" lon="84.7655235"><ele>94.3</ele><time>1970-01-01T00:00:00.000Z</time></trkpt><trkpt lat="56.2512292" lon="84.7656298"><ele>93.9</ele><time>1970-01-01T00:00:00.000Z</time></trkpt><trkpt lat="56.2512747" lon="84.7657321"><ele>93.1</ele><time>1970-01-01T00:00:00.000Z</time></trkpt><trkpt lat="56.2513224" lon="84.7658594"><ele>93.3</ele><time>1970-01-01T00:00:00.000Z</time></trkpt><trkpt lat="56.2513692" lon="84.7659651"><ele>94.1</ele><time>1970-01-01T00:00:00.000Z</time></trkpt><trkpt lat="56.251414" lon="84.7660209"><ele>94.3</ele><time>1970-01-01T00:00:00.000Z</time></trkpt><trkpt lat="56.2514356" lon="84.7661249"><ele>93.5</ele><time>1970-01-01T00:00:00.000Z</time></trkpt><trkpt lat="56.2514495" lon="84.7662505"><ele>93.1</ele><time>1970-01-01T00:00:00.000Z</time></trkpt><trkpt lat="56.2514612" lon="84.7663598"><ele>92.5</ele><time>1970-01-01T00:00:00.000Z</time></trkpt><trkpt lat="56.2514686" lon="84.766482"><ele>91.9</ele><time>1970-01-01T00:00:00.000Z</time></trkpt><trkpt lat="56.2515106" lon="84.7665838"><ele>92.1</ele><time>1970-01-01T00:00:00.000Z</time></trkpt><trkpt lat="56.2515729" lon="84.7666421"><ele>93</ele><time>1970-01-01T00:00:00.000Z</time></trkpt><trkpt lat="56.2516004" lon="84.7667443"><ele>93</ele><time>1970-01-01T00:00:00.000Z</time></trkpt><trkpt lat="56.2516259" lon="84.7668493"><ele>92.5</ele><time>1970-01-01T00:00:00.000Z</time></trkpt><trkpt lat="56.2516626" lon="84.76698"><ele>93.3</ele><time>1970-01-01T00:00:00.000Z</time></trkpt><trkpt lat="56.2516967" lon="84.7670936"><ele>93.1</ele><time>1970-01-01T00:00:00.000Z</time></trkpt><trkpt lat="56.2517347" lon="84.7672005"><ele>93.4</ele><time>1970-01-01T00:00:00.000Z</time></trkpt><trkpt lat="56.2517636" lon="84.7673031"><ele>93.6</ele><time>1970-01-01T00:00:00.000Z</time></trkpt><trkpt lat="56.2517897" lon="84.7674291"><ele>94.3</ele><time>1970-01-01T00:00:00.000Z</time></trkpt><trkpt lat="56.2518192" lon="84.7675471"><ele>93.8</ele><time>1970-01-01T00:00:00.000Z</time></trkpt><trkpt lat="56.2518463" lon="84.767654"><ele>93.2</ele><time>1970-01-01T00:00:00.000Z</time></trkpt><trkpt lat="56.2518746" lon="84.767777"><ele>93.4</ele><time>1970-01-01T00:00:00.000Z</time></trkpt><trkpt lat="56.251914" lon="84.767902"><ele>93</ele><time>1970-01-01T00:00:00.000Z</time></trkpt><trkpt lat="56.2519467" lon="84.7680061"><ele>93.3</ele><time>1970-01-01T00:00:00.000Z</time></trkpt><trkpt lat="56.2519868" lon="84.7680841"><ele>94.3</ele><time>1970-01-01T00:00:00.000Z</time></trkpt><trkpt lat="56.2520285" lon="84.7682051"><ele>95</ele><time>1970-01-01T00:00:00.000Z</time></trkpt><trkpt lat="56.2520767" lon="84.7683003"><ele>96.2</ele><time>1970-01-01T00:00:00.000Z</time></trkpt><trkpt lat="56.2521099" lon="84.7683999"><ele>97</ele><time>1970-01-01T00:00:00.000Z</time></trkpt><trkpt lat="56.2521195" lon="84.7685045"><ele>96.1</ele><time>1970-01-01T00:00:00.000Z</time></trkpt><trkpt lat="56.252151" lon="84.7686102"><ele>95.3</ele><time>1970-01-01T00:00:00.000Z</time></trkpt><trkpt lat="56.2521941" lon="84.7687155"><ele>95.6</ele><time>1970-01-01T00:00:00.000Z</time></trkpt><trkpt lat="56.2522234" lon="84.7688091"><ele>94.8</ele><time>1970-01-01T00:00:00.000Z</time></trkpt><trkpt lat="56.2522554" lon="84.7689216"><ele>94.9</ele><time>1970-01-01T00:00:00.000Z</time></trkpt><trkpt lat="56.2522863" lon="84.7690403"><ele>95.1</ele><time>1970-01-01T00:00:00.000Z</time></trkpt><trkpt lat="56.2523253" lon="84.7691406"><ele>94.2</ele><time>1970-01-01T00:00:00.000Z</time></trkpt><trkpt lat="56.2523631" lon="84.7692229"><ele>94.4</ele><time>1970-01-01T00:00:00.000Z</time></trkpt><trkpt lat="56.2523959" lon="84.7693378"><ele>94.7</ele><time>1970-01-01T00:00:00.000Z</time></trkpt><trkpt lat="56.2524335" lon="84.7694514"><ele>94.7</ele><time>1970-01-01T00:00:00.000Z</time></trkpt><trkpt lat="56.2524697" lon="84.7695821"><ele>94.3</ele><time>1970-01-01T00:00:00.000Z</time></trkpt><trkpt lat="56.2525063" lon="84.7696874"><ele>94.8</ele><time>1970-01-01T00:00:00.000Z</time></trkpt><trkpt lat="56.2525427" lon="84.7698065"><ele>94.7</ele><time>1970-01-01T00:00:00.000Z</time></trkpt><trkpt lat="56.2525685" lon="84.7699186"><ele>94.4</ele><time>1970-01-01T00:00:00.000Z</time></trkpt><trkpt lat="56.2525769" lon="84.7700344"><ele>94.1</ele><time>1970-01-01T00:00:00.000Z</time></trkpt><trkpt lat="56.2526169" lon="84.7701206"><ele>93.8</ele><time>1970-01-01T00:00:00.000Z</time></trkpt><trkpt lat="56.2526703" lon="84.7702024"><ele>93.4</ele><time>1970-01-01T00:00:00.000Z</time></trkpt><trkpt lat="56.2527066" lon="84.7703263"><ele>93.4</ele><time>1970-01-01T00:00:00.000Z</time></trkpt><trkpt lat="56.2527529" lon="84.7704646"><ele>93.5</ele><time>1970-01-01T00:00:00.000Z</time></trkpt><trkpt lat="56.2527964" lon="84.7706072"><ele>92.5</ele><time>1970-01-01T00:00:00.000Z</time></trkpt><trkpt lat="56.2528283" lon="84.7707247"><ele>92.6</ele><time>1970-01-01T00:00:00.000Z</time></trkpt><trkpt lat="56.2528685" lon="84.7708617"><ele>92.5</ele><time>1970-01-01T00:00:00.000Z</time></trkpt><trkpt lat="56.2529036" lon="84.7709601"><ele>92.6</ele><time>1970-01-01T00:00:00.000Z</time></trkpt><trkpt lat="56.2529411" lon="84.7710781"><ele>92</ele><time>1970-01-01T00:00:00.000Z</time></trkpt><trkpt lat="56.2529785" lon="84.771194"><ele>92.2</ele><time>1970-01-01T00:00:00.000Z</time></trkpt><trkpt lat="56.2530116" lon="84.7712897"><ele>92.3</ele><time>1970-01-01T00:00:00.000Z</time></trkpt><trkpt lat="56.2530444" lon="84.7713936"><ele>92.1</ele><time>1970-01-01T00:00:00.000Z</time></trkpt><trkpt lat="56.2530967" lon="84.7715234"><ele>92.3</ele><time>1970-01-01T00:00:00.000Z</time></trkpt><trkpt lat="56.2531421" lon="84.771641"><ele>92.9</ele><time>1970-01-01T00:00:00.000Z</time></trkpt><trkpt lat="56.2531816" lon="84.7717485"><ele>93.2</ele><time>1970-01-01T00:00:00.000Z</time></trkpt><trkpt lat="56.2532234" lon="84.7718542"><ele>93.2</ele><time>1970-01-01T00:00:00.000Z</time></trkpt><trkpt lat="56.2532593" lon="84.7719664"><ele>94.1</ele><time>1970-01-01T00:00:00.000Z</time></trkpt><trkpt lat="56.2532943" lon="84.772071"><ele>94.3</ele><time>1970-01-01T00:00:00.000Z</time></trkpt><trkpt lat="56.2533242" lon="84.7721764"><ele>94.3</ele><time>1970-01-01T00:00:00.000Z</time></trkpt><trkpt lat="56.2533529" lon="84.7722886"><ele>93.7</ele><time>1970-01-01T00:00:00.000Z</time></trkpt><trkpt lat="56.2533745" lon="84.7723901"><ele>93.8</ele><time>1970-01-01T00:00:00.000Z</time></trkpt><trkpt lat="56.2533989" lon="84.7724859"><ele>94</ele><time>1970-01-01T00:00:00.000Z</time></trkpt><trkpt lat="56.2534366" lon="84.772614"><ele>93.8</ele><time>1970-01-01T00:00:00.000Z</time></trkpt><trkpt lat="56.2534697" lon="84.7727183"><ele>94.2</ele><time>1970-01-01T00:00:00.000Z</time></trkpt><trkpt lat="56.2535023" lon="84.7728343"><ele>94.6</ele><time>1970-01-01T00:00:00.000Z</time></trkpt><trkpt lat="56.253532" lon="84.7729534"><ele>94.2</ele><time>1970-01-01T00:00:00.000Z</time></trkpt><trkpt lat="56.2535658" lon="84.773077"><ele>93.8</ele><time>1970-01-01T00:00:00.000Z</time></trkpt><trkpt lat="56.2536196" lon="84.7731397"><ele>95.9</ele><time>1970-01-01T00:00:00.000Z</time></trkpt><trkpt lat="56.2536289" lon="84.7731113"><ele>95.9</ele><time>1970-01-01T00:00:00.000Z</time></trkpt><trkpt lat="56.2536263" lon="84.7731076"><ele>95.5</ele><time>1970-01-01T00:00:00.000Z</time></trkpt><trkpt lat="56.253635" lon="84.7730848"><ele>95.5</ele><time>1970-01-01T00:00:00.000Z</time></trkpt><trkpt lat="56.2536454" lon="84.7730378"><ele>95.5</ele><time>1970-01-01T00:00:00.000Z</time></trkpt><trkpt lat="56.2536452" lon="84.7730104"><ele>95.6</ele><time>1970-01-01T00:00:00.000Z</time></trkpt><trkpt lat="56.2536448" lon="84.7729993"><ele>95.6</ele><time>1970-01-01T00:00:00.000Z</time></trkpt><trkpt lat="56.253644" lon="84.7729905"><ele>95.7</ele><time>1970-01-01T00:00:00.000Z</time></trkpt><trkpt lat="56.2536351" lon="84.7730225"><ele>95.2</ele><time>1970-01-01T00:00:00.000Z</time></trkpt><trkpt lat="56.2536459" lon="84.7730385"><ele>94.9</ele><time>1970-01-01T00:00:00.000Z</time></trkpt><trkpt lat="56.2536512" lon="84.7730335"><ele>94.6</ele><time>1970-01-01T00:00:00.000Z</time></trkpt><trkpt lat="56.2536532" lon="84.7730354"><ele>94.1</ele><time>1970-01-01T00:00:00.000Z</time></trkpt><trkpt lat="56.2536404" lon="84.7730564"><ele>93.7</ele><time>1970-01-01T00:00:00.000Z</time></trkpt><trkpt lat="56.2536202" lon="84.7730862"><ele>93.7</ele><time>1970-01-01T00:00:00.000Z</time></trkpt><trkpt lat="56.2536143" lon="84.7730982"><ele>93.7</ele><time>1970-01-01T00:00:00.000Z</time></trkpt><trkpt lat="56.2536113" lon="84.7731037"><ele>93.7</ele><time>1970-01-01T00:00:00.000Z</time></trkpt><trkpt lat="56.2536082" lon="84.773104"><ele>93.7</ele><time>1970-01-01T00:00:00.000Z</time></trkpt><trkpt lat="56.2536059" lon="84.7731062"><ele>93.7</ele><time>1970-01-01T00:00:00.000Z</time></trkpt><trkpt lat="56.2536061" lon="84.7731081"><ele>93.7</ele><time>1970-01-01T00:00:00.000Z</time></trkpt><trkpt lat="56.2536124" lon="84.7731075"><ele>93.7</ele><time>1970-01-01T00:00:00.000Z</time></trkpt><trkpt lat="56.2536154" lon="84.7731031"><ele>93.7</ele><time>1970-01-01T00:00:00.000Z</time></trkpt><trkpt lat="56.253616" lon="84.773103"><ele>93.7</ele><time>1970-01-01T00:00:00.000Z</time></trkpt><trkpt lat="56.2536107" lon="84.7731111"><ele>93.6</ele><time>1970-01-01T00:00:00.000Z</time></trkpt><trkpt lat="56.2536038" lon="84.7731346"><ele>93.4</ele><time>1970-01-01T00:00:00.000Z</time></trkpt><trkpt lat="56.2536053" lon="84.7731316"><ele>93.4</ele><time>1970-01-01T00:00:00.000Z</time></trkpt><trkpt lat="56.2536063" lon="84.773142"><ele>93.4</ele><time>1970-01-01T00:00:00.000Z</time></trkpt><trkpt lat="56.253616" lon="84.7731596"><ele>93.3</ele><time>1970-01-01T00:00:00.000Z</time></trkpt><trkpt lat="56.2536115" lon="84.7731551"><ele>93.6</ele><time>1970-01-01T00:00:00.000Z</time></trkpt><trkpt lat="56.2536143" lon="84.7731752"><ele>93.9</ele><time>1970-01-01T00:00:00.000Z</time></trkpt><trkpt lat="56.2536154" lon="84.7731742"><ele>93.9</ele><time>1970-01-01T00:00:00.000Z</time></trkpt><trkpt lat="56.2536095" lon="84.7732074"><ele>93.5</ele><time>1970-01-01T00:00:00.000Z</time></trkpt><trkpt lat="56.2536178" lon="84.7732175"><ele>93.5</ele><time>1970-01-01T00:00:00.000Z</time></trkpt><trkpt lat="56.2536255" lon="84.7732171"><ele>93.8</ele><time>1970-01-01T00:00:00.000Z</time></trkpt><trkpt lat="56.2536253" lon="84.7732168"><ele>93.8</ele><time>1970-01-01T00:00:00.000Z</time></trkpt><trkpt lat="56.2536344" lon="84.7732384"><ele>93.6</ele><time>1970-01-01T00:00:00.000Z</time></trkpt><trkpt lat="56.2536379" lon="84.7732494"><ele>93.3</ele><time>1970-01-01T00:00:00.000Z</time></trkpt><trkpt lat="56.2536596" lon="84.7733121"><ele>93</ele><time>1970-01-01T00:00:00.000Z</time></trkpt><trkpt lat="56.2537006" lon="84.7734229"><ele>93.3</ele><time>1970-01-01T00:00:00.000Z</time></trkpt><trkpt lat="56.2537315" lon="84.7735287"><ele>92.7</ele><time>1970-01-01T00:00:00.000Z</time></trkpt><trkpt lat="56.2537577" lon="84.7736423"><ele>93</ele><time>1970-01-01T00:00:00.000Z</time></trkpt><trkpt lat="56.2537959" lon="84.7737601"><ele>92.8</ele><time>1970-01-01T00:00:00.000Z</time></trkpt><trkpt lat="56.2538344" lon="84.7738973"><ele>92.6</ele><time>1970-01-01T00:00:00.000Z</time></trkpt><trkpt lat="56.2538644" lon="84.7740146"><ele>92.6</ele><time>1970-01-01T00:00:00.000Z</time></trkpt><trkpt lat="56.2539064" lon="84.7741477"><ele>92.2</ele><time>1970-01-01T00:00:00.000Z</time></trkpt><trkpt lat="56.2539323" lon="84.7742814"><ele>92</ele><time>1970-01-01T00:00:00.000Z</time></trkpt><trkpt lat="56.2539473" lon="84.774394"><ele>92.9</ele><time>1970-01-01T00:00:00.000Z</time></trkpt><trkpt lat="56.2539875" lon="84.7744708"><ele>92.8</ele><time>1970-01-01T00:00:00.000Z</time></trkpt><trkpt lat="56.2540492" lon="84.7744883"><ele>92.3</ele><time>1970-01-01T00:00:00.000Z</time></trkpt><trkpt lat="56.2540717" lon="84.7746061"><ele>92.3</ele><time>1970-01-01T00:00:00.000Z</time></trkpt><trkpt lat="56.2541033" lon="84.7747189"><ele>92</ele><time>1970-01-01T00:00:00.000Z</time></trkpt><trkpt lat="56.2541427" lon="84.7748206"><ele>91.4</ele><time>1970-01-01T00:00:00.000Z</time></trkpt><trkpt lat="56.2541736" lon="84.7749279"><ele>91.1</ele><time>1970-01-01T00:00:00.000Z</time></trkpt><trkpt lat="56.2542127" lon="84.7750577"><ele>91.4</ele><time>1970-01-01T00:00:00.000Z</time></trkpt><trkpt lat="56.2542423" lon="84.7751625"><ele>91.3</ele><time>1970-01-01T00:00:00.000Z</time></trkpt><trkpt lat="56.2542829" lon="84.7752989"><ele>92.1</ele><time>1970-01-01T00:00:00.000Z</time></trkpt><trkpt lat="56.2543218" lon="84.7754366"><ele>90.1</ele><time>1970-01-01T00:00:00.000Z</time></trkpt><trkpt lat="56.2543637" lon="84.7755644"><ele>90.6</ele><time>1970-01-01T00:00:00.000Z</time></trkpt><trkpt lat="56.2543932" lon="84.7756816"><ele>90.6</ele><time>1970-01-01T00:00:00.000Z</time></trkpt><trkpt lat="56.2544232" lon="84.7757893"><ele>90.9</ele><time>1970-01-01T00:00:00.000Z</time></trkpt><trkpt lat="56.2544622" lon="84.7759081"><ele>90.6</ele><time>1970-01-01T00:00:00.000Z</time></trkpt><trkpt lat="56.2545001" lon="84.7760312"><ele>91.4</ele><time>1970-01-01T00:00:00.000Z</time></trkpt><trkpt lat="56.2545422" lon="84.7761738"><ele>91.3</ele><time>1970-01-01T00:00:00.000Z</time></trkpt><trkpt lat="56.2545849" lon="84.7763139"><ele>91.1</ele><time>1970-01-01T00:00:00.000Z</time></trkpt><trkpt lat="56.254624" lon="84.7764236"><ele>90.9</ele><time>1970-01-01T00:00:00.000Z</time></trkpt><trkpt lat="56.2546585" lon="84.776538"><ele>90.6</ele><time>1970-01-01T00:00:00.000Z</time></trkpt><trkpt lat="56.2546992" lon="84.7766736"><ele>90.1</ele><time>1970-01-01T00:00:00.000Z</time></trkpt><trkpt lat="56.2547388" lon="84.7767821"><ele>89.8</ele><time>1970-01-01T00:00:00.000Z</time></trkpt><trkpt lat="56.2547873" lon="84.7769114"><ele>90</ele><time>1970-01-01T00:00:00.000Z</time></trkpt><trkpt lat="56.2548316" lon="84.7770336"><ele>90.5</ele><time>1970-01-01T00:00:00.000Z</time></trkpt><trkpt lat="56.2548726" lon="84.7771414"><ele>90.9</ele><time>1970-01-01T00:00:00.000Z</time></trkpt><trkpt lat="56.254915" lon="84.7772588"><ele>91</ele><time>1970-01-01T00:00:00.000Z</time></trkpt><trkpt lat="56.2549597" lon="84.7773956"><ele>91.2</ele><time>1970-01-01T00:00:00.000Z</time></trkpt><trkpt lat="56.254995" lon="84.7775124"><ele>90.7</ele><time>1970-01-01T00:00:00.000Z</time></trkpt><trkpt lat="56.2550297" lon="84.7776287"><ele>90.6</ele><time>1970-01-01T00:00:00.000Z</time></trkpt><trkpt lat="56.2550733" lon="84.7777656"><ele>90.4</ele><time>1970-01-01T00:00:00.000Z</time></trkpt><trkpt lat="56.2551065" lon="84.7778746"><ele>89.9</ele><time>1970-01-01T00:00:00.000Z</time></trkpt><trkpt lat="56.2551253" lon="84.778007"><ele>90.2</ele><time>1970-01-01T00:00:00.000Z</time></trkpt><trkpt lat="56.2551744" lon="84.7781068"><ele>89.9</ele><time>1970-01-01T00:00:00.000Z</time></trkpt><trkpt lat="56.2552059" lon="84.7782201"><ele>89.5</ele><time>1970-01-01T00:00:00.000Z</time></trkpt><trkpt lat="56.2552437" lon="84.7783473"><ele>89.9</ele><time>1970-01-01T00:00:00.000Z</time></trkpt><trkpt lat="56.2552765" lon="84.7784581"><ele>90.2</ele><time>1970-01-01T00:00:00.000Z</time></trkpt><trkpt lat="56.2553116" lon="84.7785644"><ele>89.9</ele><time>1970-01-01T00:00:00.000Z</time></trkpt><trkpt lat="56.2553497" lon="84.7786871"><ele>90.3</ele><time>1970-01-01T00:00:00.000Z</time></trkpt><trkpt lat="56.2553867" lon="84.7788122"><ele>89.6</ele><time>1970-01-01T00:00:00.000Z</time></trkpt><trkpt lat="56.2554177" lon="84.7789182"><ele>90.2</ele><time>1970-01-01T00:00:00.000Z</time></trkpt><trkpt lat="56.2554546" lon="84.7790347"><ele>89.9</ele><time>1970-01-01T00:00:00.000Z</time></trkpt><trkpt lat="56.255496" lon="84.7791398"><ele>89.7</ele><time>1970-01-01T00:00:00.000Z</time></trkpt><trkpt lat="56.2555342" lon="84.7792439"><ele>89.6</ele><time>1970-01-01T00:00:00.000Z</time></trkpt><trkpt lat="56.2555779" lon="84.7793651"><ele>89.8</ele><time>1970-01-01T00:00:00.000Z</time></trkpt><trkpt lat="56.2556223" lon="84.7794855"><ele>89.7</ele><time>1970-01-01T00:00:00.000Z</time></trkpt><trkpt lat="56.2556647" lon="84.7796004"><ele>90.1</ele><time>1970-01-01T00:00:00.000Z</time></trkpt><trkpt lat="56.2557085" lon="84.7797343"><ele>90</ele><time>1970-01-01T00:00:00.000Z</time></trkpt><trkpt lat="56.255749" lon="84.7798671"><ele>90.6</ele><time>1970-01-01T00:00:00.000Z</time></trkpt><trkpt lat="56.255787" lon="84.7799889"><ele>90.1</ele><time>1970-01-01T00:00:00.000Z</time></trkpt><trkpt lat="56.2558274" lon="84.7801143"><ele>90.7</ele><time>1970-01-01T00:00:00.000Z</time></trkpt><trkpt lat="56.2558644" lon="84.78024"><ele>91</ele><time>1970-01-01T00:00:00.000Z</time></trkpt><trkpt lat="56.2559104" lon="84.7803814"><ele>90.8</ele><time>1970-01-01T00:00:00.000Z</time></trkpt><trkpt lat="56.2559542" lon="84.7805173"><ele>91</ele><time>1970-01-01T00:00:00.000Z</time></trkpt><trkpt lat="56.2559959" lon="84.7806554"><ele>90.8</ele><time>1970-01-01T00:00:00.000Z</time></trkpt><trkpt lat="56.2560251" lon="84.7807695"><ele>90.4</ele><time>1970-01-01T00:00:00.000Z</time></trkpt><trkpt lat="56.2560593" lon="84.7809005"><ele>90.3</ele><time>1970-01-01T00:00:00.000Z</time></trkpt><trkpt lat="56.2560982" lon="84.7810188"><ele>90.2</ele><time>1970-01-01T00:00:00.000Z</time></trkpt><trkpt lat="56.2561471" lon="84.7811484"><ele>91.1</ele><time>1970-01-01T00:00:00.000Z</time></trkpt><trkpt lat="56.2561823" lon="84.7812565"><ele>91.1</ele><time>1970-01-01T00:00:00.000Z</time></trkpt><trkpt lat="56.2562128" lon="84.7813766"><ele>90.6</ele><time>1970-01-01T00:00:00.000Z</time></trkpt><trkpt lat="56.2562438" lon="84.7814975"><ele>90.3</ele><time>1970-01-01T00:00:00.000Z</time></trkpt><trkpt lat="56.2562758" lon="84.7816274"><ele>90.2</ele><time>1970-01-01T00:00:00.000Z</time></trkpt><trkpt lat="56.256306" lon="84.7817374"><ele>90</ele><time>1970-01-01T00:00:00.000Z</time></trkpt><trkpt lat="56.2563487" lon="84.7818781"><ele>89.8</ele><time>1970-01-01T00:00:00.000Z</time></trkpt><trkpt lat="56.2563827" lon="84.781989"><ele>89.8</ele><time>1970-01-01T00:00:00.000Z</time></trkpt><trkpt lat="56.256417" lon="84.7821008"><ele>89.5</ele><time>1970-01-01T00:00:00.000Z</time></trkpt><trkpt lat="56.2564591" lon="84.7822295"><ele>89.4</ele><time>1970-01-01T00:00:00.000Z</time></trkpt><trkpt lat="56.2564986" lon="84.7823522"><ele>89.2</ele><time>1970-01-01T00:00:00.000Z</time></trkpt><trkpt lat="56.2565393" lon="84.7824633"><ele>89.3</ele><time>1970-01-01T00:00:00.000Z</time></trkpt><trkpt lat="56.2565739" lon="84.7825764"><ele>89.5</ele><time>1970-01-01T00:00:00.000Z</time></trkpt><trkpt lat="56.2566147" lon="84.7826978"><ele>89.7</ele><time>1970-01-01T00:00:00.000Z</time></trkpt><trkpt lat="56.2566499" lon="84.7828118"><ele>89.7</ele><time>1970-01-01T00:00:00.000Z</time></trkpt><trkpt lat="56.2566905" lon="84.7829366"><ele>89.9</ele><time>1970-01-01T00:00:00.000Z</time></trkpt><trkpt lat="56.25673" lon="84.7830674"><ele>90.1</ele><time>1970-01-01T00:00:00.000Z</time></trkpt><trkpt lat="56.2567602" lon="84.7831916"><ele>90.4</ele><time>1970-01-01T00:00:00.000Z</time></trkpt><trkpt lat="56.2568093" lon="84.7833312"><ele>90.7</ele><time>1970-01-01T00:00:00.000Z</time></trkpt><trkpt lat="56.256864" lon="84.783465"><ele>90.9</ele><time>1970-01-01T00:00:00.000Z</time></trkpt><trkpt lat="56.2569038" lon="84.7835824"><ele>92.1</ele><time>1970-01-01T00:00:00.000Z</time></trkpt><trkpt lat="56.2569429" lon="84.7836959"><ele>92.5</ele><time>1970-01-01T00:00:00.000Z</time></trkpt><trkpt lat="56.256987" lon="84.7838251"><ele>91.5</ele><time>1970-01-01T00:00:00.000Z</time></trkpt><trkpt lat="56.2570216" lon="84.7839425"><ele>91.7</ele><time>1970-01-01T00:00:00.000Z</time></trkpt><trkpt lat="56.2570564" lon="84.7840635"><ele>92.2</ele><time>1970-01-01T00:00:00.000Z</time></trkpt><trkpt lat="56.2570596" lon="84.7841579"><ele>91.7</ele><time>1970-01-01T00:00:00.000Z</time></trkpt><trkpt lat="56.2570745" lon="84.7842145"><ele>91.9</ele><time>1970-01-01T00:00:00.000Z</time></trkpt><trkpt lat="56.2571327" lon="84.7843532"><ele>92.3</ele><time>1970-01-01T00:00:00.000Z</time></trkpt><trkpt lat="56.2571789" lon="84.784484"><ele>92.5</ele><time>1970-01-01T00:00:00.000Z</time></trkpt><trkpt lat="56.2571824" lon="84.7845363"><ele>93</ele><time>1970-01-01T00:00:00.000Z</time></trkpt><trkpt lat="56.2571748" lon="84.7845358"><ele>93</ele><time>1970-01-01T00:00:00.000Z</time></trkpt><trkpt lat="56.2571706" lon="84.7845294"><ele>93</ele><time>1970-01-01T00:00:00.000Z</time></trkpt><trkpt lat="56.2571669" lon="84.7845191"><ele>93</ele><time>1970-01-01T00:00:00.000Z</time></trkpt><trkpt lat="56.2571682" lon="84.7845205"><ele>92.9</ele><time>1970-01-01T00:00:00.000Z</time></trkpt><trkpt lat="56.2571697" lon="84.7845131"><ele>93</ele><time>1970-01-01T00:00:00.000Z</time></trkpt><trkpt lat="56.2571653" lon="84.7845046"><ele>93</ele><time>1970-01-01T00:00:00.000Z</time></trkpt><trkpt lat="56.2571657" lon="84.7845038"><ele>93</ele><time>1970-01-01T00:00:00.000Z</time></trkpt><trkpt lat="56.2571656" lon="84.784503"><ele>93</ele><time>1970-01-01T00:00:00.000Z</time></trkpt><trkpt lat="56.2571656" lon="84.7845023"><ele>93</ele><time>1970-01-01T00:00:00.000Z</time></trkpt><trkpt lat="56.2571585" lon="84.7844928"><ele>93.2</ele><time>1970-01-01T00:00:00.000Z</time></trkpt><trkpt lat="56.2571432" lon="84.7844635"><ele>92.6</ele><time>1970-01-01T00:00:00.000Z</time></trkpt><trkpt lat="56.257147" lon="84.7844617"><ele>92.6</ele><time>1970-01-01T00:00:00.000Z</time></trkpt><trkpt lat="56.2571473" lon="84.7844603"><ele>92.4</ele><time>1970-01-01T00:00:00.000Z</time></trkpt><trkpt lat="56.2571469" lon="84.7844591"><ele>92.4</ele><time>1970-01-01T00:00:00.000Z</time></trkpt><trkpt lat="56.2571662" lon="84.7844746"><ele>91.8</ele><time>1970-01-01T00:00:00.000Z</time></trkpt><trkpt lat="56.2571758" lon="84.7845108"><ele>91.4</ele><time>1970-01-01T00:00:00.000Z</time></trkpt><trkpt lat="56.2571743" lon="84.7845165"><ele>91.4</ele><time>1970-01-01T00:00:00.000Z</time></trkpt><trkpt lat="56.2571748" lon="84.7845178"><ele>91.4</ele><time>1970-01-01T00:00:00.000Z</time></trkpt><trkpt lat="56.2571732" lon="84.784518"><ele>91.4</ele><time>1970-01-01T00:00:00.000Z</time></trkpt><trkpt lat="56.2571856" lon="84.7845463"><ele>91</ele><time>1970-01-01T00:00:00.000Z</time></trkpt><trkpt lat="56.2572" lon="84.7846129"><ele>90.8</ele><time>1970-01-01T00:00:00.000Z</time></trkpt><trkpt lat="56.2572396" lon="84.784711"><ele>91.2</ele><time>1970-01-01T00:00:00.000Z</time></trkpt><trkpt lat="56.2572812" lon="84.7848271"><ele>91.8</ele><time>1970-01-01T00:00:00.000Z</time></trkpt><trkpt lat="56.2573311" lon="84.7849464"><ele>91.6</ele><time>1970-01-01T00:00:00.000Z</time></trkpt><trkpt lat="56.2573592" lon="84.7850474"><ele>91.4</ele><time>1970-01-01T00:00:00.000Z</time></trkpt><trkpt lat="56.2574" lon="84.7851713"><ele>91.7</ele><time>1970-01-01T00:00:00.000Z</time></trkpt><trkpt lat="56.2574456" lon="84.7853091"><ele>91.3</ele><time>1970-01-01T00:00:00.000Z</time></trkpt><trkpt lat="56.2574785" lon="84.7854139"><ele>91</ele><time>1970-01-01T00:00:00.000Z</time></trkpt><trkpt lat="56.2575192" lon="84.7855314"><ele>90.6</ele><time>1970-01-01T00:00:00.000Z</time></trkpt><trkpt lat="56.2575511" lon="84.7856381"><ele>90.6</ele><time>1970-01-01T00:00:00.000Z</time></trkpt><trkpt lat="56.2575823" lon="84.7857409"><ele>90.4</ele><time>1970-01-01T00:00:00.000Z</time></trkpt><trkpt lat="56.2576076" lon="84.7858497"><ele>90.4</ele><time>1970-01-01T00:00:00.000Z</time></trkpt><trkpt lat="56.2576443" lon="84.7859481"><ele>90</ele><time>1970-01-01T00:00:00.000Z</time></trkpt><trkpt lat="56.257676" lon="84.7860574"><ele>90.4</ele><time>1970-01-01T00:00:00.000Z</time></trkpt><trkpt lat="56.2577066" lon="84.7861594"><ele>91</ele><time>1970-01-01T00:00:00.000Z</time></trkpt><trkpt lat="56.2577408" lon="84.78627"><ele>90.5</ele><time>1970-01-01T00:00:00.000Z</time></trkpt><trkpt lat="56.2577674" lon="84.7863802"><ele>90.3</ele><time>1970-01-01T00:00:00.000Z</time></trkpt><trkpt lat="56.2578032" lon="84.7864951"><ele>89.8</ele><time>1970-01-01T00:00:00.000Z</time></trkpt><trkpt lat="56.2578399" lon="84.7866075"><ele>89.6</ele><time>1970-01-01T00:00:00.000Z</time></trkpt><trkpt lat="56.2578765" lon="84.786716"><ele>89.6</ele><time>1970-01-01T00:00:00.000Z</time></trkpt><trkpt lat="56.2579121" lon="84.7868293"><ele>89.6</ele><time>1970-01-01T00:00:00.000Z</time></trkpt><trkpt lat="56.2579445" lon="84.7869423"><ele>89.4</ele><time>1970-01-01T00:00:00.000Z</time></trkpt><trkpt lat="56.2579777" lon="84.7870549"><ele>89.2</ele><time>1970-01-01T00:00:00.000Z</time></trkpt><trkpt lat="56.2580205" lon="84.7871923"><ele>89.8</ele><time>1970-01-01T00:00:00.000Z</time></trkpt><trkpt lat="56.258062" lon="84.7873293"><ele>90</ele><time>1970-01-01T00:00:00.000Z</time></trkpt><trkpt lat="56.2580928" lon="84.7874408"><ele>90.1</ele><time>1970-01-01T00:00:00.000Z</time></trkpt><trkpt lat="56.2581339" lon="84.7875711"><ele>90.4</ele><time>1970-01-01T00:00:00.000Z</time></trkpt><trkpt lat="56.2581695" lon="84.7876772"><ele>89.7</ele><time>1970-01-01T00:00:00.000Z</time></trkpt><trkpt lat="56.258202" lon="84.7877906"><ele>89.6</ele><time>1970-01-01T00:00:00.000Z</time></trkpt><trkpt lat="56.2582366" lon="84.7878956"><ele>89.6</ele><time>1970-01-01T00:00:00.000Z</time></trkpt><trkpt lat="56.2582762" lon="84.7880062"><ele>90</ele><time>1970-01-01T00:00:00.000Z</time></trkpt><trkpt lat="56.2583169" lon="84.7881163"><ele>90</ele><time>1970-01-01T00:00:00.000Z</time></trkpt><trkpt lat="56.2583579" lon="84.7882137"><ele>90</ele><time>1970-01-01T00:00:00.000Z</time></trkpt><trkpt lat="56.2583971" lon="84.788323"><ele>90</ele><time>1970-01-01T00:00:00.000Z</time></trkpt><trkpt lat="56.258437" lon="84.7884439"><ele>90.4</ele><time>1970-01-01T00:00:00.000Z</time></trkpt><trkpt lat="56.2584817" lon="84.7885686"><ele>90.4</ele><time>1970-01-01T00:00:00.000Z</time></trkpt><trkpt lat="56.2585184" lon="84.7886964"><ele>90.3</ele><time>1970-01-01T00:00:00.000Z</time></trkpt><trkpt lat="56.2585517" lon="84.7888234"><ele>90.2</ele><time>1970-01-01T00:00:00.000Z</time></trkpt><trkpt lat="56.2586009" lon="84.7889232"><ele>90.2</ele><time>1970-01-01T00:00:00.000Z</time></trkpt><trkpt lat="56.2586521" lon="84.7890245"><ele>90.7</ele><time>1970-01-01T00:00:00.000Z</time></trkpt><trkpt lat="56.258681" lon="84.789174"><ele>90.3</ele><time>1970-01-01T00:00:00.000Z</time></trkpt><trkpt lat="56.2587028" lon="84.789285"><ele>90.3</ele><time>1970-01-01T00:00:00.000Z</time></trkpt><trkpt lat="56.2587403" lon="84.7893716"><ele>93.4</ele><time>1970-01-01T00:00:00.000Z</time></trkpt><trkpt lat="56.2587572" lon="84.7893438"><ele>93.4</ele><time>1970-01-01T00:00:00.000Z</time></trkpt><trkpt lat="56.2587545" lon="84.7893563"><ele>93.3</ele><time>1970-01-01T00:00:00.000Z</time></trkpt><trkpt lat="56.2587838" lon="84.7894541"><ele>92.9</ele><time>1970-01-01T00:00:00.000Z</time></trkpt><trkpt lat="56.2588036" lon="84.7896023"><ele>92.8</ele><time>1970-01-01T00:00:00.000Z</time></trkpt><trkpt lat="56.2588476" lon="84.7897255"><ele>92.9</ele><time>1970-01-01T00:00:00.000Z</time></trkpt><trkpt lat="56.2588843" lon="84.7898499"><ele>92.5</ele><time>1970-01-01T00:00:00.000Z</time></trkpt><trkpt lat="56.2589188" lon="84.789962"><ele>91.9</ele><time>1970-01-01T00:00:00.000Z</time></trkpt><trkpt lat="56.2589522" lon="84.7900878"><ele>91.7</ele><time>1970-01-01T00:00:00.000Z</time></trkpt><trkpt lat="56.2589921" lon="84.7902104"><ele>91.3</ele><time>1970-01-01T00:00:00.000Z</time></trkpt><trkpt lat="56.2590359" lon="84.7903418"><ele>91.5</ele><time>1970-01-01T00:00:00.000Z</time></trkpt><trkpt lat="56.2590747" lon="84.7904453"><ele>91.6</ele><time>1970-01-01T00:00:00.000Z</time></trkpt><trkpt lat="56.259116" lon="84.790573"><ele>91.6</ele><time>1970-01-01T00:00:00.000Z</time></trkpt><trkpt lat="56.2591593" lon="84.7906916"><ele>91.4</ele><time>1970-01-01T00:00:00.000Z</time></trkpt><trkpt lat="56.259195" lon="84.7908061"><ele>91</ele><time>1970-01-01T00:00:00.000Z</time></trkpt><trkpt lat="56.2592337" lon="84.7909182"><ele>90.7</ele><time>1970-01-01T00:00:00.000Z</time></trkpt><trkpt lat="56.2592697" lon="84.791034"><ele>90.2</ele><time>1970-01-01T00:00:00.000Z</time></trkpt><trkpt lat="56.2593089" lon="84.7911544"><ele>90.3</ele><time>1970-01-01T00:00:00.000Z</time></trkpt><trkpt lat="56.2593457" lon="84.7912645"><ele>90.4</ele><time>1970-01-01T00:00:00.000Z</time></trkpt><trkpt lat="56.2593606" lon="84.7913503"><ele>90.5</ele><time>1970-01-01T00:00:00.000Z</time></trkpt><trkpt lat="56.259406" lon="84.7914322"><ele>91</ele><time>1970-01-01T00:00:00.000Z</time></trkpt><trkpt lat="56.2594448" lon="84.7915831"><ele>91.4</ele><time>1970-01-01T00:00:00.000Z</time></trkpt><trkpt lat="56.2594678" lon="84.7917026"><ele>91.1</ele><time>1970-01-01T00:00:00.000Z</time></trkpt><trkpt lat="56.25951" lon="84.7918313"><ele>90.9</ele><time>1970-01-01T00:00:00.000Z</time></trkpt><trkpt lat="56.2595478" lon="84.7919471"><ele>90.3</ele><time>1970-01-01T00:00:00.000Z</time></trkpt><trkpt lat="56.2595874" lon="84.7920452"><ele>90.4</ele><time>1970-01-01T00:00:00.000Z</time></trkpt><trkpt lat="56.2596205" lon="84.7921476"><ele>90.8</ele><time>1970-01-01T00:00:00.000Z</time></trkpt><trkpt lat="56.2596489" lon="84.7922653"><ele>91.1</ele><time>1970-01-01T00:00:00.000Z</time></trkpt><trkpt lat="56.2596621" lon="84.7923595"><ele>90.8</ele><time>1970-01-01T00:00:00.000Z</time></trkpt><trkpt lat="56.2596575" lon="84.7924346"><ele>90.2</ele><time>1970-01-01T00:00:00.000Z</time></trkpt><trkpt lat="56.2596943" lon="84.792492"><ele>90.4</ele><time>1970-01-01T00:00:00.000Z</time></trkpt><trkpt lat="56.2597416" lon="84.7925676"><ele>90.3</ele><time>1970-01-01T00:00:00.000Z</time></trkpt><trkpt lat="56.2597852" lon="84.7926965"><ele>90</ele><time>1970-01-01T00:00:00.000Z</time></trkpt><trkpt lat="56.2598179" lon="84.7928197"><ele>89.1</ele><time>1970-01-01T00:00:00.000Z</time></trkpt><trkpt lat="56.2598567" lon="84.7929306"><ele>89</ele><time>1970-01-01T00:00:00.000Z</time></trkpt><trkpt lat="56.259898" lon="84.7930649"><ele>89.1</ele><time>1970-01-01T00:00:00.000Z</time></trkpt><trkpt lat="56.2599373" lon="84.793188"><ele>89</ele><time>1970-01-01T00:00:00.000Z</time></trkpt><trkpt lat="56.2599763" lon="84.7932984"><ele>88.9</ele><time>1970-01-01T00:00:00.000Z</time></trkpt><trkpt lat="56.260027" lon="84.7933922"><ele>88.5</ele><time>1970-01-01T00:00:00.000Z</time></trkpt><trkpt lat="56.2600316" lon="84.793359"><ele>88.5</ele><time>1970-01-01T00:00:00.000Z</time></trkpt><trkpt lat="56.2600272" lon="84.793348"><ele>89.1</ele><time>1970-01-01T00:00:00.000Z</time></trkpt><trkpt lat="56.2600296" lon="84.793347"><ele>89.3</ele><time>1970-01-01T00:00:00.000Z</time></trkpt><trkpt lat="56.2600288" lon="84.7933535"><ele>89.3</ele><time>1970-01-01T00:00:00.000Z</time></trkpt><trkpt lat="56.2600286" lon="84.7933547"><ele>89.1</ele><time>1970-01-01T00:00:00.000Z</time></trkpt><trkpt lat="56.2600193" lon="84.7933541"><ele>89.1</ele><time>1970-01-01T00:00:00.000Z</time></trkpt><trkpt lat="56.2600178" lon="84.7933507"><ele>89.4</ele><time>1970-01-01T00:00:00.000Z</time></trkpt><trkpt lat="56.2600179" lon="84.7933516"><ele>89.4</ele><time>1970-01-01T00:00:00.000Z</time></trkpt><trkpt lat="56.260018" lon="84.7933562"><ele>89.7</ele><time>1970-01-01T00:00:00.000Z</time></trkpt><trkpt lat="56.2600183" lon="84.7934388"><ele>88.5</ele><time>1970-01-01T00:00:00.000Z</time></trkpt><trkpt lat="56.260027" lon="84.7935362"><ele>88.6</ele><time>1970-01-01T00:00:00.000Z</time></trkpt><trkpt lat="56.260061" lon="84.7936582"><ele>88.1</ele><time>1970-01-01T00:00:00.000Z</time></trkpt><trkpt lat="56.2601118" lon="84.7937854"><ele>87.1</ele><time>1970-01-01T00:00:00.000Z</time></trkpt><trkpt lat="56.2601452" lon="84.7938835"><ele>87.4</ele><time>1970-01-01T00:00:00.000Z</time></trkpt><trkpt lat="56.2601831" lon="84.7939935"><ele>86.9</ele><time>1970-01-01T00:00:00.000Z</time></trkpt><trkpt lat="56.2602218" lon="84.7941014"><ele>86.3</ele><time>1970-01-01T00:00:00.000Z</time></trkpt><trkpt lat="56.2602577" lon="84.7942144"><ele>86.3</ele><time>1970-01-01T00:00:00.000Z</time></trkpt><trkpt lat="56.2602981" lon="84.7943279"><ele>86.7</ele><time>1970-01-01T00:00:00.000Z</time></trkpt><trkpt lat="56.2603351" lon="84.7944444"><ele>86.9</ele><time>1970-01-01T00:00:00.000Z</time></trkpt><trkpt lat="56.2603713" lon="84.7945551"><ele>87.4</ele><time>1970-01-01T00:00:00.000Z</time></trkpt><trkpt lat="56.2603928" lon="84.7946694"><ele>87.6</ele><time>1970-01-01T00:00:00.000Z</time></trkpt><trkpt lat="56.2604192" lon="84.7947437"><ele>87.5</ele><time>1970-01-01T00:00:00.000Z</time></trkpt><trkpt lat="56.2604446" lon="84.7947743"><ele>89</ele><time>1970-01-01T00:00:00.000Z</time></trkpt><trkpt lat="56.2604678" lon="84.7948697"><ele>88.7</ele><time>1970-01-01T00:00:00.000Z</time></trkpt><trkpt lat="56.2605081" lon="84.794992"><ele>88.4</ele><time>1970-01-01T00:00:00.000Z</time></trkpt><trkpt lat="56.2605404" lon="84.7950983"><ele>88.2</ele><time>1970-01-01T00:00:00.000Z</time></trkpt><trkpt lat="56.2605816" lon="84.795203"><ele>88.3</ele><time>1970-01-01T00:00:00.000Z</time></trkpt><trkpt lat="56.2606215" lon="84.7953067"><ele>88.6</ele><time>1970-01-01T00:00:00.000Z</time></trkpt><trkpt lat="56.2606575" lon="84.7954179"><ele>88.2</ele><time>1970-01-01T00:00:00.000Z</time></trkpt><trkpt lat="56.2606879" lon="84.795535"><ele>87.9</ele><time>1970-01-01T00:00:00.000Z</time></trkpt><trkpt lat="56.2607213" lon="84.795649"><ele>87.2</ele><time>1970-01-01T00:00:00.000Z</time></trkpt><trkpt lat="56.2607476" lon="84.7957719"><ele>87.1</ele><time>1970-01-01T00:00:00.000Z</time></trkpt><trkpt lat="56.2607741" lon="84.795886"><ele>87.1</ele><time>1970-01-01T00:00:00.000Z</time></trkpt><trkpt lat="56.2608051" lon="84.7959981"><ele>87.1</ele><time>1970-01-01T00:00:00.000Z</time></trkpt><trkpt lat="56.2608718" lon="84.7960963"><ele>87.1</ele><time>1970-01-01T00:00:00.000Z</time></trkpt><trkpt lat="56.2609094" lon="84.796193"><ele>86.9</ele><time>1970-01-01T00:00:00.000Z</time></trkpt><trkpt lat="56.260948" lon="84.7963117"><ele>86.7</ele><time>1970-01-01T00:00:00.000Z</time></trkpt><trkpt lat="56.2609886" lon="84.7964112"><ele>87.1</ele><time>1970-01-01T00:00:00.000Z</time></trkpt><trkpt lat="56.2610256" lon="84.7965194"><ele>87.5</ele><time>1970-01-01T00:00:00.000Z</time></trkpt><trkpt lat="56.2610516" lon="84.796628"><ele>87.4</ele><time>1970-01-01T00:00:00.000Z</time></trkpt><trkpt lat="56.2610875" lon="84.7967515"><ele>87.4</ele><time>1970-01-01T00:00:00.000Z</time></trkpt><trkpt lat="56.2611244" lon="84.7968622"><ele>87.1</ele><time>1970-01-01T00:00:00.000Z</time></trkpt><trkpt lat="56.2611637" lon="84.7969807"><ele>87.5</ele><time>1970-01-01T00:00:00.000Z</time></trkpt><trkpt lat="56.2612017" lon="84.7970926"><ele>87.6</ele><time>1970-01-01T00:00:00.000Z</time></trkpt><trkpt lat="56.2612349" lon="84.7972042"><ele>87.3</ele><time>1970-01-01T00:00:00.000Z</time></trkpt><trkpt lat="56.2612714" lon="84.7973197"><ele>86.8</ele><time>1970-01-01T00:00:00.000Z</time></trkpt><trkpt lat="56.2613083" lon="84.7974295"><ele>87</ele><time>1970-01-01T00:00:00.000Z</time></trkpt><trkpt lat="56.2613444" lon="84.7975583"><ele>87</ele><time>1970-01-01T00:00:00.000Z</time></trkpt><trkpt lat="56.2613853" lon="84.7976783"><ele>87.3</ele><time>1970-01-01T00:00:00.000Z</time></trkpt><trkpt lat="56.2614259" lon="84.7978025"><ele>87.4</ele><time>1970-01-01T00:00:00.000Z</time></trkpt><trkpt lat="56.261467" lon="84.7979244"><ele>87.3</ele><time>1970-01-01T00:00:00.000Z</time></trkpt><trkpt lat="56.2615049" lon="84.798045"><ele>87.6</ele><time>1970-01-01T00:00:00.000Z</time></trkpt><trkpt lat="56.2614972" lon="84.7981481"><ele>86.5</ele><time>1970-01-01T00:00:00.000Z</time></trkpt><trkpt lat="56.2615448" lon="84.7982394"><ele>87</ele><time>1970-01-01T00:00:00.000Z</time></trkpt><trkpt lat="56.2615684" lon="84.7983644"><ele>86.9</ele><time>1970-01-01T00:00:00.000Z</time></trkpt><trkpt lat="56.2616149" lon="84.7984927"><ele>87.4</ele><time>1970-01-01T00:00:00.000Z</time></trkpt><trkpt lat="56.2616525" lon="84.7985904"><ele>87.4</ele><time>1970-01-01T00:00:00.000Z</time></trkpt><trkpt lat="56.2616966" lon="84.7987053"><ele>87.8</ele><time>1970-01-01T00:00:00.000Z</time></trkpt><trkpt lat="56.2617294" lon="84.7988144"><ele>87.8</ele><time>1970-01-01T00:00:00.000Z</time></trkpt><trkpt lat="56.2617632" lon="84.798931"><ele>87.5</ele><time>1970-01-01T00:00:00.000Z</time></trkpt><trkpt lat="56.2617912" lon="84.7990356"><ele>87.9</ele><time>1970-01-01T00:00:00.000Z</time></trkpt><trkpt lat="56.2618297" lon="84.7991535"><ele>87.9</ele><time>1970-01-01T00:00:00.000Z</time></trkpt><trkpt lat="56.2618679" lon="84.7992758"><ele>87.9</ele><time>1970-01-01T00:00:00.000Z</time></trkpt><trkpt lat="56.2618921" lon="84.7994004"><ele>87.6</ele><time>1970-01-01T00:00:00.000Z</time></trkpt><trkpt lat="56.2619301" lon="84.7995098"><ele>87.3</ele><time>1970-01-01T00:00:00.000Z</time></trkpt><trkpt lat="56.2619687" lon="84.7996328"><ele>87.2</ele><time>1970-01-01T00:00:00.000Z</time></trkpt><trkpt lat="56.2620062" lon="84.7997402"><ele>86.9</ele><time>1970-01-01T00:00:00.000Z</time></trkpt><trkpt lat="56.2620538" lon="84.7998666"><ele>87</ele><time>1970-01-01T00:00:00.000Z</time></trkpt><trkpt lat="56.262094" lon="84.7999704"><ele>86.9</ele><time>1970-01-01T00:00:00.000Z</time></trkpt><trkpt lat="56.2621299" lon="84.8000771"><ele>86.6</ele><time>1970-01-01T00:00:00.000Z</time></trkpt><trkpt lat="56.2621622" lon="84.8001875"><ele>86.9</ele><time>1970-01-01T00:00:00.000Z</time></trkpt><trkpt lat="56.2622013" lon="84.800298"><ele>86.9</ele><time>1970-01-01T00:00:00.000Z</time></trkpt><trkpt lat="56.2622406" lon="84.8004133"><ele>86.7</ele><time>1970-01-01T00:00:00.000Z</time></trkpt><trkpt lat="56.2622804" lon="84.8005207"><ele>86.5</ele><time>1970-01-01T00:00:00.000Z</time></trkpt><trkpt lat="56.262322" lon="84.8006376"><ele>86.3</ele><time>1970-01-01T00:00:00.000Z</time></trkpt><trkpt lat="56.2623646" lon="84.8007617"><ele>86.3</ele><time>1970-01-01T00:00:00.000Z</time></trkpt><trkpt lat="56.2623994" lon="84.8008676"><ele>86.5</ele><time>1970-01-01T00:00:00.000Z</time></trkpt><trkpt lat="56.2624281" lon="84.8009776"><ele>86.5</ele><time>1970-01-01T00:00:00.000Z</time></trkpt><trkpt lat="56.2624668" lon="84.8011041"><ele>86.5</ele><time>1970-01-01T00:00:00.000Z</time></trkpt><trkpt lat="56.2624976" lon="84.8012145"><ele>86.3</ele><time>1970-01-01T00:00:00.000Z</time></trkpt><trkpt lat="56.2625354" lon="84.8013314"><ele>86.2</ele><time>1970-01-01T00:00:00.000Z</time></trkpt><trkpt lat="56.2625709" lon="84.8014362"><ele>86.2</ele><time>1970-01-01T00:00:00.000Z</time></trkpt><trkpt lat="56.2626057" lon="84.8015489"><ele>86.2</ele><time>1970-01-01T00:00:00.000Z</time></trkpt><trkpt lat="56.2626479" lon="84.8016664"><ele>85.5</ele><time>1970-01-01T00:00:00.000Z</time></trkpt><trkpt lat="56.2626822" lon="84.8017738"><ele>85.7</ele><time>1970-01-01T00:00:00.000Z</time></trkpt><trkpt lat="56.2627209" lon="84.8018908"><ele>85.2</ele><time>1970-01-01T00:00:00.000Z</time></trkpt><trkpt lat="56.2627569" lon="84.8019954"><ele>85.6</ele><time>1970-01-01T00:00:00.000Z</time></trkpt><trkpt lat="56.2628" lon="84.8021293"><ele>85.8</ele><time>1970-01-01T00:00:00.000Z</time></trkpt><trkpt lat="56.2628328" lon="84.8022413"><ele>85.7</ele><time>1970-01-01T00:00:00.000Z</time></trkpt><trkpt lat="56.2628698" lon="84.8023502"><ele>85.4</ele><time>1970-01-01T00:00:00.000Z</time></trkpt><trkpt lat="56.2629285" lon="84.8024464"><ele>86.3</ele><time>1970-01-01T00:00:00.000Z</time></trkpt><trkpt lat="56.2629577" lon="84.8024684"><ele>88.1</ele><time>1970-01-01T00:00:00.000Z</time></trkpt><trkpt lat="56.2629534" lon="84.8024595"><ele>88.1</ele><time>1970-01-01T00:00:00.000Z</time></trkpt><trkpt lat="56.2629571" lon="84.802451"><ele>88.1</ele><time>1970-01-01T00:00:00.000Z</time></trkpt><trkpt lat="56.2629535" lon="84.8024441"><ele>88.5</ele><time>1970-01-01T00:00:00.000Z</time></trkpt><trkpt lat="56.262949" lon="84.8024335"><ele>88.6</ele><time>1970-01-01T00:00:00.000Z</time></trkpt><trkpt lat="56.262948" lon="84.8024316"><ele>89</ele><time>1970-01-01T00:00:00.000Z</time></trkpt><trkpt lat="56.2629468" lon="84.8024271"><ele>89</ele><time>1970-01-01T00:00:00.000Z</time></trkpt><trkpt lat="56.2629439" lon="84.8024215"><ele>89.1</ele><time>1970-01-01T00:00:00.000Z</time></trkpt><trkpt lat="56.2629438" lon="84.8024212"><ele>89.1</ele><time>1970-01-01T00:00:00.000Z</time></trkpt><trkpt lat="56.2629444" lon="84.8024295"><ele>88.6</ele><time>1970-01-01T00:00:00.000Z</time></trkpt><trkpt lat="56.2629457" lon="84.8024353"><ele>87.7</ele><time>1970-01-01T00:00:00.000Z</time></trkpt><trkpt lat="56.2629636" lon="84.8024437"><ele>87.3</ele><time>1970-01-01T00:00:00.000Z</time></trkpt><trkpt lat="56.2629871" lon="84.8024577"><ele>86.9</ele><time>1970-01-01T00:00:00.000Z</time></trkpt><trkpt lat="56.2630344" lon="84.8024945"><ele>86.7</ele><time>1970-01-01T00:00:00.000Z</time></trkpt><trkpt lat="56.2630356" lon="84.8024842"><ele>86.7</ele><time>1970-01-01T00:00:00.000Z</time></trkpt><trkpt lat="56.2630364" lon="84.8024831"><ele>86.7</ele><time>1970-01-01T00:00:00.000Z</time></trkpt><trkpt lat="56.2630373" lon="84.8024811"><ele>86.8</ele><time>1970-01-01T00:00:00.000Z</time></trkpt><trkpt lat="56.2630301" lon="84.80249"><ele>86.7</ele><time>1970-01-01T00:00:00.000Z</time></trkpt><trkpt lat="56.2630279" lon="84.8024891"><ele>86.5</ele><time>1970-01-01T00:00:00.000Z</time></trkpt><trkpt lat="56.2630246" lon="84.8024885"><ele>86.5</ele><time>1970-01-01T00:00:00.000Z</time></trkpt><trkpt lat="56.2630127" lon="84.8024737"><ele>86</ele><time>1970-01-01T00:00:00.000Z</time></trkpt><trkpt lat="56.2630081" lon="84.8023917"><ele>84.5</ele><time>1970-01-01T00:00:00.000Z</time></trkpt><trkpt lat="56.2629744" lon="84.802427"><ele>84.6</ele><time>1970-01-01T00:00:00.000Z</time></trkpt><trkpt lat="56.2629513" lon="84.8025406"><ele>84.9</ele><time>1970-01-01T00:00:00.000Z</time></trkpt><trkpt lat="56.2629887" lon="84.802687"><ele>84.7</ele><time>1970-01-01T00:00:00.000Z</time></trkpt><trkpt lat="56.2630265" lon="84.8028302"><ele>85.3</ele><time>1970-01-01T00:00:00.000Z</time></trkpt><trkpt lat="56.263058" lon="84.8029686"><ele>85.7</ele><time>1970-01-01T00:00:00.000Z</time></trkpt><trkpt lat="56.2630845" lon="84.8030879"><ele>85.3</ele><time>1970-01-01T00:00:00.000Z</time></trkpt><trkpt lat="56.2631302" lon="84.8031941"><ele>85.8</ele><time>1970-01-01T00:00:00.000Z</time></trkpt><trkpt lat="56.263177" lon="84.8033151"><ele>86.1</ele><time>1970-01-01T00:00:00.000Z</time></trkpt><trkpt lat="56.2632203" lon="84.8034191"><ele>86.3</ele><time>1970-01-01T00:00:00.000Z</time></trkpt><trkpt lat="56.2632642" lon="84.8035173"><ele>88.9</ele><time>1970-01-01T00:00:00.000Z</time></trkpt><trkpt lat="56.263285" lon="84.8034788"><ele>88.7</ele><time>1970-01-01T00:00:00.000Z</time></trkpt><trkpt lat="56.2632812" lon="84.8034785"><ele>88.5</ele><time>1970-01-01T00:00:00.000Z</time></trkpt><trkpt lat="56.2632598" lon="84.8034665"><ele>88.1</ele><time>1970-01-01T00:00:00.000Z</time></trkpt><trkpt lat="56.2632481" lon="84.8035241"><ele>87.7</ele><time>1970-01-01T00:00:00.000Z</time></trkpt><trkpt lat="56.2633403" lon="84.8037971"><ele>88</ele><time>1970-01-01T00:00:00.000Z</time></trkpt><trkpt lat="56.2633708" lon="84.8039328"><ele>87.4</ele><time>1970-01-01T00:00:00.000Z</time></trkpt><trkpt lat="56.263355" lon="84.8039427"><ele>84.1</ele><time>1970-01-01T00:00:00.000Z</time></trkpt><trkpt lat="56.2633824" lon="84.8040462"><ele>83.6</ele><time>1970-01-01T00:00:00.000Z</time></trkpt><trkpt lat="56.2634085" lon="84.8041692"><ele>83.3</ele><time>1970-01-01T00:00:00.000Z</time></trkpt><trkpt lat="56.2634477" lon="84.8043117"><ele>83.7</ele><time>1970-01-01T00:00:00.000Z</time></trkpt><trkpt lat="56.2634778" lon="84.8044248"><ele>84</ele><time>1970-01-01T00:00:00.000Z</time></trkpt><trkpt lat="56.263512" lon="84.8045429"><ele>84.3</ele><time>1970-01-01T00:00:00.000Z</time></trkpt><trkpt lat="56.2635409" lon="84.8046651"><ele>83.7</ele><time>1970-01-01T00:00:00.000Z</time></trkpt><trkpt lat="56.2635808" lon="84.8047974"><ele>83.6</ele><time>1970-01-01T00:00:00.000Z</time></trkpt><trkpt lat="56.2635969" lon="84.8048784"><ele>84.6</ele><time>1970-01-01T00:00:00.000Z</time></trkpt><trkpt lat="56.2636086" lon="84.8049271"><ele>84.1</ele><time>1970-01-01T00:00:00.000Z</time></trkpt><trkpt lat="56.2636334" lon="84.8050754"><ele>83.5</ele><time>1970-01-01T00:00:00.000Z</time></trkpt><trkpt lat="56.2636722" lon="84.8051857"><ele>83.5</ele><time>1970-01-01T00:00:00.000Z</time></trkpt><trkpt lat="56.2637075" lon="84.8052839"><ele>83.4</ele><time>1970-01-01T00:00:00.000Z</time></trkpt><trkpt lat="56.2637371" lon="84.805391"><ele>83.1</ele><time>1970-01-01T00:00:00.000Z</time></trkpt><trkpt lat="56.2637672" lon="84.8055165"><ele>82.8</ele><time>1970-01-01T00:00:00.000Z</time></trkpt><trkpt lat="56.2637954" lon="84.8056438"><ele>81.9</ele><time>1970-01-01T00:00:00.000Z</time></trkpt><trkpt lat="56.2638263" lon="84.8057801"><ele>81.6</ele><time>1970-01-01T00:00:00.000Z</time></trkpt><trkpt lat="56.2638529" lon="84.805906"><ele>81.4</ele><time>1970-01-01T00:00:00.000Z</time></trkpt><trkpt lat="56.263879" lon="84.8060416"><ele>81.3</ele><time>1970-01-01T00:00:00.000Z</time></trkpt><trkpt lat="56.2639156" lon="84.8062104"><ele>80.1</ele><time>1970-01-01T00:00:00.000Z</time></trkpt><trkpt lat="56.263937" lon="84.8063258"><ele>80</ele><time>1970-01-01T00:00:00.000Z</time></trkpt><trkpt lat="56.263962" lon="84.8064443"><ele>79.8</ele><time>1970-01-01T00:00:00.000Z</time></trkpt><trkpt lat="56.2640044" lon="84.8065804"><ele>80.3</ele><time>1970-01-01T00:00:00.000Z</time></trkpt><trkpt lat="56.2640536" lon="84.8066975"><ele>80.3</ele><time>1970-01-01T00:00:00.000Z</time></trkpt><trkpt lat="56.264078" lon="84.806817"><ele>79.5</ele><time>1970-01-01T00:00:00.000Z</time></trkpt><trkpt lat="56.2641052" lon="84.8069305"><ele>79.8</ele><time>1970-01-01T00:00:00.000Z</time></trkpt><trkpt lat="56.2641412" lon="84.8070354"><ele>80</ele><time>1970-01-01T00:00:00.000Z</time></trkpt><trkpt lat="56.2641636" lon="84.8071384"><ele>79.6</ele><time>1970-01-01T00:00:00.000Z</time></trkpt><trkpt lat="56.2641837" lon="84.8072574"><ele>79.6</ele><time>1970-01-01T00:00:00.000Z</time></trkpt><trkpt lat="56.2641941" lon="84.8073779"><ele>79.4</ele><time>1970-01-01T00:00:00.000Z</time></trkpt><trkpt lat="56.2642113" lon="84.8075034"><ele>78.9</ele><time>1970-01-01T00:00:00.000Z</time></trkpt><trkpt lat="56.2642328" lon="84.8076425"><ele>78.9</ele><time>1970-01-01T00:00:00.000Z</time></trkpt><trkpt lat="56.2642654" lon="84.807777"><ele>78.8</ele><time>1970-01-01T00:00:00.000Z</time></trkpt><trkpt lat="56.2642902" lon="84.8078921"><ele>79.4</ele><time>1970-01-01T00:00:00.000Z</time></trkpt><trkpt lat="56.2643236" lon="84.80804"><ele>78.9</ele><time>1970-01-01T00:00:00.000Z</time></trkpt><trkpt lat="56.2643494" lon="84.8081645"><ele>79</ele><time>1970-01-01T00:00:00.000Z</time></trkpt><trkpt lat="56.2643727" lon="84.8082879"><ele>78.9</ele><time>1970-01-01T00:00:00.000Z</time></trkpt><trkpt lat="56.2643944" lon="84.8084116"><ele>78.5</ele><time>1970-01-01T00:00:00.000Z</time></trkpt><trkpt lat="56.2644182" lon="84.8085403"><ele>78.5</ele><time>1970-01-01T00:00:00.000Z</time></trkpt><trkpt lat="56.2644449" lon="84.8086685"><ele>78.4</ele><time>1970-01-01T00:00:00.000Z</time></trkpt><trkpt lat="56.2644784" lon="84.8088041"><ele>78</ele><time>1970-01-01T00:00:00.000Z</time></trkpt><trkpt lat="56.2645032" lon="84.8089162"><ele>78.1</ele><time>1970-01-01T00:00:00.000Z</time></trkpt><trkpt lat="56.2645316" lon="84.8090361"><ele>78.2</ele><time>1970-01-01T00:00:00.000Z</time></trkpt><trkpt lat="56.2645544" lon="84.8091519"><ele>78.5</ele><time>1970-01-01T00:00:00.000Z</time></trkpt><trkpt lat="56.2645815" lon="84.8092923"><ele>78.6</ele><time>1970-01-01T00:00:00.000Z</time></trkpt><trkpt lat="56.2645994" lon="84.8094175"><ele>78</ele><time>1970-01-01T00:00:00.000Z</time></trkpt><trkpt lat="56.2646262" lon="84.80956"><ele>77.4</ele><time>1970-01-01T00:00:00.000Z</time></trkpt><trkpt lat="56.2646341" lon="84.8096877"><ele>76.9</ele><time>1970-01-01T00:00:00.000Z</time></trkpt><trkpt lat="56.2646808" lon="84.8097783"><ele>78</ele><time>1970-01-01T00:00:00.000Z</time></trkpt><trkpt lat="56.2647113" lon="84.8098969"><ele>78.5</ele><time>1970-01-01T00:00:00.000Z</time></trkpt><trkpt lat="56.2647447" lon="84.8100411"><ele>79</ele><time>1970-01-01T00:00:00.000Z</time></trkpt><trkpt lat="56.2647461" lon="84.8101323"><ele>78.2</ele><time>1970-01-01T00:00:00.000Z</time></trkpt><trkpt lat="56.2647446" lon="84.8101183"><ele>79.4</ele><time>1970-01-01T00:00:00.000Z</time></trkpt><trkpt lat="56.2647444" lon="84.8101049"><ele>78.9</ele><time>1970-01-01T00:00:00.000Z</time></trkpt><trkpt lat="56.2647643" lon="84.8101488"><ele>79.7</ele><time>1970-01-01T00:00:00.000Z</time></trkpt><trkpt lat="56.2647399" lon="84.8101966"><ele>79.3</ele><time>1970-01-01T00:00:00.000Z</time></trkpt><trkpt lat="56.2647293" lon="84.8102361"><ele>79.4</ele><time>1970-01-01T00:00:00.000Z</time></trkpt><trkpt lat="56.2647421" lon="84.8102538"><ele>78.6</ele><time>1970-01-01T00:00:00.000Z</time></trkpt><trkpt lat="56.2647564" lon="84.8102675"><ele>78.5</ele><time>1970-01-01T00:00:00.000Z</time></trkpt><trkpt lat="56.2647645" lon="84.8102676"><ele>79</ele><time>1970-01-01T00:00:00.000Z</time></trkpt><trkpt lat="56.2648003" lon="84.810325"><ele>79.2</ele><time>1970-01-01T00:00:00.000Z</time></trkpt><trkpt lat="56.2648245" lon="84.81045"><ele>79.2</ele><time>1970-01-01T00:00:00.000Z</time></trkpt><trkpt lat="56.2648421" lon="84.810566"><ele>79.4</ele><time>1970-01-01T00:00:00.000Z</time></trkpt><trkpt lat="56.2648731" lon="84.8106639"><ele>80</ele><time>1970-01-01T00:00:00.000Z</time></trkpt><trkpt lat="56.2648849" lon="84.8107717"><ele>79.3</ele><time>1970-01-01T00:00:00.000Z</time></trkpt><trkpt lat="56.2649172" lon="84.8108977"><ele>79.6</ele><time>1970-01-01T00:00:00.000Z</time></trkpt><trkpt lat="56.264945" lon="84.8110381"><ele>79.1</ele><time>1970-01-01T00:00:00.000Z</time></trkpt><trkpt lat="56.2649696" lon="84.8111521"><ele>78.9</ele><time>1970-01-01T00:00:00.000Z</time></trkpt><trkpt lat="56.2649918" lon="84.8112651"><ele>78.6</ele><time>1970-01-01T00:00:00.000Z</time></trkpt><trkpt lat="56.2650212" lon="84.811389"><ele>78.6</ele><time>1970-01-01T00:00:00.000Z</time></trkpt><trkpt lat="56.2650477" lon="84.8115129"><ele>78.6</ele><time>1970-01-01T00:00:00.000Z</time></trkpt><trkpt lat="56.2650677" lon="84.8116224"><ele>78</ele><time>1970-01-01T00:00:00.000Z</time></trkpt><trkpt lat="56.2650931" lon="84.8117444"><ele>77.7</ele><time>1970-01-01T00:00:00.000Z</time></trkpt><trkpt lat="56.2651169" lon="84.8118592"><ele>77.9</ele><time>1970-01-01T00:00:00.000Z</time></trkpt><trkpt lat="56.2651424" lon="84.8119836"><ele>77.8</ele><time>1970-01-01T00:00:00.000Z</time></trkpt><trkpt lat="56.2651739" lon="84.812112"><ele>78.1</ele><time>1970-01-01T00:00:00.000Z</time></trkpt><trkpt lat="56.2652062" lon="84.8122153"><ele>78.7</ele><time>1970-01-01T00:00:00.000Z</time></trkpt><trkpt lat="56.265213" lon="84.8122572"><ele>78.7</ele><time>1970-01-01T00:00:00.000Z</time></trkpt><trkpt lat="56.2652128" lon="84.8122508"><ele>78.8</ele><time>1970-01-01T00:00:00.000Z</time></trkpt><trkpt lat="56.2652126" lon="84.8122574"><ele>79.4</ele><time>1970-01-01T00:00:00.000Z</time></trkpt><trkpt lat="56.2652114" lon="84.8122478"><ele>79.5</ele><time>1970-01-01T00:00:00.000Z</time></trkpt><trkpt lat="56.2652114" lon="84.8122447"><ele>79.5</ele><time>1970-01-01T00:00:00.000Z</time></trkpt><trkpt lat="56.2652333" lon="84.8122654"><ele>80.1</ele><time>1970-01-01T00:00:00.000Z</time></trkpt><trkpt lat="56.2652554" lon="84.8123133"><ele>81</ele><time>1970-01-01T00:00:00.000Z</time></trkpt><trkpt lat="56.265262" lon="84.812338"><ele>80.9</ele><time>1970-01-01T00:00:00.000Z</time></trkpt><trkpt lat="56.2652858" lon="84.8124281"><ele>81.5</ele><time>1970-01-01T00:00:00.000Z</time></trkpt><trkpt lat="56.2653063" lon="84.8125683"><ele>81.5</ele><time>1970-01-01T00:00:00.000Z</time></trkpt><trkpt lat="56.2653125" lon="84.8126613"><ele>81.6</ele><time>1970-01-01T00:00:00.000Z</time></trkpt><trkpt lat="56.2653082" lon="84.8126503"><ele>81.9</ele><time>1970-01-01T00:00:00.000Z</time></trkpt><trkpt lat="56.265309" lon="84.8126893"><ele>81.4</ele><time>1970-01-01T00:00:00.000Z</time></trkpt><trkpt lat="56.2653132" lon="84.8127057"><ele>81.3</ele><time>1970-01-01T00:00:00.000Z</time></trkpt><trkpt lat="56.2653072" lon="84.8127402"><ele>80.4</ele><time>1970-01-01T00:00:00.000Z</time></trkpt><trkpt lat="56.2653097" lon="84.8128747"><ele>79.9</ele><time>1970-01-01T00:00:00.000Z</time></trkpt><trkpt lat="56.2653896" lon="84.812993"><ele>80.6</ele><time>1970-01-01T00:00:00.000Z</time></trkpt><trkpt lat="56.2654191" lon="84.8131359"><ele>80.1</ele><time>1970-01-01T00:00:00.000Z</time></trkpt><trkpt lat="56.2654354" lon="84.8132632"><ele>79.2</ele><time>1970-01-01T00:00:00.000Z</time></trkpt><trkpt lat="56.2654446" lon="84.8133941"><ele>78.9</ele><time>1970-01-01T00:00:00.000Z</time></trkpt><trkpt lat="56.2654741" lon="84.813516"><ele>78.6</ele><time>1970-01-01T00:00:00.000Z</time></trkpt><trkpt lat="56.265503" lon="84.8136581"><ele>79.5</ele><time>1970-01-01T00:00:00.000Z</time></trkpt><trkpt lat="56.2655346" lon="84.8137984"><ele>79.3</ele><time>1970-01-01T00:00:00.000Z</time></trkpt><trkpt lat="56.2655649" lon="84.8139264"><ele>79.3</ele><time>1970-01-01T00:00:00.000Z</time></trkpt><trkpt lat="56.2655922" lon="84.814077"><ele>79.1</ele><time>1970-01-01T00:00:00.000Z</time></trkpt><trkpt lat="56.2656199" lon="84.8142084"><ele>79</ele><time>1970-01-01T00:00:00.000Z</time></trkpt><trkpt lat="56.2656489" lon="84.8143446"><ele>78.5</ele><time>1970-01-01T00:00:00.000Z</time></trkpt><trkpt lat="56.2656831" lon="84.814516"><ele>78.4</ele><time>1970-01-01T00:00:00.000Z</time></trkpt><trkpt lat="56.2657132" lon="84.8146456"><ele>78.1</ele><time>1970-01-01T00:00:00.000Z</time></trkpt><trkpt lat="56.2657475" lon="84.8148075"><ele>78.1</ele><time>1970-01-01T00:00:00.000Z</time></trkpt><trkpt lat="56.2657758" lon="84.8149338"><ele>77.9</ele><time>1970-01-01T00:00:00.000Z</time></trkpt><trkpt lat="56.2658025" lon="84.8150518"><ele>77.6</ele><time>1970-01-01T00:00:00.000Z</time></trkpt><trkpt lat="56.2658447" lon="84.8151719"><ele>78.3</ele><time>1970-01-01T00:00:00.000Z</time></trkpt><trkpt lat="56.2658743" lon="84.8153041"><ele>78.5</ele><time>1970-01-01T00:00:00.000Z</time></trkpt><trkpt lat="56.2659076" lon="84.8154265"><ele>78.2</ele><time>1970-01-01T00:00:00.000Z</time></trkpt><trkpt lat="56.2659584" lon="84.8155449"><ele>78</ele><time>1970-01-01T00:00:00.000Z</time></trkpt><trkpt lat="56.265976" lon="84.8156771"><ele>77.7</ele><time>1970-01-01T00:00:00.000Z</time></trkpt><trkpt lat="56.266002" lon="84.8158063"><ele>77.4</ele><time>1970-01-01T00:00:00.000Z</time></trkpt><trkpt lat="56.2660086" lon="84.8159267"><ele>76.8</ele><time>1970-01-01T00:00:00.000Z</time></trkpt><trkpt lat="56.2660231" lon="84.8160482"><ele>76.4</ele><time>1970-01-01T00:00:00.000Z</time></trkpt><trkpt lat="56.2660509" lon="84.8161637"><ele>76.3</ele><time>1970-01-01T00:00:00.000Z</time></trkpt><trkpt lat="56.2660841" lon="84.8162262"><ele>80.5</ele><time>1970-01-01T00:00:00.000Z</time></trkpt><trkpt lat="56.2660996" lon="84.8163044"><ele>78.8</ele><time>1970-01-01T00:00:00.000Z</time></trkpt><trkpt lat="56.266124" lon="84.8164128"><ele>78.5</ele><time>1970-01-01T00:00:00.000Z</time></trkpt><trkpt lat="56.2661314" lon="84.8165578"><ele>77.8</ele><time>1970-01-01T00:00:00.000Z</time></trkpt><trkpt lat="56.2661455" lon="84.8166911"><ele>77.7</ele><time>1970-01-01T00:00:00.000Z</time></trkpt><trkpt lat="56.2661667" lon="84.8168283"><ele>77.2</ele><time>1970-01-01T00:00:00.000Z</time></trkpt><trkpt lat="56.2661942" lon="84.8169401"><ele>77.1</ele><time>1970-01-01T00:00:00.000Z</time></trkpt><trkpt lat="56.2662272" lon="84.8170394"><ele>76.5</ele><time>1970-01-01T00:00:00.000Z</time></trkpt><trkpt lat="56.2662607" lon="84.8171491"><ele>76.2</ele><time>1970-01-01T00:00:00.000Z</time></trkpt><trkpt lat="56.2662956" lon="84.8172682"><ele>76.6</ele><time>1970-01-01T00:00:00.000Z</time></trkpt><trkpt lat="56.2663119" lon="84.8173916"><ele>76.7</ele><time>1970-01-01T00:00:00.000Z</time></trkpt><trkpt lat="56.2663575" lon="84.8174895"><ele>76.6</ele><time>1970-01-01T00:00:00.000Z</time></trkpt><trkpt lat="56.2663782" lon="84.8176306"><ele>76.9</ele><time>1970-01-01T00:00:00.000Z</time></trkpt><trkpt lat="56.2664066" lon="84.8177818"><ele>76.4</ele><time>1970-01-01T00:00:00.000Z</time></trkpt><trkpt lat="56.2664293" lon="84.8179136"><ele>76.4</ele><time>1970-01-01T00:00:00.000Z</time></trkpt><trkpt lat="56.2664509" lon="84.8180291"><ele>76.2</ele><time>1970-01-01T00:00:00.000Z</time></trkpt><trkpt lat="56.2664774" lon="84.8181444"><ele>76</ele><time>1970-01-01T00:00:00.000Z</time></trkpt><trkpt lat="56.2665081" lon="84.8182667"><ele>75.6</ele><time>1970-01-01T00:00:00.000Z</time></trkpt><trkpt lat="56.2665314" lon="84.8183897"><ele>75.3</ele><time>1970-01-01T00:00:00.000Z</time></trkpt><trkpt lat="56.2665567" lon="84.8185021"><ele>75.3</ele><time>1970-01-01T00:00:00.000Z</time></trkpt><trkpt lat="56.2665868" lon="84.8186144"><ele>74.7</ele><time>1970-01-01T00:00:00.000Z</time></trkpt><trkpt lat="56.2666164" lon="84.8187401"><ele>74.9</ele><time>1970-01-01T00:00:00.000Z</time></trkpt><trkpt lat="56.2666504" lon="84.8188649"><ele>75.2</ele><time>1970-01-01T00:00:00.000Z</time></trkpt><trkpt lat="56.2666721" lon="84.8189726"><ele>75.1</ele><time>1970-01-01T00:00:00.000Z</time></trkpt><trkpt lat="56.2666894" lon="84.8191171"><ele>75.5</ele><time>1970-01-01T00:00:00.000Z</time></trkpt><trkpt lat="56.2667007" lon="84.8192195"><ele>75.6</ele><time>1970-01-01T00:00:00.000Z</time></trkpt><trkpt lat="56.2667225" lon="84.8193412"><ele>75.6</ele><time>1970-01-01T00:00:00.000Z</time></trkpt><trkpt lat="56.2667534" lon="84.8194372"><ele>75.8</ele><time>1970-01-01T00:00:00.000Z</time></trkpt><trkpt lat="56.2667813" lon="84.8195488"><ele>76.1</ele><time>1970-01-01T00:00:00.000Z</time></trkpt><trkpt lat="56.2668077" lon="84.8196577"><ele>75.9</ele><time>1970-01-01T00:00:00.000Z</time></trkpt><trkpt lat="56.266831" lon="84.819781"><ele>76.2</ele><time>1970-01-01T00:00:00.000Z</time></trkpt><trkpt lat="56.2668586" lon="84.8198979"><ele>76.1</ele><time>1970-01-01T00:00:00.000Z</time></trkpt><trkpt lat="56.2668777" lon="84.8200165"><ele>76.2</ele><time>1970-01-01T00:00:00.000Z</time></trkpt><trkpt lat="56.2669012" lon="84.8201261"><ele>76.4</ele><time>1970-01-01T00:00:00.000Z</time></trkpt><trkpt lat="56.2669257" lon="84.8202397"><ele>76.1</ele><time>1970-01-01T00:00:00.000Z</time></trkpt><trkpt lat="56.2669489" lon="84.8203516"><ele>75.8</ele><time>1970-01-01T00:00:00.000Z</time></trkpt><trkpt lat="56.2669711" lon="84.820469"><ele>76.5</ele><time>1970-01-01T00:00:00.000Z</time></trkpt><trkpt lat="56.2669879" lon="84.8205501"><ele>77.4</ele><time>1970-01-01T00:00:00.000Z</time></trkpt><trkpt lat="56.2669981" lon="84.8205663"><ele>77.4</ele><time>1970-01-01T00:00:00.000Z</time></trkpt><trkpt lat="56.2670122" lon="84.8206026"><ele>77.3</ele><time>1970-01-01T00:00:00.000Z</time></trkpt><trkpt lat="56.267024" lon="84.8206641"><ele>77.1</ele><time>1970-01-01T00:00:00.000Z</time></trkpt><trkpt lat="56.2670569" lon="84.8207768"><ele>77</ele><time>1970-01-01T00:00:00.000Z</time></trkpt><trkpt lat="56.2670996" lon="84.8208629"><ele>77.3</ele><time>1970-01-01T00:00:00.000Z</time></trkpt><trkpt lat="56.267124" lon="84.8209279"><ele>77.4</ele><time>1970-01-01T00:00:00.000Z</time></trkpt><trkpt lat="56.2671145" lon="84.8209343"><ele>77.5</ele><time>1970-01-01T00:00:00.000Z</time></trkpt><trkpt lat="56.2671115" lon="84.8209229"><ele>77.5</ele><time>1970-01-01T00:00:00.000Z</time></trkpt><trkpt lat="56.2671108" lon="84.8209273"><ele>77.1</ele><time>1970-01-01T00:00:00.000Z</time></trkpt><trkpt lat="56.2671509" lon="84.8210101"><ele>77.4</ele><time>1970-01-01T00:00:00.000Z</time></trkpt><trkpt lat="56.2671853" lon="84.8211224"><ele>77.4</ele><time>1970-01-01T00:00:00.000Z</time></trkpt><trkpt lat="56.26718" lon="84.8212539"><ele>76.9</ele><time>1970-01-01T00:00:00.000Z</time></trkpt><trkpt lat="56.2671783" lon="84.821387"><ele>76.3</ele><time>1970-01-01T00:00:00.000Z</time></trkpt><trkpt lat="56.2672027" lon="84.8214959"><ele>75.9</ele><time>1970-01-01T00:00:00.000Z</time></trkpt><trkpt lat="56.2672339" lon="84.8216072"><ele>75.4</ele><time>1970-01-01T00:00:00.000Z</time></trkpt><trkpt lat="56.2672622" lon="84.8217177"><ele>75.2</ele><time>1970-01-01T00:00:00.000Z</time></trkpt><trkpt lat="56.2672848" lon="84.8218497"><ele>76</ele><time>1970-01-01T00:00:00.000Z</time></trkpt><trkpt lat="56.2673158" lon="84.8219774"><ele>76.3</ele><time>1970-01-01T00:00:00.000Z</time></trkpt><trkpt lat="56.2673455" lon="84.8220752"><ele>76.4</ele><time>1970-01-01T00:00:00.000Z</time></trkpt><trkpt lat="56.2673796" lon="84.8222054"><ele>76.5</ele><time>1970-01-01T00:00:00.000Z</time></trkpt><trkpt lat="56.2674005" lon="84.8223142"><ele>75.9</ele><time>1970-01-01T00:00:00.000Z</time></trkpt><trkpt lat="56.2674148" lon="84.8224451"><ele>76.1</ele><time>1970-01-01T00:00:00.000Z</time></trkpt><trkpt lat="56.267445" lon="84.8225694"><ele>75.9</ele><time>1970-01-01T00:00:00.000Z</time></trkpt><trkpt lat="56.2674745" lon="84.8226961"><ele>75.7</ele><time>1970-01-01T00:00:00.000Z</time></trkpt><trkpt lat="56.2675015" lon="84.822823"><ele>75</ele><time>1970-01-01T00:00:00.000Z</time></trkpt><trkpt lat="56.2675192" lon="84.8229402"><ele>74.4</ele><time>1970-01-01T00:00:00.000Z</time></trkpt><trkpt lat="56.2675556" lon="84.8230781"><ele>75.2</ele><time>1970-01-01T00:00:00.000Z</time></trkpt><trkpt lat="56.2675876" lon="84.8231851"><ele>75.1</ele><time>1970-01-01T00:00:00.000Z</time></trkpt><trkpt lat="56.2676191" lon="84.8233155"><ele>74.8</ele><time>1970-01-01T00:00:00.000Z</time></trkpt><trkpt lat="56.2676557" lon="84.823435"><ele>74.7</ele><time>1970-01-01T00:00:00.000Z</time></trkpt><trkpt lat="56.2676716" lon="84.8235521"><ele>74.1</ele><time>1970-01-01T00:00:00.000Z</time></trkpt><trkpt lat="56.2676922" lon="84.8236678"><ele>75</ele><time>1970-01-01T00:00:00.000Z</time></trkpt><trkpt lat="56.2677083" lon="84.8237896"><ele>74.9</ele><time>1970-01-01T00:00:00.000Z</time></trkpt><trkpt lat="56.2677241" lon="84.8239091"><ele>74.1</ele><time>1970-01-01T00:00:00.000Z</time></trkpt><trkpt lat="56.2677636" lon="84.8239906"><ele>75.4</ele><time>1970-01-01T00:00:00.000Z</time></trkpt><trkpt lat="56.2678006" lon="84.8240814"><ele>75.9</ele><time>1970-01-01T00:00:00.000Z</time></trkpt><trkpt lat="56.2678321" lon="84.8242091"><ele>75.5</ele><time>1970-01-01T00:00:00.000Z</time></trkpt><trkpt lat="56.2678482" lon="84.8243532"><ele>75.2</ele><time>1970-01-01T00:00:00.000Z</time></trkpt><trkpt lat="56.2678693" lon="84.8244729"><ele>74.6</ele><time>1970-01-01T00:00:00.000Z</time></trkpt><trkpt lat="56.2679011" lon="84.8246147"><ele>75.8</ele><time>1970-01-01T00:00:00.000Z</time></trkpt><trkpt lat="56.2679443" lon="84.8247121"><ele>75.7</ele><time>1970-01-01T00:00:00.000Z</time></trkpt><trkpt lat="56.2679695" lon="84.8248404"><ele>75.7</ele><time>1970-01-01T00:00:00.000Z</time></trkpt><trkpt lat="56.2679963" lon="84.8249652"><ele>75.4</ele><time>1970-01-01T00:00:00.000Z</time></trkpt><trkpt lat="56.2680232" lon="84.8250764"><ele>75.8</ele><time>1970-01-01T00:00:00.000Z</time></trkpt><trkpt lat="56.2680489" lon="84.8252111"><ele>75.8</ele><time>1970-01-01T00:00:00.000Z</time></trkpt><trkpt lat="56.2680724" lon="84.8253421"><ele>76</ele><time>1970-01-01T00:00:00.000Z</time></trkpt><trkpt lat="56.2681006" lon="84.8254743"><ele>75.7</ele><time>1970-01-01T00:00:00.000Z</time></trkpt><trkpt lat="56.268103" lon="84.8255855"><ele>75.2</ele><time>1970-01-01T00:00:00.000Z</time></trkpt><trkpt lat="56.2681167" lon="84.8257117"><ele>74.9</ele><time>1970-01-01T00:00:00.000Z</time></trkpt><trkpt lat="56.2681442" lon="84.8258197"><ele>74.6</ele><time>1970-01-01T00:00:00.000Z</time></trkpt><trkpt lat="56.2681739" lon="84.8259384"><ele>73.9</ele><time>1970-01-01T00:00:00.000Z</time></trkpt><trkpt lat="56.268196" lon="84.8260676"><ele>73.6</ele><time>1970-01-01T00:00:00.000Z</time></trkpt><trkpt lat="56.2681919" lon="84.8261746"><ele>73.8</ele><time>1970-01-01T00:00:00.000Z</time></trkpt><trkpt lat="56.2682199" lon="84.8262857"><ele>74.9</ele><time>1970-01-01T00:00:00.000Z</time></trkpt><trkpt lat="56.2682602" lon="84.8263873"><ele>74.6</ele><time>1970-01-01T00:00:00.000Z</time></trkpt><trkpt lat="56.2683005" lon="84.8264899"><ele>74.7</ele><time>1970-01-01T00:00:00.000Z</time></trkpt><trkpt lat="56.2683147" lon="84.8266078"><ele>74.9</ele><time>1970-01-01T00:00:00.000Z</time></trkpt><trkpt lat="56.2683367" lon="84.8267022"><ele>75.7</ele><time>1970-01-01T00:00:00.000Z</time></trkpt><trkpt lat="56.2683601" lon="84.8268242"><ele>75.4</ele><time>1970-01-01T00:00:00.000Z</time></trkpt><trkpt lat="56.2683914" lon="84.8269718"><ele>75.1</ele><time>1970-01-01T00:00:00.000Z</time></trkpt><trkpt lat="56.2684211" lon="84.8271273"><ele>74.7</ele><time>1970-01-01T00:00:00.000Z</time></trkpt><trkpt lat="56.2684494" lon="84.8272469"><ele>75</ele><time>1970-01-01T00:00:00.000Z</time></trkpt><trkpt lat="56.268482" lon="84.8274025"><ele>74.3</ele><time>1970-01-01T00:00:00.000Z</time></trkpt><trkpt lat="56.2685121" lon="84.8275379"><ele>74</ele><time>1970-01-01T00:00:00.000Z</time></trkpt><trkpt lat="56.2685361" lon="84.8276676"><ele>73.9</ele><time>1970-01-01T00:00:00.000Z</time></trkpt><trkpt lat="56.268539" lon="84.827808"><ele>73.1</ele><time>1970-01-01T00:00:00.000Z</time></trkpt><trkpt lat="56.2685617" lon="84.8279094"><ele>73.9</ele><time>1970-01-01T00:00:00.000Z</time></trkpt><trkpt lat="56.2685994" lon="84.8280422"><ele>74.3</ele><time>1970-01-01T00:00:00.000Z</time></trkpt><trkpt lat="56.2686353" lon="84.8281906"><ele>74.6</ele><time>1970-01-01T00:00:00.000Z</time></trkpt><trkpt lat="56.2686651" lon="84.8283213"><ele>74.7</ele><time>1970-01-01T00:00:00.000Z</time></trkpt><trkpt lat="56.2686917" lon="84.8284497"><ele>74.9</ele><time>1970-01-01T00:00:00.000Z</time></trkpt><trkpt lat="56.2687183" lon="84.828563"><ele>74.9</ele><time>1970-01-01T00:00:00.000Z</time></trkpt><trkpt lat="56.2687407" lon="84.8286886"><ele>74.9</ele><time>1970-01-01T00:00:00.000Z</time></trkpt><trkpt lat="56.2687633" lon="84.828806"><ele>74.7</ele><time>1970-01-01T00:00:00.000Z</time></trkpt><trkpt lat="56.2687894" lon="84.8289131"><ele>75.1</ele><time>1970-01-01T00:00:00.000Z</time></trkpt><trkpt lat="56.2688293" lon="84.8290623"><ele>76.1</ele><time>1970-01-01T00:00:00.000Z</time></trkpt><trkpt lat="56.268847" lon="84.8291666"><ele>75.4</ele><time>1970-01-01T00:00:00.000Z</time></trkpt><trkpt lat="56.2688748" lon="84.8292737"><ele>75.4</ele><time>1970-01-01T00:00:00.000Z</time></trkpt><trkpt lat="56.268888" lon="84.8294038"><ele>74.9</ele><time>1970-01-01T00:00:00.000Z</time></trkpt><trkpt lat="56.2689072" lon="84.8295425"><ele>74.7</ele><time>1970-01-01T00:00:00.000Z</time></trkpt><trkpt lat="56.2689332" lon="84.8296445"><ele>74.8</ele><time>1970-01-01T00:00:00.000Z</time></trkpt><trkpt lat="56.2689621" lon="84.8297455"><ele>75</ele><time>1970-01-01T00:00:00.000Z</time></trkpt><trkpt lat="56.2689986" lon="84.829841"><ele>75.7</ele><time>1970-01-01T00:00:00.000Z</time></trkpt><trkpt lat="56.2690303" lon="84.8299588"><ele>75.7</ele><time>1970-01-01T00:00:00.000Z</time></trkpt><trkpt lat="56.2690532" lon="84.8300794"><ele>76</ele><time>1970-01-01T00:00:00.000Z</time></trkpt><trkpt lat="56.269076" lon="84.8302"><ele>76.1</ele><time>1970-01-01T00:00:00.000Z</time></trkpt><trkpt lat="56.2691057" lon="84.8303254"><ele>75.8</ele><time>1970-01-01T00:00:00.000Z</time></trkpt><trkpt lat="56.2691314" lon="84.8304446"><ele>76</ele><time>1970-01-01T00:00:00.000Z</time></trkpt><trkpt lat="56.2691507" lon="84.8305507"><ele>75.1</ele><time>1970-01-01T00:00:00.000Z</time></trkpt><trkpt lat="56.269176" lon="84.8306736"><ele>74.5</ele><time>1970-01-01T00:00:00.000Z</time></trkpt><trkpt lat="56.2692112" lon="84.8307771"><ele>75</ele><time>1970-01-01T00:00:00.000Z</time></trkpt><trkpt lat="56.2692305" lon="84.8308899"><ele>74.8</ele><time>1970-01-01T00:00:00.000Z</time></trkpt><trkpt lat="56.2692628" lon="84.8310107"><ele>74.8</ele><time>1970-01-01T00:00:00.000Z</time></trkpt><trkpt lat="56.2692902" lon="84.8311282"><ele>75.6</ele><time>1970-01-01T00:00:00.000Z</time></trkpt><trkpt lat="56.2693092" lon="84.8312434"><ele>75.4</ele><time>1970-01-01T00:00:00.000Z</time></trkpt><trkpt lat="56.2693363" lon="84.8313472"><ele>75.6</ele><time>1970-01-01T00:00:00.000Z</time></trkpt><trkpt lat="56.2693608" lon="84.8314749"><ele>75.2</ele><time>1970-01-01T00:00:00.000Z</time></trkpt><trkpt lat="56.269386" lon="84.8316"><ele>75.2</ele><time>1970-01-01T00:00:00.000Z</time></trkpt><trkpt lat="56.269407" lon="84.8317165"><ele>74.7</ele><time>1970-01-01T00:00:00.000Z</time></trkpt><trkpt lat="56.2694267" lon="84.8318589"><ele>74.6</ele><time>1970-01-01T00:00:00.000Z</time></trkpt><trkpt lat="56.2694618" lon="84.831997"><ele>74.8</ele><time>1970-01-01T00:00:00.000Z</time></trkpt><trkpt lat="56.2694928" lon="84.8320736"><ele>76</ele><time>1970-01-01T00:00:00.000Z</time></trkpt><trkpt lat="56.2695517" lon="84.8321767"><ele>76.4</ele><time>1970-01-01T00:00:00.000Z</time></trkpt><trkpt lat="56.2695726" lon="84.8322947"><ele>76.8</ele><time>1970-01-01T00:00:00.000Z</time></trkpt><trkpt lat="56.2695889" lon="84.8324106"><ele>77.1</ele><time>1970-01-01T00:00:00.000Z</time></trkpt><trkpt lat="56.2696112" lon="84.8325518"><ele>76.9</ele><time>1970-01-01T00:00:00.000Z</time></trkpt><trkpt lat="56.2696337" lon="84.832666"><ele>76.8</ele><time>1970-01-01T00:00:00.000Z</time></trkpt><trkpt lat="56.2696655" lon="84.832777"><ele>76.9</ele><time>1970-01-01T00:00:00.000Z</time></trkpt><trkpt lat="56.2696847" lon="84.8328969"><ele>76.4</ele><time>1970-01-01T00:00:00.000Z</time></trkpt><trkpt lat="56.2697098" lon="84.8330072"><ele>75.8</ele><time>1970-01-01T00:00:00.000Z</time></trkpt><trkpt lat="56.2697403" lon="84.8331463"><ele>75</ele><time>1970-01-01T00:00:00.000Z</time></trkpt><trkpt lat="56.2697659" lon="84.8332769"><ele>74.8</ele><time>1970-01-01T00:00:00.000Z</time></trkpt><trkpt lat="56.269787" lon="84.8333976"><ele>74.6</ele><time>1970-01-01T00:00:00.000Z</time></trkpt><trkpt lat="56.2698101" lon="84.8335218"><ele>74.8</ele><time>1970-01-01T00:00:00.000Z</time></trkpt><trkpt lat="56.2698332" lon="84.8336441"><ele>74.1</ele><time>1970-01-01T00:00:00.000Z</time></trkpt><trkpt lat="56.269865" lon="84.8337747"><ele>74</ele><time>1970-01-01T00:00:00.000Z</time></trkpt><trkpt lat="56.2698934" lon="84.8339139"><ele>74.2</ele><time>1970-01-01T00:00:00.000Z</time></trkpt><trkpt lat="56.2699221" lon="84.8340645"><ele>74.7</ele><time>1970-01-01T00:00:00.000Z</time></trkpt><trkpt lat="56.2699504" lon="84.8341789"><ele>75.2</ele><time>1970-01-01T00:00:00.000Z</time></trkpt><trkpt lat="56.26998" lon="84.8342647"><ele>75.8</ele><time>1970-01-01T00:00:00.000Z</time></trkpt><trkpt lat="56.2700114" lon="84.8343524"><ele>75.3</ele><time>1970-01-01T00:00:00.000Z</time></trkpt><trkpt lat="56.2700474" lon="84.8344405"><ele>76.4</ele><time>1970-01-01T00:00:00.000Z</time></trkpt><trkpt lat="56.2700796" lon="84.8345197"><ele>76.9</ele><time>1970-01-01T00:00:00.000Z</time></trkpt><trkpt lat="56.2701082" lon="84.834572"><ele>78</ele><time>1970-01-01T00:00:00.000Z</time></trkpt><trkpt lat="56.2701366" lon="84.8345821"><ele>77.6</ele><time>1970-01-01T00:00:00.000Z</time></trkpt><trkpt lat="56.2701503" lon="84.8345721"><ele>77.6</ele><time>1970-01-01T00:00:00.000Z</time></trkpt><trkpt lat="56.270147" lon="84.8345457"><ele>77.2</ele><time>1970-01-01T00:00:00.000Z</time></trkpt><trkpt lat="56.2701358" lon="84.8345421"><ele>77.6</ele><time>1970-01-01T00:00:00.000Z</time></trkpt><trkpt lat="56.2701238" lon="84.8345428"><ele>77.6</ele><time>1970-01-01T00:00:00.000Z</time></trkpt><trkpt lat="56.2701229" lon="84.834543"><ele>77.5</ele><time>1970-01-01T00:00:00.000Z</time></trkpt><trkpt lat="56.2701202" lon="84.8345418"><ele>77.4</ele><time>1970-01-01T00:00:00.000Z</time></trkpt><trkpt lat="56.2701198" lon="84.8345369"><ele>78.3</ele><time>1970-01-01T00:00:00.000Z</time></trkpt><trkpt lat="56.2701189" lon="84.8345384"><ele>78.3</ele><time>1970-01-01T00:00:00.000Z</time></trkpt><trkpt lat="56.2701191" lon="84.8345385"><ele>78.3</ele><time>1970-01-01T00:00:00.000Z</time></trkpt><trkpt lat="56.2701116" lon="84.8345356"><ele>77.8</ele><time>1970-01-01T00:00:00.000Z</time></trkpt><trkpt lat="56.2701071" lon="84.834537"><ele>77.8</ele><time>1970-01-01T00:00:00.000Z</time></trkpt><trkpt lat="56.2701064" lon="84.8345369"><ele>77.8</ele><time>1970-01-01T00:00:00.000Z</time></trkpt><trkpt lat="56.2701051" lon="84.8345361"><ele>78.1</ele><time>1970-01-01T00:00:00.000Z</time></trkpt><trkpt lat="56.2701055" lon="84.8345355"><ele>78.1</ele><time>1970-01-01T00:00:00.000Z</time></trkpt><trkpt lat="56.2701067" lon="84.8345339"><ele>78.3</ele><time>1970-01-01T00:00:00.000Z</time></trkpt><trkpt lat="56.270105" lon="84.8345322"><ele>78.3</ele><time>1970-01-01T00:00:00.000Z</time></trkpt><trkpt lat="56.2701026" lon="84.8345307"><ele>78.4</ele><time>1970-01-01T00:00:00.000Z</time></trkpt><trkpt lat="56.2701026" lon="84.8345318"><ele>78.4</ele><time>1970-01-01T00:00:00.000Z</time></trkpt><trkpt lat="56.2701004" lon="84.83453"><ele>78.6</ele><time>1970-01-01T00:00:00.000Z</time></trkpt><trkpt lat="56.2700979" lon="84.8345273"><ele>78.7</ele><time>1970-01-01T00:00:00.000Z</time></trkpt><trkpt lat="56.2700969" lon="84.8345252"><ele>78.9</ele><time>1970-01-01T00:00:00.000Z</time></trkpt><trkpt lat="56.2700976" lon="84.8345237"><ele>78.9</ele><time>1970-01-01T00:00:00.000Z</time></trkpt><trkpt lat="56.2700946" lon="84.8345221"><ele>78.9</ele><time>1970-01-01T00:00:00.000Z</time></trkpt><trkpt lat="56.2700949" lon="84.8345205"><ele>79</ele><time>1970-01-01T00:00:00.000Z</time></trkpt><trkpt lat="56.2700949" lon="84.8345204"><ele>79</ele><time>1970-01-01T00:00:00.000Z</time></trkpt><trkpt lat="56.2700948" lon="84.8345205"><ele>79</ele><time>1970-01-01T00:00:00.000Z</time></trkpt><trkpt lat="56.2700929" lon="84.834519"><ele>78.9</ele><time>1970-01-01T00:00:00.000Z</time></trkpt><trkpt lat="56.2700924" lon="84.8345187"><ele>79</ele><time>1970-01-01T00:00:00.000Z</time></trkpt><trkpt lat="56.2700922" lon="84.8345184"><ele>79</ele><time>1970-01-01T00:00:00.000Z</time></trkpt><trkpt lat="56.2700944" lon="84.8345142"><ele>79.2</ele><time>1970-01-01T00:00:00.000Z</time></trkpt><trkpt lat="56.2700945" lon="84.8345142"><ele>79.2</ele><time>1970-01-01T00:00:00.000Z</time></trkpt><trkpt lat="56.2700944" lon="84.8345143"><ele>79.2</ele><time>1970-01-01T00:00:00.000Z</time></trkpt><trkpt lat="56.2700945" lon="84.8345144"><ele>79.3</ele><time>1970-01-01T00:00:00.000Z</time></trkpt><trkpt lat="56.2700944" lon="84.8345142"><ele>79.2</ele><time>1970-01-01T00:00:00.000Z</time></trkpt><trkpt lat="56.2700926" lon="84.8345131"><ele>79.1</ele><time>1970-01-01T00:00:00.000Z</time></trkpt><trkpt lat="56.2700931" lon="84.8345145"><ele>79</ele><time>1970-01-01T00:00:00.000Z</time></trkpt><trkpt lat="56.2700929" lon="84.8345143"><ele>79</ele><time>1970-01-01T00:00:00.000Z</time></trkpt><trkpt lat="56.2700921" lon="84.8345148"><ele>78.9</ele><time>1970-01-01T00:00:00.000Z</time></trkpt><trkpt lat="56.2700912" lon="84.8345085"><ele>79.2</ele><time>1970-01-01T00:00:00.000Z</time></trkpt><trkpt lat="56.27009" lon="84.8345063"><ele>79.2</ele><time>1970-01-01T00:00:00.000Z</time></trkpt><trkpt lat="56.2700895" lon="84.8345099"><ele>79.2</ele><time>1970-01-01T00:00:00.000Z</time></trkpt><trkpt lat="56.2700907" lon="84.8345089"><ele>79.3</ele><time>1970-01-01T00:00:00.000Z</time></trkpt><trkpt lat="56.2700929" lon="84.8345054"><ele>79</ele><time>1970-01-01T00:00:00.000Z</time></trkpt><trkpt lat="56.2700895" lon="84.8345084"><ele>79</ele><time>1970-01-01T00:00:00.000Z</time></trkpt><trkpt lat="56.2700905" lon="84.8345039"><ele>79.4</ele><time>1970-01-01T00:00:00.000Z</time></trkpt><trkpt lat="56.2700912" lon="84.8345076"><ele>79.4</ele><time>1970-01-01T00:00:00.000Z</time></trkpt><trkpt lat="56.2700948" lon="84.834508"><ele>79.3</ele><time>1970-01-01T00:00:00.000Z</time></trkpt><trkpt lat="56.2701084" lon="84.834502"><ele>79.8</ele><time>1970-01-01T00:00:00.000Z</time></trkpt><trkpt lat="56.2701454" lon="84.8344642"><ele>80.3</ele><time>1970-01-01T00:00:00.000Z</time></trkpt><trkpt lat="56.2701822" lon="84.8343706"><ele>80.7</ele><time>1970-01-01T00:00:00.000Z</time></trkpt><trkpt lat="56.2702551" lon="84.8343262"><ele>80.8</ele><time>1970-01-01T00:00:00.000Z</time></trkpt><trkpt lat="56.2703321" lon="84.8343154"><ele>81.4</ele><time>1970-01-01T00:00:00.000Z</time></trkpt><trkpt lat="56.2703897" lon="84.8343052"><ele>81.5</ele><time>1970-01-01T00:00:00.000Z</time></trkpt><trkpt lat="56.2704623" lon="84.8342606"><ele>81.5</ele><time>1970-01-01T00:00:00.000Z</time></trkpt><trkpt lat="56.2705348" lon="84.8342186"><ele>81.2</ele><time>1970-01-01T00:00:00.000Z</time></trkpt><trkpt lat="56.2706067" lon="84.8341847"><ele>81.1</ele><time>1970-01-01T00:00:00.000Z</time></trkpt><trkpt lat="56.2706737" lon="84.8341583"><ele>82</ele><time>1970-01-01T00:00:00.000Z</time></trkpt><trkpt lat="56.2707364" lon="84.8341265"><ele>81.8</ele><time>1970-01-01T00:00:00.000Z</time></trkpt><trkpt lat="56.2708036" lon="84.834113"><ele>81.4</ele><time>1970-01-01T00:00:00.000Z</time></trkpt><trkpt lat="56.2708684" lon="84.8340757"><ele>81.3</ele><time>1970-01-01T00:00:00.000Z</time></trkpt><trkpt lat="56.2709336" lon="84.8340382"><ele>80.9</ele><time>1970-01-01T00:00:00.000Z</time></trkpt><trkpt lat="56.2709977" lon="84.8339978"><ele>80.3</ele><time>1970-01-01T00:00:00.000Z</time></trkpt><trkpt lat="56.2710584" lon="84.8339659"><ele>79.5</ele><time>1970-01-01T00:00:00.000Z</time></trkpt><trkpt lat="56.271121" lon="84.833941"><ele>80</ele><time>1970-01-01T00:00:00.000Z</time></trkpt><trkpt lat="56.2711969" lon="84.8338923"><ele>80</ele><time>1970-01-01T00:00:00.000Z</time></trkpt><trkpt lat="56.271274" lon="84.8338497"><ele>82.1</ele><time>1970-01-01T00:00:00.000Z</time></trkpt><trkpt lat="56.2713515" lon="84.833813"><ele>82.1</ele><time>1970-01-01T00:00:00.000Z</time></trkpt><trkpt lat="56.2714195" lon="84.8337931"><ele>81.8</ele><time>1970-01-01T00:00:00.000Z</time></trkpt><trkpt lat="56.2714892" lon="84.8337421"><ele>81.7</ele><time>1970-01-01T00:00:00.000Z</time></trkpt><trkpt lat="56.2715566" lon="84.8337151"><ele>82.3</ele><time>1970-01-01T00:00:00.000Z</time></trkpt><trkpt lat="56.2716223" lon="84.8336852"><ele>81.1</ele><time>1970-01-01T00:00:00.000Z</time></trkpt><trkpt lat="56.2716805" lon="84.8336513"><ele>81.2</ele><time>1970-01-01T00:00:00.000Z</time></trkpt><trkpt lat="56.2717496" lon="84.8336214"><ele>81.2</ele><time>1970-01-01T00:00:00.000Z</time></trkpt><trkpt lat="56.2718128" lon="84.8336004"><ele>80.8</ele><time>1970-01-01T00:00:00.000Z</time></trkpt><trkpt lat="56.2718833" lon="84.8335657"><ele>80.5</ele><time>1970-01-01T00:00:00.000Z</time></trkpt><trkpt lat="56.2719624" lon="84.833535"><ele>80.3</ele><time>1970-01-01T00:00:00.000Z</time></trkpt><trkpt lat="56.2720424" lon="84.8334915"><ele>79.7</ele><time>1970-01-01T00:00:00.000Z</time></trkpt><trkpt lat="56.2721054" lon="84.833465"><ele>79.7</ele><time>1970-01-01T00:00:00.000Z</time></trkpt><trkpt lat="56.272166" lon="84.8334175"><ele>79.7</ele><time>1970-01-01T00:00:00.000Z</time></trkpt><trkpt lat="56.27223" lon="84.8333789"><ele>79.3</ele><time>1970-01-01T00:00:00.000Z</time></trkpt><trkpt lat="56.2723068" lon="84.83335"><ele>79.6</ele><time>1970-01-01T00:00:00.000Z</time></trkpt><trkpt lat="56.2723659" lon="84.8333478"><ele>81.8</ele><time>1970-01-01T00:00:00.000Z</time></trkpt><trkpt lat="56.2724344" lon="84.8333043"><ele>81.5</ele><time>1970-01-01T00:00:00.000Z</time></trkpt><trkpt lat="56.2725028" lon="84.8332632"><ele>80.3</ele><time>1970-01-01T00:00:00.000Z</time></trkpt><trkpt lat="56.2725641" lon="84.8332291"><ele>80.1</ele><time>1970-01-01T00:00:00.000Z</time></trkpt><trkpt lat="56.2726299" lon="84.8331992"><ele>79.1</ele><time>1970-01-01T00:00:00.000Z</time></trkpt><trkpt lat="56.2727027" lon="84.8331722"><ele>78.2</ele><time>1970-01-01T00:00:00.000Z</time></trkpt><trkpt lat="56.2727768" lon="84.8331195"><ele>78.9</ele><time>1970-01-01T00:00:00.000Z</time></trkpt><trkpt lat="56.2728342" lon="84.8330797"><ele>79.1</ele><time>1970-01-01T00:00:00.000Z</time></trkpt><trkpt lat="56.2728973" lon="84.8330371"><ele>78.6</ele><time>1970-01-01T00:00:00.000Z</time></trkpt><trkpt lat="56.2729585" lon="84.8329593"><ele>79.9</ele><time>1970-01-01T00:00:00.000Z</time></trkpt><trkpt lat="56.2730397" lon="84.8329331"><ele>79.3</ele><time>1970-01-01T00:00:00.000Z</time></trkpt><trkpt lat="56.273109" lon="84.8329034"><ele>80</ele><time>1970-01-01T00:00:00.000Z</time></trkpt><trkpt lat="56.2731751" lon="84.832893"><ele>79</ele><time>1970-01-01T00:00:00.000Z</time></trkpt><trkpt lat="56.2732462" lon="84.8328745"><ele>79</ele><time>1970-01-01T00:00:00.000Z</time></trkpt><trkpt lat="56.2733182" lon="84.8328317"><ele>78.9</ele><time>1970-01-01T00:00:00.000Z</time></trkpt><trkpt lat="56.2733911" lon="84.8327939"><ele>78.7</ele><time>1970-01-01T00:00:00.000Z</time></trkpt><trkpt lat="56.2734667" lon="84.8327648"><ele>78.5</ele><time>1970-01-01T00:00:00.000Z</time></trkpt><trkpt lat="56.2735284" lon="84.8327562"><ele>78.9</ele><time>1970-01-01T00:00:00.000Z</time></trkpt><trkpt lat="56.2736011" lon="84.8327088"><ele>77.7</ele><time>1970-01-01T00:00:00.000Z</time></trkpt><trkpt lat="56.273663" lon="84.8326752"><ele>78</ele><time>1970-01-01T00:00:00.000Z</time></trkpt><trkpt lat="56.2737249" lon="84.8326407"><ele>78</ele><time>1970-01-01T00:00:00.000Z</time></trkpt><trkpt lat="56.2737935" lon="84.8325952"><ele>77.7</ele><time>1970-01-01T00:00:00.000Z</time></trkpt><trkpt lat="56.2738592" lon="84.8325651"><ele>78</ele><time>1970-01-01T00:00:00.000Z</time></trkpt><trkpt lat="56.2739332" lon="84.8325501"><ele>79.5</ele><time>1970-01-01T00:00:00.000Z</time></trkpt><trkpt lat="56.2740064" lon="84.8325226"><ele>79.8</ele><time>1970-01-01T00:00:00.000Z</time></trkpt><trkpt lat="56.2740634" lon="84.8324831"><ele>80.1</ele><time>1970-01-01T00:00:00.000Z</time></trkpt><trkpt lat="56.2741264" lon="84.8324435"><ele>79.6</ele><time>1970-01-01T00:00:00.000Z</time></trkpt><trkpt lat="56.2742099" lon="84.8324259"><ele>78.9</ele><time>1970-01-01T00:00:00.000Z</time></trkpt><trkpt lat="56.2742725" lon="84.8323923"><ele>78</ele><time>1970-01-01T00:00:00.000Z</time></trkpt><trkpt lat="56.2743369" lon="84.8323499"><ele>77.3</ele><time>1970-01-01T00:00:00.000Z</time></trkpt><trkpt lat="56.2744217" lon="84.8323275"><ele>76.8</ele><time>1970-01-01T00:00:00.000Z</time></trkpt><trkpt lat="56.274488" lon="84.8322945"><ele>76.4</ele><time>1970-01-01T00:00:00.000Z</time></trkpt><trkpt lat="56.2745628" lon="84.83224"><ele>75.1</ele><time>1970-01-01T00:00:00.000Z</time></trkpt><trkpt lat="56.2746326" lon="84.8322083"><ele>74.8</ele><time>1970-01-01T00:00:00.000Z</time></trkpt><trkpt lat="56.2747116" lon="84.8321653"><ele>74.3</ele><time>1970-01-01T00:00:00.000Z</time></trkpt><trkpt lat="56.2747966" lon="84.8321189"><ele>74.8</ele><time>1970-01-01T00:00:00.000Z</time></trkpt><trkpt lat="56.2748791" lon="84.8320494"><ele>75.3</ele><time>1970-01-01T00:00:00.000Z</time></trkpt><trkpt lat="56.2749591" lon="84.8320131"><ele>75.6</ele><time>1970-01-01T00:00:00.000Z</time></trkpt><trkpt lat="56.2750313" lon="84.8319816"><ele>75.7</ele><time>1970-01-01T00:00:00.000Z</time></trkpt><trkpt lat="56.2751001" lon="84.8319469"><ele>76.5</ele><time>1970-01-01T00:00:00.000Z</time></trkpt><trkpt lat="56.275174" lon="84.8319128"><ele>76.7</ele><time>1970-01-01T00:00:00.000Z</time></trkpt><trkpt lat="56.275244" lon="84.8318676"><ele>75.6</ele><time>1970-01-01T00:00:00.000Z</time></trkpt><trkpt lat="56.2753184" lon="84.8318416"><ele>75.9</ele><time>1970-01-01T00:00:00.000Z</time></trkpt><trkpt lat="56.2753971" lon="84.8318084"><ele>75.9</ele><time>1970-01-01T00:00:00.000Z</time></trkpt><trkpt lat="56.2754763" lon="84.8317709"><ele>74.2</ele><time>1970-01-01T00:00:00.000Z</time></trkpt><trkpt lat="56.2755543" lon="84.8317232"><ele>73.5</ele><time>1970-01-01T00:00:00.000Z</time></trkpt><trkpt lat="56.2756181" lon="84.8316911"><ele>72.8</ele><time>1970-01-01T00:00:00.000Z</time></trkpt><trkpt lat="56.2756974" lon="84.8316802"><ele>73.4</ele><time>1970-01-01T00:00:00.000Z</time></trkpt><trkpt lat="56.2757736" lon="84.8316547"><ele>74.3</ele><time>1970-01-01T00:00:00.000Z</time></trkpt><trkpt lat="56.2758384" lon="84.8315869"><ele>74.5</ele><time>1970-01-01T00:00:00.000Z</time></trkpt><trkpt lat="56.2759096" lon="84.8315493"><ele>73.8</ele><time>1970-01-01T00:00:00.000Z</time></trkpt><trkpt lat="56.2759765" lon="84.8315234"><ele>74.2</ele><time>1970-01-01T00:00:00.000Z</time></trkpt><trkpt lat="56.2760425" lon="84.8314966"><ele>73.9</ele><time>1970-01-01T00:00:00.000Z</time></trkpt><trkpt lat="56.2761095" lon="84.8314788"><ele>74.6</ele><time>1970-01-01T00:00:00.000Z</time></trkpt><trkpt lat="56.2761916" lon="84.8314521"><ele>74.6</ele><time>1970-01-01T00:00:00.000Z</time></trkpt><trkpt lat="56.2762592" lon="84.831415"><ele>76.3</ele><time>1970-01-01T00:00:00.000Z</time></trkpt><trkpt lat="56.2763197" lon="84.831379"><ele>75.1</ele><time>1970-01-01T00:00:00.000Z</time></trkpt><trkpt lat="56.2763817" lon="84.8313576"><ele>75.4</ele><time>1970-01-01T00:00:00.000Z</time></trkpt><trkpt lat="56.2764535" lon="84.8312935"><ele>74.7</ele><time>1970-01-01T00:00:00.000Z</time></trkpt><trkpt lat="56.2765178" lon="84.8312641"><ele>75.4</ele><time>1970-01-01T00:00:00.000Z</time></trkpt><trkpt lat="56.2765858" lon="84.8312339"><ele>75.5</ele><time>1970-01-01T00:00:00.000Z</time></trkpt><trkpt lat="56.2766604" lon="84.8311871"><ele>75.7</ele><time>1970-01-01T00:00:00.000Z</time></trkpt><trkpt lat="56.2767189" lon="84.8311431"><ele>75.6</ele><time>1970-01-01T00:00:00.000Z</time></trkpt><trkpt lat="56.2767921" lon="84.8311048"><ele>75.3</ele><time>1970-01-01T00:00:00.000Z</time></trkpt><trkpt lat="56.2768571" lon="84.8310718"><ele>75.2</ele><time>1970-01-01T00:00:00.000Z</time></trkpt><trkpt lat="56.2769223" lon="84.8310397"><ele>74.9</ele><time>1970-01-01T00:00:00.000Z</time></trkpt><trkpt lat="56.2769897" lon="84.8310105"><ele>75.9</ele><time>1970-01-01T00:00:00.000Z</time></trkpt><trkpt lat="56.2770571" lon="84.8309771"><ele>75.4</ele><time>1970-01-01T00:00:00.000Z</time></trkpt><trkpt lat="56.2771291" lon="84.8309433"><ele>75.4</ele><time>1970-01-01T00:00:00.000Z</time></trkpt><trkpt lat="56.2771951" lon="84.8309556"><ele>76.4</ele><time>1970-01-01T00:00:00.000Z</time></trkpt><trkpt lat="56.2772709" lon="84.8309182"><ele>76.3</ele><time>1970-01-01T00:00:00.000Z</time></trkpt><trkpt lat="56.2773441" lon="84.8308675"><ele>74.6</ele><time>1970-01-01T00:00:00.000Z</time></trkpt><trkpt lat="56.2774183" lon="84.8308178"><ele>74.9</ele><time>1970-01-01T00:00:00.000Z</time></trkpt><trkpt lat="56.277489" lon="84.830776"><ele>74.7</ele><time>1970-01-01T00:00:00.000Z</time></trkpt><trkpt lat="56.2775685" lon="84.8307422"><ele>74.7</ele><time>1970-01-01T00:00:00.000Z</time></trkpt><trkpt lat="56.277631" lon="84.8307219"><ele>73.2</ele><time>1970-01-01T00:00:00.000Z</time></trkpt><trkpt lat="56.2777022" lon="84.8306931"><ele>73</ele><time>1970-01-01T00:00:00.000Z</time></trkpt><trkpt lat="56.2777743" lon="84.8306421"><ele>73.3</ele><time>1970-01-01T00:00:00.000Z</time></trkpt><trkpt lat="56.2778481" lon="84.8305941"><ele>73.1</ele><time>1970-01-01T00:00:00.000Z</time></trkpt><trkpt lat="56.2779227" lon="84.8305591"><ele>72.1</ele><time>1970-01-01T00:00:00.000Z</time></trkpt><trkpt lat="56.2779937" lon="84.8305237"><ele>72.2</ele><time>1970-01-01T00:00:00.000Z</time></trkpt><trkpt lat="56.2780729" lon="84.8304834"><ele>71.3</ele><time>1970-01-01T00:00:00.000Z</time></trkpt><trkpt lat="56.278151" lon="84.8304311"><ele>71.2</ele><time>1970-01-01T00:00:00.000Z</time></trkpt><trkpt lat="56.278233" lon="84.8303996"><ele>70.8</ele><time>1970-01-01T00:00:00.000Z</time></trkpt><trkpt lat="56.2783055" lon="84.830369"><ele>70.4</ele><time>1970-01-01T00:00:00.000Z</time></trkpt><trkpt lat="56.2783758" lon="84.8303391"><ele>70.3</ele><time>1970-01-01T00:00:00.000Z</time></trkpt><trkpt lat="56.2784525" lon="84.830304"><ele>70.2</ele><time>1970-01-01T00:00:00.000Z</time></trkpt><trkpt lat="56.278522" lon="84.8302623"><ele>70.8</ele><time>1970-01-01T00:00:00.000Z</time></trkpt><trkpt lat="56.2785939" lon="84.8302219"><ele>71.4</ele><time>1970-01-01T00:00:00.000Z</time></trkpt><trkpt lat="56.2786633" lon="84.8301917"><ele>71.9</ele><time>1970-01-01T00:00:00.000Z</time></trkpt><trkpt lat="56.2787237" lon="84.8301804"><ele>72</ele><time>1970-01-01T00:00:00.000Z</time></trkpt><trkpt lat="56.2787899" lon="84.830143"><ele>72</ele><time>1970-01-01T00:00:00.000Z</time></trkpt><trkpt lat="56.2788598" lon="84.8301303"><ele>72.2</ele><time>1970-01-01T00:00:00.000Z</time></trkpt><trkpt lat="56.278924" lon="84.8300736"><ele>72</ele><time>1970-01-01T00:00:00.000Z</time></trkpt><trkpt lat="56.2789992" lon="84.8300334"><ele>72.1</ele><time>1970-01-01T00:00:00.000Z</time></trkpt><trkpt lat="56.279068" lon="84.8300059"><ele>71.4</ele><time>1970-01-01T00:00:00.000Z</time></trkpt><trkpt lat="56.2791458" lon="84.8299601"><ele>71.1</ele><time>1970-01-01T00:00:00.000Z</time></trkpt><trkpt lat="56.2792268" lon="84.8299257"><ele>70.9</ele><time>1970-01-01T00:00:00.000Z</time></trkpt><trkpt lat="56.2792996" lon="84.8298908"><ele>71</ele><time>1970-01-01T00:00:00.000Z</time></trkpt><trkpt lat="56.2793768" lon="84.8298463"><ele>71.2</ele><time>1970-01-01T00:00:00.000Z</time></trkpt><trkpt lat="56.2794488" lon="84.8298127"><ele>71.6</ele><time>1970-01-01T00:00:00.000Z</time></trkpt><trkpt lat="56.2795222" lon="84.8297713"><ele>72.3</ele><time>1970-01-01T00:00:00.000Z</time></trkpt><trkpt lat="56.2795942" lon="84.8297451"><ele>71.6</ele><time>1970-01-01T00:00:00.000Z</time></trkpt><trkpt lat="56.2796707" lon="84.8297163"><ele>72.6</ele><time>1970-01-01T00:00:00.000Z</time></trkpt><trkpt lat="56.279746" lon="84.8296837"><ele>72.3</ele><time>1970-01-01T00:00:00.000Z</time></trkpt><trkpt lat="56.2798189" lon="84.8296537"><ele>72.1</ele><time>1970-01-01T00:00:00.000Z</time></trkpt><trkpt lat="56.2798934" lon="84.8296347"><ele>71.6</ele><time>1970-01-01T00:00:00.000Z</time></trkpt><trkpt lat="56.2799655" lon="84.8296066"><ele>72.1</ele><time>1970-01-01T00:00:00.000Z</time></trkpt><trkpt lat="56.2800387" lon="84.8295927"><ele>72.8</ele><time>1970-01-01T00:00:00.000Z</time></trkpt><trkpt lat="56.2801163" lon="84.8295697"><ele>72</ele><time>1970-01-01T00:00:00.000Z</time></trkpt><trkpt lat="56.280207" lon="84.8295409"><ele>72.4</ele><time>1970-01-01T00:00:00.000Z</time></trkpt><trkpt lat="56.280297" lon="84.8295069"><ele>72.6</ele><time>1970-01-01T00:00:00.000Z</time></trkpt><trkpt lat="56.2803643" lon="84.8294693"><ele>72.3</ele><time>1970-01-01T00:00:00.000Z</time></trkpt><trkpt lat="56.2804403" lon="84.8294234"><ele>72.4</ele><time>1970-01-01T00:00:00.000Z</time></trkpt><trkpt lat="56.2805206" lon="84.8293742"><ele>74</ele><time>1970-01-01T00:00:00.000Z</time></trkpt><trkpt lat="56.2805964" lon="84.8293381"><ele>73.8</ele><time>1970-01-01T00:00:00.000Z</time></trkpt><trkpt lat="56.2806757" lon="84.829298"><ele>75.9</ele><time>1970-01-01T00:00:00.000Z</time></trkpt><trkpt lat="56.2807638" lon="84.8292497"><ele>76.4</ele><time>1970-01-01T00:00:00.000Z</time></trkpt><trkpt lat="56.2808326" lon="84.8292137"><ele>77.4</ele><time>1970-01-01T00:00:00.000Z</time></trkpt><trkpt lat="56.2809097" lon="84.8291632"><ele>78.2</ele><time>1970-01-01T00:00:00.000Z</time></trkpt><trkpt lat="56.280992" lon="84.829121"><ele>76.9</ele><time>1970-01-01T00:00:00.000Z</time></trkpt><trkpt lat="56.2810674" lon="84.8290786"><ele>77.5</ele><time>1970-01-01T00:00:00.000Z</time></trkpt><trkpt lat="56.281135" lon="84.8290399"><ele>78.4</ele><time>1970-01-01T00:00:00.000Z</time></trkpt><trkpt lat="56.2812032" lon="84.8290025"><ele>79.3</ele><time>1970-01-01T00:00:00.000Z</time></trkpt><trkpt lat="56.2812809" lon="84.8289508"><ele>76.8</ele><time>1970-01-01T00:00:00.000Z</time></trkpt><trkpt lat="56.2813401" lon="84.8289073"><ele>74.8</ele><time>1970-01-01T00:00:00.000Z</time></trkpt><trkpt lat="56.2814058" lon="84.8288642"><ele>76.7</ele><time>1970-01-01T00:00:00.000Z</time></trkpt><trkpt lat="56.281476" lon="84.828771"><ele>76.9</ele><time>1970-01-01T00:00:00.000Z</time></trkpt><trkpt lat="56.2815237" lon="84.8286792"><ele>72.4</ele><time>1970-01-01T00:00:00.000Z</time></trkpt><trkpt lat="56.2815643" lon="84.8285604"><ele>73</ele><time>1970-01-01T00:00:00.000Z</time></trkpt><trkpt lat="56.2815998" lon="84.8284463"><ele>73.3</ele><time>1970-01-01T00:00:00.000Z</time></trkpt><trkpt lat="56.2816498" lon="84.8283282"><ele>73.6</ele><time>1970-01-01T00:00:00.000Z</time></trkpt><trkpt lat="56.2816876" lon="84.8281926"><ele>71</ele><time>1970-01-01T00:00:00.000Z</time></trkpt><trkpt lat="56.2817412" lon="84.8280687"><ele>69.9</ele><time>1970-01-01T00:00:00.000Z</time></trkpt><trkpt lat="56.2817775" lon="84.8279308"><ele>71.6</ele><time>1970-01-01T00:00:00.000Z</time></trkpt><trkpt lat="56.2818075" lon="84.8278043"><ele>71.4</ele><time>1970-01-01T00:00:00.000Z</time></trkpt><trkpt lat="56.2818411" lon="84.8277051"><ele>69.8</ele><time>1970-01-01T00:00:00.000Z</time></trkpt><trkpt lat="56.2818662" lon="84.8275955"><ele>69.2</ele><time>1970-01-01T00:00:00.000Z</time></trkpt><trkpt lat="56.2819029" lon="84.827485"><ele>68.4</ele><time>1970-01-01T00:00:00.000Z</time></trkpt><trkpt lat="56.28194" lon="84.8273681"><ele>67.5</ele><time>1970-01-01T00:00:00.000Z</time></trkpt><trkpt lat="56.2819779" lon="84.8272405"><ele>68.1</ele><time>1970-01-01T00:00:00.000Z</time></trkpt><trkpt lat="56.2820302" lon="84.8271986"><ele>67.7</ele><time>1970-01-01T00:00:00.000Z</time></trkpt><trkpt lat="56.2820507" lon="84.8271333"><ele>67.9</ele><time>1970-01-01T00:00:00.000Z</time></trkpt><trkpt lat="56.2820469" lon="84.8271204"><ele>68.6</ele><time>1970-01-01T00:00:00.000Z</time></trkpt><trkpt lat="56.2820215" lon="84.827088"><ele>66.2</ele><time>1970-01-01T00:00:00.000Z</time></trkpt><trkpt lat="56.2820254" lon="84.8269939"><ele>67.3</ele><time>1970-01-01T00:00:00.000Z</time></trkpt><trkpt lat="56.2820407" lon="84.8270261"><ele>67.5</ele><time>1970-01-01T00:00:00.000Z</time></trkpt><trkpt lat="56.2820454" lon="84.8270325"><ele>67.8</ele><time>1970-01-01T00:00:00.000Z</time></trkpt><trkpt lat="56.2820482" lon="84.8270352"><ele>67.7</ele><time>1970-01-01T00:00:00.000Z</time></trkpt><trkpt lat="56.2820476" lon="84.8270545"><ele>67.7</ele><time>1970-01-01T00:00:00.000Z</time></trkpt><trkpt lat="56.2820478" lon="84.8270564"><ele>67.6</ele><time>1970-01-01T00:00:00.000Z</time></trkpt><trkpt lat="56.2820428" lon="84.8270541"><ele>67.6</ele><time>1970-01-01T00:00:00.000Z</time></trkpt><trkpt lat="56.282037" lon="84.8270681"><ele>67.5</ele><time>1970-01-01T00:00:00.000Z</time></trkpt><trkpt lat="56.2820378" lon="84.8270698"><ele>67.5</ele><time>1970-01-01T00:00:00.000Z</time></trkpt><trkpt lat="56.2820376" lon="84.8270706"><ele>67.5</ele><time>1970-01-01T00:00:00.000Z</time></trkpt><trkpt lat="56.2820372" lon="84.8270716"><ele>67.5</ele><time>1970-01-01T00:00:00.000Z</time></trkpt><trkpt lat="56.282037" lon="84.8270727"><ele>67.4</ele><time>1970-01-01T00:00:00.000Z</time></trkpt><trkpt lat="56.2820369" lon="84.8270736"><ele>67.4</ele><time>1970-01-01T00:00:00.000Z</time></trkpt><trkpt lat="56.2820366" lon="84.8270746"><ele>67.4</ele><time>1970-01-01T00:00:00.000Z</time></trkpt><trkpt lat="56.2820367" lon="84.8270633"><ele>67.5</ele><time>1970-01-01T00:00:00.000Z</time></trkpt><trkpt lat="56.282051" lon="84.8269885"><ele>67.3</ele><time>1970-01-01T00:00:00.000Z</time></trkpt><trkpt lat="56.2820788" lon="84.8268972"><ele>67.8</ele><time>1970-01-01T00:00:00.000Z</time></trkpt><trkpt lat="56.2821158" lon="84.8267355"><ele>68.4</ele><time>1970-01-01T00:00:00.000Z</time></trkpt><trkpt lat="56.2821529" lon="84.8266216"><ele>69</ele><time>1970-01-01T00:00:00.000Z</time></trkpt><trkpt lat="56.2821891" lon="84.8265086"><ele>69</ele><time>1970-01-01T00:00:00.000Z</time></trkpt><trkpt lat="56.2822275" lon="84.8263845"><ele>69.4</ele><time>1970-01-01T00:00:00.000Z</time></trkpt><trkpt lat="56.2822577" lon="84.8262676"><ele>69.1</ele><time>1970-01-01T00:00:00.000Z</time></trkpt><trkpt lat="56.2822996" lon="84.8261581"><ele>69.1</ele><time>1970-01-01T00:00:00.000Z</time></trkpt><trkpt lat="56.2823333" lon="84.8260527"><ele>69.4</ele><time>1970-01-01T00:00:00.000Z</time></trkpt><trkpt lat="56.2823691" lon="84.8259361"><ele>69</ele><time>1970-01-01T00:00:00.000Z</time></trkpt><trkpt lat="56.2824079" lon="84.8258257"><ele>69.6</ele><time>1970-01-01T00:00:00.000Z</time></trkpt><trkpt lat="56.2824444" lon="84.8257004"><ele>69.7</ele><time>1970-01-01T00:00:00.000Z</time></trkpt><trkpt lat="56.2824808" lon="84.8255918"><ele>69.4</ele><time>1970-01-01T00:00:00.000Z</time></trkpt><trkpt lat="56.282532" lon="84.8254454"><ele>70.4</ele><time>1970-01-01T00:00:00.000Z</time></trkpt><trkpt lat="56.2825723" lon="84.8253407"><ele>70.9</ele><time>1970-01-01T00:00:00.000Z</time></trkpt><trkpt lat="56.2826191" lon="84.8252121"><ele>70.8</ele><time>1970-01-01T00:00:00.000Z</time></trkpt><trkpt lat="56.2826576" lon="84.8250972"><ele>70.4</ele><time>1970-01-01T00:00:00.000Z</time></trkpt><trkpt lat="56.2826968" lon="84.8249636"><ele>70.4</ele><time>1970-01-01T00:00:00.000Z</time></trkpt><trkpt lat="56.2827422" lon="84.8248261"><ele>70.4</ele><time>1970-01-01T00:00:00.000Z</time></trkpt><trkpt lat="56.2827744" lon="84.824718"><ele>70.2</ele><time>1970-01-01T00:00:00.000Z</time></trkpt><trkpt lat="56.282818" lon="84.8245945"><ele>69.8</ele><time>1970-01-01T00:00:00.000Z</time></trkpt><trkpt lat="56.2828578" lon="84.8244744"><ele>69.7</ele><time>1970-01-01T00:00:00.000Z</time></trkpt><trkpt lat="56.2828999" lon="84.8243628"><ele>69.8</ele><time>1970-01-01T00:00:00.000Z</time></trkpt><trkpt lat="56.28294" lon="84.8242507"><ele>70</ele><time>1970-01-01T00:00:00.000Z</time></trkpt><trkpt lat="56.2829858" lon="84.8241395"><ele>69.3</ele><time>1970-01-01T00:00:00.000Z</time></trkpt><trkpt lat="56.2830313" lon="84.8240294"><ele>70.2</ele><time>1970-01-01T00:00:00.000Z</time></trkpt><trkpt lat="56.2830679" lon="84.8239274"><ele>70.2</ele><time>1970-01-01T00:00:00.000Z</time></trkpt><trkpt lat="56.2831212" lon="84.8238096"><ele>69.4</ele><time>1970-01-01T00:00:00.000Z</time></trkpt><trkpt lat="56.283176" lon="84.8236876"><ele>69.3</ele><time>1970-01-01T00:00:00.000Z</time></trkpt><trkpt lat="56.2832234" lon="84.8235575"><ele>68.7</ele><time>1970-01-01T00:00:00.000Z</time></trkpt><trkpt lat="56.2832561" lon="84.8234393"><ele>68.8</ele><time>1970-01-01T00:00:00.000Z</time></trkpt><trkpt lat="56.283292" lon="84.8233222"><ele>68.8</ele><time>1970-01-01T00:00:00.000Z</time></trkpt><trkpt lat="56.2833362" lon="84.8232041"><ele>69.4</ele><time>1970-01-01T00:00:00.000Z</time></trkpt><trkpt lat="56.2833805" lon="84.8230853"><ele>69.3</ele><time>1970-01-01T00:00:00.000Z</time></trkpt><trkpt lat="56.2834255" lon="84.8229551"><ele>70.1</ele><time>1970-01-01T00:00:00.000Z</time></trkpt><trkpt lat="56.2834653" lon="84.8228458"><ele>70.7</ele><time>1970-01-01T00:00:00.000Z</time></trkpt><trkpt lat="56.2835028" lon="84.8227309"><ele>70.3</ele><time>1970-01-01T00:00:00.000Z</time></trkpt><trkpt lat="56.2835518" lon="84.8226036"><ele>69.6</ele><time>1970-01-01T00:00:00.000Z</time></trkpt><trkpt lat="56.2836049" lon="84.822472"><ele>69.3</ele><time>1970-01-01T00:00:00.000Z</time></trkpt><trkpt lat="56.2836446" lon="84.8223507"><ele>69.3</ele><time>1970-01-01T00:00:00.000Z</time></trkpt><trkpt lat="56.2836914" lon="84.8222303"><ele>68.6</ele><time>1970-01-01T00:00:00.000Z</time></trkpt><trkpt lat="56.283737" lon="84.8221151"><ele>68.5</ele><time>1970-01-01T00:00:00.000Z</time></trkpt><trkpt lat="56.2837741" lon="84.8220073"><ele>68.4</ele><time>1970-01-01T00:00:00.000Z</time></trkpt><trkpt lat="56.2838096" lon="84.8218954"><ele>68.1</ele><time>1970-01-01T00:00:00.000Z</time></trkpt><trkpt lat="56.2838471" lon="84.8217853"><ele>68.5</ele><time>1970-01-01T00:00:00.000Z</time></trkpt><trkpt lat="56.2838961" lon="84.8216795"><ele>68.9</ele><time>1970-01-01T00:00:00.000Z</time></trkpt><trkpt lat="56.2839317" lon="84.8215714"><ele>69.6</ele><time>1970-01-01T00:00:00.000Z</time></trkpt><trkpt lat="56.2839778" lon="84.8214537"><ele>69.3</ele><time>1970-01-01T00:00:00.000Z</time></trkpt><trkpt lat="56.2840226" lon="84.8213325"><ele>69.5</ele><time>1970-01-01T00:00:00.000Z</time></trkpt><trkpt lat="56.284065" lon="84.821217"><ele>70.1</ele><time>1970-01-01T00:00:00.000Z</time></trkpt><trkpt lat="56.2841011" lon="84.8211233"><ele>70</ele><time>1970-01-01T00:00:00.000Z</time></trkpt><trkpt lat="56.2841486" lon="84.8209937"><ele>69.6</ele><time>1970-01-01T00:00:00.000Z</time></trkpt><trkpt lat="56.2841864" lon="84.8208953"><ele>70</ele><time>1970-01-01T00:00:00.000Z</time></trkpt><trkpt lat="56.2842268" lon="84.8207899"><ele>70</ele><time>1970-01-01T00:00:00.000Z</time></trkpt><trkpt lat="56.2842603" lon="84.8206841"><ele>69.5</ele><time>1970-01-01T00:00:00.000Z</time></trkpt><trkpt lat="56.2843014" lon="84.8205623"><ele>69.5</ele><time>1970-01-01T00:00:00.000Z</time></trkpt><trkpt lat="56.2843399" lon="84.8204617"><ele>68.9</ele><time>1970-01-01T00:00:00.000Z</time></trkpt><trkpt lat="56.2843812" lon="84.8203568"><ele>68.7</ele><time>1970-01-01T00:00:00.000Z</time></trkpt><trkpt lat="56.2844197" lon="84.820255"><ele>68.9</ele><time>1970-01-01T00:00:00.000Z</time></trkpt><trkpt lat="56.284425" lon="84.8202295"><ele>68.9</ele><time>1970-01-01T00:00:00.000Z</time></trkpt><trkpt lat="56.2844263" lon="84.8202332"><ele>68.9</ele><time>1970-01-01T00:00:00.000Z</time></trkpt><trkpt lat="56.2844268" lon="84.8202333"><ele>69.4</ele><time>1970-01-01T00:00:00.000Z</time></trkpt><trkpt lat="56.2844268" lon="84.8202342"><ele>69.4</ele><time>1970-01-01T00:00:00.000Z</time></trkpt><trkpt lat="56.2844279" lon="84.820241"><ele>69.4</ele><time>1970-01-01T00:00:00.000Z</time></trkpt><trkpt lat="56.284429" lon="84.8202341"><ele>69.9</ele><time>1970-01-01T00:00:00.000Z</time></trkpt><trkpt lat="56.2844301" lon="84.8202231"><ele>70.5</ele><time>1970-01-01T00:00:00.000Z</time></trkpt><trkpt lat="56.2844396" lon="84.8202058"><ele>71.3</ele><time>1970-01-01T00:00:00.000Z</time></trkpt><trkpt lat="56.2844683" lon="84.8201194"><ele>71</ele><time>1970-01-01T00:00:00.000Z</time></trkpt><trkpt lat="56.2845035" lon="84.8200016"><ele>71.1</ele><time>1970-01-01T00:00:00.000Z</time></trkpt><trkpt lat="56.2845449" lon="84.8198885"><ele>69.8</ele><time>1970-01-01T00:00:00.000Z</time></trkpt><trkpt lat="56.284593" lon="84.8197924"><ele>70.2</ele><time>1970-01-01T00:00:00.000Z</time></trkpt><trkpt lat="56.2846447" lon="84.8196743"><ele>70.4</ele><time>1970-01-01T00:00:00.000Z</time></trkpt><trkpt lat="56.284692" lon="84.8195617"><ele>70.5</ele><time>1970-01-01T00:00:00.000Z</time></trkpt><trkpt lat="56.2847299" lon="84.8194595"><ele>70</ele><time>1970-01-01T00:00:00.000Z</time></trkpt><trkpt lat="56.2847676" lon="84.8193298"><ele>69.2</ele><time>1970-01-01T00:00:00.000Z</time></trkpt><trkpt lat="56.2848092" lon="84.8192279"><ele>69.3</ele><time>1970-01-01T00:00:00.000Z</time></trkpt><trkpt lat="56.2848522" lon="84.8191081"><ele>69</ele><time>1970-01-01T00:00:00.000Z</time></trkpt><trkpt lat="56.2848904" lon="84.8189991"><ele>68.2</ele><time>1970-01-01T00:00:00.000Z</time></trkpt><trkpt lat="56.2849297" lon="84.8188847"><ele>68</ele><time>1970-01-01T00:00:00.000Z</time></trkpt><trkpt lat="56.2849704" lon="84.8187836"><ele>67.6</ele><time>1970-01-01T00:00:00.000Z</time></trkpt><trkpt lat="56.2850095" lon="84.8186716"><ele>67.2</ele><time>1970-01-01T00:00:00.000Z</time></trkpt><trkpt lat="56.285051" lon="84.8185433"><ele>67.2</ele><time>1970-01-01T00:00:00.000Z</time></trkpt><trkpt lat="56.2850878" lon="84.8184251"><ele>67.1</ele><time>1970-01-01T00:00:00.000Z</time></trkpt><trkpt lat="56.285129" lon="84.8183018"><ele>66.6</ele><time>1970-01-01T00:00:00.000Z</time></trkpt><trkpt lat="56.2851729" lon="84.8182142"><ele>66.5</ele><time>1970-01-01T00:00:00.000Z</time></trkpt><trkpt lat="56.2852328" lon="84.8181056"><ele>67.4</ele><time>1970-01-01T00:00:00.000Z</time></trkpt><trkpt lat="56.2852775" lon="84.8180164"><ele>67.4</ele><time>1970-01-01T00:00:00.000Z</time></trkpt><trkpt lat="56.2853078" lon="84.8179126"><ele>67.6</ele><time>1970-01-01T00:00:00.000Z</time></trkpt><trkpt lat="56.2853473" lon="84.8178121"><ele>67.6</ele><time>1970-01-01T00:00:00.000Z</time></trkpt><trkpt lat="56.2853963" lon="84.8176894"><ele>68.5</ele><time>1970-01-01T00:00:00.000Z</time></trkpt><trkpt lat="56.2854457" lon="84.8175957"><ele>69.1</ele><time>1970-01-01T00:00:00.000Z</time></trkpt><trkpt lat="56.2854809" lon="84.817502"><ele>69.6</ele><time>1970-01-01T00:00:00.000Z</time></trkpt><trkpt lat="56.2855189" lon="84.8173896"><ele>68.9</ele><time>1970-01-01T00:00:00.000Z</time></trkpt><trkpt lat="56.2855572" lon="84.8172786"><ele>68.3</ele><time>1970-01-01T00:00:00.000Z</time></trkpt><trkpt lat="56.2856015" lon="84.81718"><ele>69.3</ele><time>1970-01-01T00:00:00.000Z</time></trkpt><trkpt lat="56.2856479" lon="84.8170773"><ele>68.4</ele><time>1970-01-01T00:00:00.000Z</time></trkpt><trkpt lat="56.2856811" lon="84.8169739"><ele>67.7</ele><time>1970-01-01T00:00:00.000Z</time></trkpt><trkpt lat="56.2857117" lon="84.8168551"><ele>67.2</ele><time>1970-01-01T00:00:00.000Z</time></trkpt><trkpt lat="56.2857146" lon="84.8167248"><ele>66.8</ele><time>1970-01-01T00:00:00.000Z</time></trkpt><trkpt lat="56.2856978" lon="84.8165966"><ele>66.5</ele><time>1970-01-01T00:00:00.000Z</time></trkpt><trkpt lat="56.2856546" lon="84.8164751"><ele>67.3</ele><time>1970-01-01T00:00:00.000Z</time></trkpt><trkpt lat="56.2856016" lon="84.8163715"><ele>67.6</ele><time>1970-01-01T00:00:00.000Z</time></trkpt><trkpt lat="56.2855439" lon="84.816296"><ele>67.8</ele><time>1970-01-01T00:00:00.000Z</time></trkpt><trkpt lat="56.2854955" lon="84.816185"><ele>67.6</ele><time>1970-01-01T00:00:00.000Z</time></trkpt><trkpt lat="56.2854754" lon="84.8160604"><ele>67.2</ele><time>1970-01-01T00:00:00.000Z</time></trkpt><trkpt lat="56.2854544" lon="84.8159518"><ele>66.7</ele><time>1970-01-01T00:00:00.000Z</time></trkpt><trkpt lat="56.2854194" lon="84.8158357"><ele>66.6</ele><time>1970-01-01T00:00:00.000Z</time></trkpt><trkpt lat="56.2853792" lon="84.8157192"><ele>66.4</ele><time>1970-01-01T00:00:00.000Z</time></trkpt><trkpt lat="56.2853387" lon="84.815601"><ele>66.2</ele><time>1970-01-01T00:00:00.000Z</time></trkpt><trkpt lat="56.2853061" lon="84.8154957"><ele>66</ele><time>1970-01-01T00:00:00.000Z</time></trkpt><trkpt lat="56.2852755" lon="84.8153782"><ele>66.1</ele><time>1970-01-01T00:00:00.000Z</time></trkpt><trkpt lat="56.28525" lon="84.8152363"><ele>66.7</ele><time>1970-01-01T00:00:00.000Z</time></trkpt><trkpt lat="56.2852332" lon="84.8151653"><ele>66.2</ele><time>1970-01-01T00:00:00.000Z</time></trkpt><trkpt lat="56.2852141" lon="84.8150573"><ele>66.4</ele><time>1970-01-01T00:00:00.000Z</time></trkpt><trkpt lat="56.2852039" lon="84.814914"><ele>65.9</ele><time>1970-01-01T00:00:00.000Z</time></trkpt><trkpt lat="56.2851989" lon="84.8147679"><ele>65.4</ele><time>1970-01-01T00:00:00.000Z</time></trkpt><trkpt lat="56.2851978" lon="84.8146586"><ele>65.5</ele><time>1970-01-01T00:00:00.000Z</time></trkpt><trkpt lat="56.2851994" lon="84.814526"><ele>65.6</ele><time>1970-01-01T00:00:00.000Z</time></trkpt><trkpt lat="56.2852276" lon="84.814423"><ele>65.3</ele><time>1970-01-01T00:00:00.000Z</time></trkpt><trkpt lat="56.2852745" lon="84.814339"><ele>65.2</ele><time>1970-01-01T00:00:00.000Z</time></trkpt><trkpt lat="56.2853243" lon="84.8142663"><ele>66</ele><time>1970-01-01T00:00:00.000Z</time></trkpt><trkpt lat="56.2853841" lon="84.8141876"><ele>66.2</ele><time>1970-01-01T00:00:00.000Z</time></trkpt><trkpt lat="56.2854154" lon="84.8141037"><ele>66.5</ele><time>1970-01-01T00:00:00.000Z</time></trkpt><trkpt lat="56.2854625" lon="84.8140495"><ele>66.7</ele><time>1970-01-01T00:00:00.000Z</time></trkpt><trkpt lat="56.2855205" lon="84.8140065"><ele>66.3</ele><time>1970-01-01T00:00:00.000Z</time></trkpt><trkpt lat="56.2855838" lon="84.8139588"><ele>66.4</ele><time>1970-01-01T00:00:00.000Z</time></trkpt><trkpt lat="56.2856349" lon="84.8138974"><ele>67.1</ele><time>1970-01-01T00:00:00.000Z</time></trkpt><trkpt lat="56.2856892" lon="84.8138351"><ele>67.8</ele><time>1970-01-01T00:00:00.000Z</time></trkpt><trkpt lat="56.2856921" lon="84.8138645"><ele>68.5</ele><time>1970-01-01T00:00:00.000Z</time></trkpt><trkpt lat="56.2856963" lon="84.8138543"><ele>67.1</ele><time>1970-01-01T00:00:00.000Z</time></trkpt><trkpt lat="56.2857381" lon="84.8137736"><ele>67.5</ele><time>1970-01-01T00:00:00.000Z</time></trkpt><trkpt lat="56.2857943" lon="84.8136863"><ele>67.1</ele><time>1970-01-01T00:00:00.000Z</time></trkpt><trkpt lat="56.2858561" lon="84.8136049"><ele>67.6</ele><time>1970-01-01T00:00:00.000Z</time></trkpt><trkpt lat="56.2859129" lon="84.8135448"><ele>67.2</ele><time>1970-01-01T00:00:00.000Z</time></trkpt><trkpt lat="56.2859716" lon="84.8134717"><ele>66.5</ele><time>1970-01-01T00:00:00.000Z</time></trkpt><trkpt lat="56.2860362" lon="84.8133798"><ele>66.2</ele><time>1970-01-01T00:00:00.000Z</time></trkpt><trkpt lat="56.2861061" lon="84.813297"><ele>66.6</ele><time>1970-01-01T00:00:00.000Z</time></trkpt><trkpt lat="56.2861629" lon="84.8132228"><ele>66.5</ele><time>1970-01-01T00:00:00.000Z</time></trkpt><trkpt lat="56.2862272" lon="84.8131163"><ele>66.2</ele><time>1970-01-01T00:00:00.000Z</time></trkpt><trkpt lat="56.2862819" lon="84.8130435"><ele>65.6</ele><time>1970-01-01T00:00:00.000Z</time></trkpt><trkpt lat="56.2863442" lon="84.8129631"><ele>65.7</ele><time>1970-01-01T00:00:00.000Z</time></trkpt><trkpt lat="56.2863984" lon="84.8128826"><ele>65.8</ele><time>1970-01-01T00:00:00.000Z</time></trkpt><trkpt lat="56.2864531" lon="84.8127988"><ele>65.5</ele><time>1970-01-01T00:00:00.000Z</time></trkpt><trkpt lat="56.286512" lon="84.8127238"><ele>65.7</ele><time>1970-01-01T00:00:00.000Z</time></trkpt><trkpt lat="56.2865596" lon="84.8126517"><ele>65.3</ele><time>1970-01-01T00:00:00.000Z</time></trkpt><trkpt lat="56.2866124" lon="84.8125845"><ele>65.6</ele><time>1970-01-01T00:00:00.000Z</time></trkpt><trkpt lat="56.2866708" lon="84.8125244"><ele>65.1</ele><time>1970-01-01T00:00:00.000Z</time></trkpt><trkpt lat="56.2867216" lon="84.8124561"><ele>65.6</ele><time>1970-01-01T00:00:00.000Z</time></trkpt><trkpt lat="56.2867636" lon="84.8123672"><ele>66.8</ele><time>1970-01-01T00:00:00.000Z</time></trkpt><trkpt lat="56.2868097" lon="84.8122784"><ele>67.2</ele><time>1970-01-01T00:00:00.000Z</time></trkpt><trkpt lat="56.2868629" lon="84.8122364"><ele>66.5</ele><time>1970-01-01T00:00:00.000Z</time></trkpt><trkpt lat="56.2869146" lon="84.8121827"><ele>66.8</ele><time>1970-01-01T00:00:00.000Z</time></trkpt><trkpt lat="56.286972" lon="84.8121098"><ele>66.1</ele><time>1970-01-01T00:00:00.000Z</time></trkpt><trkpt lat="56.2870246" lon="84.8120441"><ele>66.9</ele><time>1970-01-01T00:00:00.000Z</time></trkpt><trkpt lat="56.2870729" lon="84.8119741"><ele>67.1</ele><time>1970-01-01T00:00:00.000Z</time></trkpt><trkpt lat="56.2871258" lon="84.8118901"><ele>66.1</ele><time>1970-01-01T00:00:00.000Z</time></trkpt><trkpt lat="56.2871723" lon="84.8118253"><ele>65.8</ele><time>1970-01-01T00:00:00.000Z</time></trkpt><trkpt lat="56.2872279" lon="84.8117659"><ele>65.8</ele><time>1970-01-01T00:00:00.000Z</time></trkpt><trkpt lat="56.2872776" lon="84.8116999"><ele>65.8</ele><time>1970-01-01T00:00:00.000Z</time></trkpt><trkpt lat="56.2873426" lon="84.811629"><ele>66.2</ele><time>1970-01-01T00:00:00.000Z</time></trkpt><trkpt lat="56.2873944" lon="84.8115651"><ele>66.2</ele><time>1970-01-01T00:00:00.000Z</time></trkpt><trkpt lat="56.2874486" lon="84.8114754"><ele>65.1</ele><time>1970-01-01T00:00:00.000Z</time></trkpt><trkpt lat="56.2874959" lon="84.8114146"><ele>65.4</ele><time>1970-01-01T00:00:00.000Z</time></trkpt><trkpt lat="56.2875496" lon="84.8113315"><ele>65</ele><time>1970-01-01T00:00:00.000Z</time></trkpt><trkpt lat="56.2875955" lon="84.8112516"><ele>64.9</ele><time>1970-01-01T00:00:00.000Z</time></trkpt><trkpt lat="56.2876526" lon="84.8111791"><ele>65.1</ele><time>1970-01-01T00:00:00.000Z</time></trkpt><trkpt lat="56.2877097" lon="84.8111103"><ele>65.6</ele><time>1970-01-01T00:00:00.000Z</time></trkpt><trkpt lat="56.2877662" lon="84.8110449"><ele>64.9</ele><time>1970-01-01T00:00:00.000Z</time></trkpt><trkpt lat="56.28782" lon="84.8109806"><ele>64.3</ele><time>1970-01-01T00:00:00.000Z</time></trkpt><trkpt lat="56.2878721" lon="84.8109214"><ele>64.9</ele><time>1970-01-01T00:00:00.000Z</time></trkpt><trkpt lat="56.2879214" lon="84.8108526"><ele>65.9</ele><time>1970-01-01T00:00:00.000Z</time></trkpt><trkpt lat="56.2879751" lon="84.8107772"><ele>65.8</ele><time>1970-01-01T00:00:00.000Z</time></trkpt><trkpt lat="56.2880309" lon="84.8107096"><ele>65.4</ele><time>1970-01-01T00:00:00.000Z</time></trkpt><trkpt lat="56.2880972" lon="84.8106392"><ele>64.8</ele><time>1970-01-01T00:00:00.000Z</time></trkpt><trkpt lat="56.2881529" lon="84.8105616"><ele>64.4</ele><time>1970-01-01T00:00:00.000Z</time></trkpt><trkpt lat="56.2881987" lon="84.8105005"><ele>64.3</ele><time>1970-01-01T00:00:00.000Z</time></trkpt><trkpt lat="56.288248" lon="84.8104474"><ele>64.1</ele><time>1970-01-01T00:00:00.000Z</time></trkpt><trkpt lat="56.2883047" lon="84.8103856"><ele>63.8</ele><time>1970-01-01T00:00:00.000Z</time></trkpt><trkpt lat="56.2883587" lon="84.8103217"><ele>63.6</ele><time>1970-01-01T00:00:00.000Z</time></trkpt><trkpt lat="56.2884115" lon="84.8102498"><ele>63</ele><time>1970-01-01T00:00:00.000Z</time></trkpt><trkpt lat="56.288462" lon="84.8101829"><ele>62.9</ele><time>1970-01-01T00:00:00.000Z</time></trkpt><trkpt lat="56.2885246" lon="84.8101113"><ele>63.6</ele><time>1970-01-01T00:00:00.000Z</time></trkpt><trkpt lat="56.2885843" lon="84.8100326"><ele>63.5</ele><time>1970-01-01T00:00:00.000Z</time></trkpt><trkpt lat="56.2886298" lon="84.8099671"><ele>63.6</ele><time>1970-01-01T00:00:00.000Z</time></trkpt><trkpt lat="56.2886777" lon="84.8099043"><ele>63.8</ele><time>1970-01-01T00:00:00.000Z</time></trkpt><trkpt lat="56.2887422" lon="84.809828"><ele>63.2</ele><time>1970-01-01T00:00:00.000Z</time></trkpt><trkpt lat="56.2887973" lon="84.8097753"><ele>63.2</ele><time>1970-01-01T00:00:00.000Z</time></trkpt><trkpt lat="56.2888578" lon="84.809733"><ele>63.7</ele><time>1970-01-01T00:00:00.000Z</time></trkpt><trkpt lat="56.2888891" lon="84.8096812"><ele>63.1</ele><time>1970-01-01T00:00:00.000Z</time></trkpt><trkpt lat="56.2889007" lon="84.8096087"><ele>64.1</ele><time>1970-01-01T00:00:00.000Z</time></trkpt><trkpt lat="56.2889339" lon="84.8095159"><ele>64.2</ele><time>1970-01-01T00:00:00.000Z</time></trkpt><trkpt lat="56.2889367" lon="84.8094092"><ele>64.2</ele><time>1970-01-01T00:00:00.000Z</time></trkpt><trkpt lat="56.2889449" lon="84.8093429"><ele>66.1</ele><time>1970-01-01T00:00:00.000Z</time></trkpt><trkpt lat="56.2889398" lon="84.8093587"><ele>65.7</ele><time>1970-01-01T00:00:00.000Z</time></trkpt><trkpt lat="56.2889373" lon="84.809366"><ele>65.6</ele><time>1970-01-01T00:00:00.000Z</time></trkpt><trkpt lat="56.2889384" lon="84.8093688"><ele>65.5</ele><time>1970-01-01T00:00:00.000Z</time></trkpt><trkpt lat="56.2889464" lon="84.8093924"><ele>65.2</ele><time>1970-01-01T00:00:00.000Z</time></trkpt><trkpt lat="56.2889485" lon="84.8093872"><ele>65.2</ele><time>1970-01-01T00:00:00.000Z</time></trkpt><trkpt lat="56.288947" lon="84.8093832"><ele>65.2</ele><time>1970-01-01T00:00:00.000Z</time></trkpt><trkpt lat="56.2889443" lon="84.8093871"><ele>65.2</ele><time>1970-01-01T00:00:00.000Z</time></trkpt><trkpt lat="56.2889435" lon="84.8093923"><ele>65.4</ele><time>1970-01-01T00:00:00.000Z</time></trkpt><trkpt lat="56.2889391" lon="84.8093897"><ele>65.1</ele><time>1970-01-01T00:00:00.000Z</time></trkpt><trkpt lat="56.288939" lon="84.8093743"><ele>65</ele><time>1970-01-01T00:00:00.000Z</time></trkpt><trkpt lat="56.2889393" lon="84.8093766"><ele>65</ele><time>1970-01-01T00:00:00.000Z</time></trkpt><trkpt lat="56.288939" lon="84.8093775"><ele>65</ele><time>1970-01-01T00:00:00.000Z</time></trkpt><trkpt lat="56.2889377" lon="84.809378"><ele>65.1</ele><time>1970-01-01T00:00:00.000Z</time></trkpt><trkpt lat="56.2889361" lon="84.8093796"><ele>65.1</ele><time>1970-01-01T00:00:00.000Z</time></trkpt><trkpt lat="56.2889381" lon="84.8093734"><ele>65.2</ele><time>1970-01-01T00:00:00.000Z</time></trkpt><trkpt lat="56.2889376" lon="84.8093739"><ele>65.2</ele><time>1970-01-01T00:00:00.000Z</time></trkpt><trkpt lat="56.2889374" lon="84.8093733"><ele>65.2</ele><time>1970-01-01T00:00:00.000Z</time></trkpt><trkpt lat="56.288937" lon="84.8093827"><ele>65.4</ele><time>1970-01-01T00:00:00.000Z</time></trkpt><trkpt lat="56.2889375" lon="84.8093874"><ele>65.4</ele><time>1970-01-01T00:00:00.000Z</time></trkpt><trkpt lat="56.2889376" lon="84.8093876"><ele>65.4</ele><time>1970-01-01T00:00:00.000Z</time></trkpt><trkpt lat="56.2889375" lon="84.8093886"><ele>65.4</ele><time>1970-01-01T00:00:00.000Z</time></trkpt><trkpt lat="56.2889386" lon="84.8093889"><ele>65.2</ele><time>1970-01-01T00:00:00.000Z</time></trkpt><trkpt lat="56.2889384" lon="84.8093893"><ele>65.2</ele><time>1970-01-01T00:00:00.000Z</time></trkpt><trkpt lat="56.2889383" lon="84.8093895"><ele>65.2</ele><time>1970-01-01T00:00:00.000Z</time></trkpt><trkpt lat="56.2889355" lon="84.8093941"><ele>65.5</ele><time>1970-01-01T00:00:00.000Z</time></trkpt><trkpt lat="56.2889351" lon="84.8093863"><ele>65.4</ele><time>1970-01-01T00:00:00.000Z</time></trkpt><trkpt lat="56.2889472" lon="84.8092876"><ele>65.5</ele><time>1970-01-01T00:00:00.000Z</time></trkpt><trkpt lat="56.2889518" lon="84.8092063"><ele>65.5</ele><time>1970-01-01T00:00:00.000Z</time></trkpt><trkpt lat="56.2889631" lon="84.8090815"><ele>65.4</ele><time>1970-01-01T00:00:00.000Z</time></trkpt><trkpt lat="56.2889764" lon="84.8089441"><ele>64.9</ele><time>1970-01-01T00:00:00.000Z</time></trkpt><trkpt lat="56.2890184" lon="84.8088489"><ele>65</ele><time>1970-01-01T00:00:00.000Z</time></trkpt><trkpt lat="56.2890538" lon="84.8087634"><ele>65.4</ele><time>1970-01-01T00:00:00.000Z</time></trkpt><trkpt lat="56.289094" lon="84.8086898"><ele>65</ele><time>1970-01-01T00:00:00.000Z</time></trkpt><trkpt lat="56.2891297" lon="84.8086086"><ele>64.7</ele><time>1970-01-01T00:00:00.000Z</time></trkpt><trkpt lat="56.289164" lon="84.8085343"><ele>64.7</ele><time>1970-01-01T00:00:00.000Z</time></trkpt><trkpt lat="56.2892065" lon="84.8084507"><ele>64.1</ele><time>1970-01-01T00:00:00.000Z</time></trkpt><trkpt lat="56.2892452" lon="84.808372"><ele>64.2</ele><time>1970-01-01T00:00:00.000Z</time></trkpt><trkpt lat="56.2892469" lon="84.8082375"><ele>63.7</ele><time>1970-01-01T00:00:00.000Z</time></trkpt><trkpt lat="56.289226" lon="84.8081319"><ele>63.2</ele><time>1970-01-01T00:00:00.000Z</time></trkpt><trkpt lat="56.2892223" lon="84.8080247"><ele>64.3</ele><time>1970-01-01T00:00:00.000Z</time></trkpt><trkpt lat="56.2892185" lon="84.8079092"><ele>65.6</ele><time>1970-01-01T00:00:00.000Z</time></trkpt><trkpt lat="56.2892216" lon="84.8077915"><ele>66.7</ele><time>1970-01-01T00:00:00.000Z</time></trkpt><trkpt lat="56.2892473" lon="84.8076874"><ele>67</ele><time>1970-01-01T00:00:00.000Z</time></trkpt><trkpt lat="56.2892755" lon="84.8075915"><ele>66.9</ele><time>1970-01-01T00:00:00.000Z</time></trkpt><trkpt lat="56.2893153" lon="84.807485"><ele>67.3</ele><time>1970-01-01T00:00:00.000Z</time></trkpt><trkpt lat="56.2893561" lon="84.807411"><ele>67.2</ele><time>1970-01-01T00:00:00.000Z</time></trkpt><trkpt lat="56.2893939" lon="84.8073404"><ele>66.2</ele><time>1970-01-01T00:00:00.000Z</time></trkpt><trkpt lat="56.2894228" lon="84.8072454"><ele>65.3</ele><time>1970-01-01T00:00:00.000Z</time></trkpt><trkpt lat="56.2894197" lon="84.8071424"><ele>66.2</ele><time>1970-01-01T00:00:00.000Z</time></trkpt><trkpt lat="56.2893807" lon="84.8070558"><ele>67.2</ele><time>1970-01-01T00:00:00.000Z</time></trkpt><trkpt lat="56.2893316" lon="84.8070202"><ele>66.8</ele><time>1970-01-01T00:00:00.000Z</time></trkpt><trkpt lat="56.2892718" lon="84.8069972"><ele>66.3</ele><time>1970-01-01T00:00:00.000Z</time></trkpt><trkpt lat="56.2892216" lon="84.8069211"><ele>66.5</ele><time>1970-01-01T00:00:00.000Z</time></trkpt><trkpt lat="56.2892019" lon="84.8068107"><ele>67.4</ele><time>1970-01-01T00:00:00.000Z</time></trkpt><trkpt lat="56.289217" lon="84.8066884"><ele>68.5</ele><time>1970-01-01T00:00:00.000Z</time></trkpt><trkpt lat="56.2892655" lon="84.8065904"><ele>68.9</ele><time>1970-01-01T00:00:00.000Z</time></trkpt><trkpt lat="56.2892847" lon="84.8065176"><ele>67.3</ele><time>1970-01-01T00:00:00.000Z</time></trkpt><trkpt lat="56.2892717" lon="84.806417"><ele>67.7</ele><time>1970-01-01T00:00:00.000Z</time></trkpt><trkpt lat="56.2892429" lon="84.8063345"><ele>69.1</ele><time>1970-01-01T00:00:00.000Z</time></trkpt><trkpt lat="56.2891924" lon="84.8062583"><ele>69.6</ele><time>1970-01-01T00:00:00.000Z</time></trkpt><trkpt lat="56.2891488" lon="84.806178"><ele>69</ele><time>1970-01-01T00:00:00.000Z</time></trkpt><trkpt lat="56.2891139" lon="84.8060423"><ele>68.3</ele><time>1970-01-01T00:00:00.000Z</time></trkpt><trkpt lat="56.2891025" lon="84.8059342"><ele>68.2</ele><time>1970-01-01T00:00:00.000Z</time></trkpt><trkpt lat="56.2890731" lon="84.8058105"><ele>71.1</ele><time>1970-01-01T00:00:00.000Z</time></trkpt><trkpt lat="56.2890278" lon="84.805721"><ele>71.5</ele><time>1970-01-01T00:00:00.000Z</time></trkpt><trkpt lat="56.2889835" lon="84.8056243"><ele>70.7</ele><time>1970-01-01T00:00:00.000Z</time></trkpt><trkpt lat="56.2889562" lon="84.8055269"><ele>70.7</ele><time>1970-01-01T00:00:00.000Z</time></trkpt><trkpt lat="56.2889392" lon="84.8054224"><ele>69.3</ele><time>1970-01-01T00:00:00.000Z</time></trkpt><trkpt lat="56.2889331" lon="84.8053016"><ele>70.1</ele><time>1970-01-01T00:00:00.000Z</time></trkpt><trkpt lat="56.2889179" lon="84.8052026"><ele>70.6</ele><time>1970-01-01T00:00:00.000Z</time></trkpt><trkpt lat="56.2889079" lon="84.8050967"><ele>70.6</ele><time>1970-01-01T00:00:00.000Z</time></trkpt><trkpt lat="56.2888879" lon="84.8049972"><ele>71.4</ele><time>1970-01-01T00:00:00.000Z</time></trkpt><trkpt lat="56.2888643" lon="84.804895"><ele>72</ele><time>1970-01-01T00:00:00.000Z</time></trkpt><trkpt lat="56.2888615" lon="84.8047992"><ele>70.4</ele><time>1970-01-01T00:00:00.000Z</time></trkpt><trkpt lat="56.2888915" lon="84.8046974"><ele>71.4</ele><time>1970-01-01T00:00:00.000Z</time></trkpt><trkpt lat="56.288934" lon="84.8046147"><ele>69.9</ele><time>1970-01-01T00:00:00.000Z</time></trkpt><trkpt lat="56.2889987" lon="84.8045192"><ele>67.5</ele><time>1970-01-01T00:00:00.000Z</time></trkpt><trkpt lat="56.2890679" lon="84.8044516"><ele>68.1</ele><time>1970-01-01T00:00:00.000Z</time></trkpt><trkpt lat="56.2891228" lon="84.8043849"><ele>66.9</ele><time>1970-01-01T00:00:00.000Z</time></trkpt><trkpt lat="56.2891631" lon="84.804302"><ele>67</ele><time>1970-01-01T00:00:00.000Z</time></trkpt><trkpt lat="56.2891889" lon="84.8042069"><ele>66.9</ele><time>1970-01-01T00:00:00.000Z</time></trkpt><trkpt lat="56.2892241" lon="84.8041281"><ele>67</ele><time>1970-01-01T00:00:00.000Z</time></trkpt><trkpt lat="56.2892739" lon="84.8040333"><ele>68.1</ele><time>1970-01-01T00:00:00.000Z</time></trkpt><trkpt lat="56.2893212" lon="84.8039247"><ele>69.2</ele><time>1970-01-01T00:00:00.000Z</time></trkpt><trkpt lat="56.289343" lon="84.8038297"><ele>70.5</ele><time>1970-01-01T00:00:00.000Z</time></trkpt><trkpt lat="56.2893658" lon="84.8037366"><ele>71.4</ele><time>1970-01-01T00:00:00.000Z</time></trkpt><trkpt lat="56.2893942" lon="84.8036204"><ele>71.2</ele><time>1970-01-01T00:00:00.000Z</time></trkpt><trkpt lat="56.2894332" lon="84.8035057"><ele>70.3</ele><time>1970-01-01T00:00:00.000Z</time></trkpt><trkpt lat="56.2894666" lon="84.8034104"><ele>70.5</ele><time>1970-01-01T00:00:00.000Z</time></trkpt><trkpt lat="56.2895039" lon="84.8033358"><ele>71.1</ele><time>1970-01-01T00:00:00.000Z</time></trkpt><trkpt lat="56.2895464" lon="84.8032889"><ele>72.1</ele><time>1970-01-01T00:00:00.000Z</time></trkpt><trkpt lat="56.2895765" lon="84.8032164"><ele>72.9</ele><time>1970-01-01T00:00:00.000Z</time></trkpt><trkpt lat="56.2895888" lon="84.8031024"><ele>72.3</ele><time>1970-01-01T00:00:00.000Z</time></trkpt><trkpt lat="56.2895913" lon="84.802988"><ele>72.7</ele><time>1970-01-01T00:00:00.000Z</time></trkpt><trkpt lat="56.2895929" lon="84.8028723"><ele>72.3</ele><time>1970-01-01T00:00:00.000Z</time></trkpt><trkpt lat="56.2896103" lon="84.8027365"><ele>71.5</ele><time>1970-01-01T00:00:00.000Z</time></trkpt><trkpt lat="56.2896319" lon="84.8026204"><ele>71.7</ele><time>1970-01-01T00:00:00.000Z</time></trkpt><trkpt lat="56.2896697" lon="84.8025216"><ele>70.9</ele><time>1970-01-01T00:00:00.000Z</time></trkpt><trkpt lat="56.2897241" lon="84.8024491"><ele>69.8</ele><time>1970-01-01T00:00:00.000Z</time></trkpt><trkpt lat="56.2897776" lon="84.8023954"><ele>69.8</ele><time>1970-01-01T00:00:00.000Z</time></trkpt><trkpt lat="56.2898312" lon="84.8023292"><ele>69</ele><time>1970-01-01T00:00:00.000Z</time></trkpt><trkpt lat="56.2898831" lon="84.8022949"><ele>69.6</ele><time>1970-01-01T00:00:00.000Z</time></trkpt><trkpt lat="56.2899477" lon="84.8022481"><ele>69.8</ele><time>1970-01-01T00:00:00.000Z</time></trkpt><trkpt lat="56.2900039" lon="84.8021637"><ele>69.3</ele><time>1970-01-01T00:00:00.000Z</time></trkpt><trkpt lat="56.2900403" lon="84.8020661"><ele>68.4</ele><time>1970-01-01T00:00:00.000Z</time></trkpt><trkpt lat="56.2900653" lon="84.801961"><ele>68.6</ele><time>1970-01-01T00:00:00.000Z</time></trkpt><trkpt lat="56.2900987" lon="84.8018622"><ele>67.5</ele><time>1970-01-01T00:00:00.000Z</time></trkpt><trkpt lat="56.2901283" lon="84.8017755"><ele>67.1</ele><time>1970-01-01T00:00:00.000Z</time></trkpt><trkpt lat="56.2901475" lon="84.8017201"><ele>68.7</ele><time>1970-01-01T00:00:00.000Z</time></trkpt><trkpt lat="56.2901528" lon="84.801704"><ele>68.4</ele><time>1970-01-01T00:00:00.000Z</time></trkpt><trkpt lat="56.2901776" lon="84.8016103"><ele>67.5</ele><time>1970-01-01T00:00:00.000Z</time></trkpt><trkpt lat="56.2902245" lon="84.8015333"><ele>68.4</ele><time>1970-01-01T00:00:00.000Z</time></trkpt><trkpt lat="56.2902724" lon="84.801452"><ele>67.2</ele><time>1970-01-01T00:00:00.000Z</time></trkpt><trkpt lat="56.2903176" lon="84.8013405"><ele>66.2</ele><time>1970-01-01T00:00:00.000Z</time></trkpt><trkpt lat="56.2903574" lon="84.8012362"><ele>68.6</ele><time>1970-01-01T00:00:00.000Z</time></trkpt><trkpt lat="56.290406" lon="84.8011786"><ele>67.6</ele><time>1970-01-01T00:00:00.000Z</time></trkpt><trkpt lat="56.2904493" lon="84.8011273"><ele>67.6</ele><time>1970-01-01T00:00:00.000Z</time></trkpt><trkpt lat="56.2904962" lon="84.8010858"><ele>67.2</ele><time>1970-01-01T00:00:00.000Z</time></trkpt><trkpt lat="56.2905449" lon="84.8010398"><ele>66.5</ele><time>1970-01-01T00:00:00.000Z</time></trkpt><trkpt lat="56.2905924" lon="84.8009743"><ele>66.8</ele><time>1970-01-01T00:00:00.000Z</time></trkpt><trkpt lat="56.2906336" lon="84.8008969"><ele>66.4</ele><time>1970-01-01T00:00:00.000Z</time></trkpt><trkpt lat="56.2906718" lon="84.8008132"><ele>66</ele><time>1970-01-01T00:00:00.000Z</time></trkpt><trkpt lat="56.2907211" lon="84.8007455"><ele>66.2</ele><time>1970-01-01T00:00:00.000Z</time></trkpt><trkpt lat="56.2907689" lon="84.8006663"><ele>65.7</ele><time>1970-01-01T00:00:00.000Z</time></trkpt><trkpt lat="56.2908331" lon="84.800579"><ele>65.5</ele><time>1970-01-01T00:00:00.000Z</time></trkpt><trkpt lat="56.2908883" lon="84.8005257"><ele>65</ele><time>1970-01-01T00:00:00.000Z</time></trkpt><trkpt lat="56.2909595" lon="84.8004592"><ele>65.9</ele><time>1970-01-01T00:00:00.000Z</time></trkpt><trkpt lat="56.291004" lon="84.8004052"><ele>65.8</ele><time>1970-01-01T00:00:00.000Z</time></trkpt><trkpt lat="56.2910519" lon="84.800341"><ele>67.3</ele><time>1970-01-01T00:00:00.000Z</time></trkpt><trkpt lat="56.2910872" lon="84.8002832"><ele>69.2</ele><time>1970-01-01T00:00:00.000Z</time></trkpt><trkpt lat="56.2910931" lon="84.8002684"><ele>69.9</ele><time>1970-01-01T00:00:00.000Z</time></trkpt><trkpt lat="56.291112" lon="84.8002387"><ele>70.3</ele><time>1970-01-01T00:00:00.000Z</time></trkpt><trkpt lat="56.2911532" lon="84.8001838"><ele>69.5</ele><time>1970-01-01T00:00:00.000Z</time></trkpt><trkpt lat="56.291165" lon="84.8001234"><ele>70.5</ele><time>1970-01-01T00:00:00.000Z</time></trkpt><trkpt lat="56.2911737" lon="84.8001087"><ele>70.6</ele><time>1970-01-01T00:00:00.000Z</time></trkpt><trkpt lat="56.2911737" lon="84.8001035"><ele>70.7</ele><time>1970-01-01T00:00:00.000Z</time></trkpt><trkpt lat="56.2911673" lon="84.8000997"><ele>70.7</ele><time>1970-01-01T00:00:00.000Z</time></trkpt><trkpt lat="56.2911572" lon="84.8001038"><ele>70.7</ele><time>1970-01-01T00:00:00.000Z</time></trkpt><trkpt lat="56.2911577" lon="84.8001035"><ele>70.7</ele><time>1970-01-01T00:00:00.000Z</time></trkpt><trkpt lat="56.2911618" lon="84.8000924"><ele>71</ele><time>1970-01-01T00:00:00.000Z</time></trkpt><trkpt lat="56.2911662" lon="84.8000863"><ele>71.4</ele><time>1970-01-01T00:00:00.000Z</time></trkpt><trkpt lat="56.2911687" lon="84.8000792"><ele>71.9</ele><time>1970-01-01T00:00:00.000Z</time></trkpt><trkpt lat="56.2911684" lon="84.8000781"><ele>71.9</ele><time>1970-01-01T00:00:00.000Z</time></trkpt><trkpt lat="56.2911732" lon="84.8000717"><ele>72.2</ele><time>1970-01-01T00:00:00.000Z</time></trkpt><trkpt lat="56.2912037" lon="84.8000601"><ele>72.5</ele><time>1970-01-01T00:00:00.000Z</time></trkpt><trkpt lat="56.2912343" lon="84.8000504"><ele>71.7</ele><time>1970-01-01T00:00:00.000Z</time></trkpt><trkpt lat="56.2912662" lon="84.8000499"><ele>72.9</ele><time>1970-01-01T00:00:00.000Z</time></trkpt><trkpt lat="56.2913302" lon="84.8000423"><ele>73.2</ele><time>1970-01-01T00:00:00.000Z</time></trkpt><trkpt lat="56.2913763" lon="84.79998"><ele>72.6</ele><time>1970-01-01T00:00:00.000Z</time></trkpt><trkpt lat="56.2913688" lon="84.7999781"><ele>72.1</ele><time>1970-01-01T00:00:00.000Z</time></trkpt><trkpt lat="56.2913677" lon="84.7999827"><ele>72.1</ele><time>1970-01-01T00:00:00.000Z</time></trkpt><trkpt lat="56.2913665" lon="84.7999837"><ele>72.1</ele><time>1970-01-01T00:00:00.000Z</time></trkpt><trkpt lat="56.2913778" lon="84.799984"><ele>72.1</ele><time>1970-01-01T00:00:00.000Z</time></trkpt><trkpt lat="56.2913875" lon="84.799971"><ele>71.3</ele><time>1970-01-01T00:00:00.000Z</time></trkpt><trkpt lat="56.2914221" lon="84.7999491"><ele>75.2</ele><time>1970-01-01T00:00:00.000Z</time></trkpt><trkpt lat="56.2914329" lon="84.7999536"><ele>74.9</ele><time>1970-01-01T00:00:00.000Z</time></trkpt><trkpt lat="56.29145" lon="84.7999421"><ele>75.7</ele><time>1970-01-01T00:00:00.000Z</time></trkpt><trkpt lat="56.291453" lon="84.7999463"><ele>75.6</ele><time>1970-01-01T00:00:00.000Z</time></trkpt><trkpt lat="56.2914556" lon="84.7999486"><ele>75.6</ele><time>1970-01-01T00:00:00.000Z</time></trkpt><trkpt lat="56.2914549" lon="84.7999397"><ele>75.5</ele><time>1970-01-01T00:00:00.000Z</time></trkpt><trkpt lat="56.2914527" lon="84.7999349"><ele>75</ele><time>1970-01-01T00:00:00.000Z</time></trkpt><trkpt lat="56.2914455" lon="84.7999404"><ele>74.3</ele><time>1970-01-01T00:00:00.000Z</time></trkpt><trkpt lat="56.2914387" lon="84.7999459"><ele>72.8</ele><time>1970-01-01T00:00:00.000Z</time></trkpt><trkpt lat="56.2914351" lon="84.7999479"><ele>72.7</ele><time>1970-01-01T00:00:00.000Z</time></trkpt><trkpt lat="56.2914362" lon="84.7999541"><ele>73.5</ele><time>1970-01-01T00:00:00.000Z</time></trkpt><trkpt lat="56.2914346" lon="84.7999585"><ele>73.5</ele><time>1970-01-01T00:00:00.000Z</time></trkpt><trkpt lat="56.291433" lon="84.7999632"><ele>73.4</ele><time>1970-01-01T00:00:00.000Z</time></trkpt><trkpt lat="56.2914329" lon="84.7999688"><ele>73.5</ele><time>1970-01-01T00:00:00.000Z</time></trkpt><trkpt lat="56.2914329" lon="84.7999725"><ele>73.5</ele><time>1970-01-01T00:00:00.000Z</time></trkpt><trkpt lat="56.2914309" lon="84.7999712"><ele>73.5</ele><time>1970-01-01T00:00:00.000Z</time></trkpt><trkpt lat="56.2914311" lon="84.7999679"><ele>73.5</ele><time>1970-01-01T00:00:00.000Z</time></trkpt><trkpt lat="56.2914285" lon="84.7999599"><ele>73.4</ele><time>1970-01-01T00:00:00.000Z</time></trkpt><trkpt lat="56.2914441" lon="84.7998998"><ele>72</ele><time>1970-01-01T00:00:00.000Z</time></trkpt><trkpt lat="56.2915113" lon="84.7998215"><ele>69.3</ele><time>1970-01-01T00:00:00.000Z</time></trkpt><trkpt lat="56.2915672" lon="84.7997518"><ele>68.4</ele><time>1970-01-01T00:00:00.000Z</time></trkpt><trkpt lat="56.2916216" lon="84.7997189"><ele>68.9</ele><time>1970-01-01T00:00:00.000Z</time></trkpt><trkpt lat="56.291684" lon="84.7996745"><ele>69.4</ele><time>1970-01-01T00:00:00.000Z</time></trkpt><trkpt lat="56.2917167" lon="84.799592"><ele>70.3</ele><time>1970-01-01T00:00:00.000Z</time></trkpt><trkpt lat="56.2917356" lon="84.7994925"><ele>71.7</ele><time>1970-01-01T00:00:00.000Z</time></trkpt><trkpt lat="56.2917556" lon="84.7993854"><ele>72.3</ele><time>1970-01-01T00:00:00.000Z</time></trkpt><trkpt lat="56.2917753" lon="84.799258"><ele>73.6</ele><time>1970-01-01T00:00:00.000Z</time></trkpt><trkpt lat="56.291786" lon="84.7991163"><ele>72.6</ele><time>1970-01-01T00:00:00.000Z</time></trkpt><trkpt lat="56.2917979" lon="84.798986"><ele>71.2</ele><time>1970-01-01T00:00:00.000Z</time></trkpt><trkpt lat="56.2918224" lon="84.7988795"><ele>71.8</ele><time>1970-01-01T00:00:00.000Z</time></trkpt><trkpt lat="56.2918694" lon="84.7988019"><ele>71.4</ele><time>1970-01-01T00:00:00.000Z</time></trkpt><trkpt lat="56.2919259" lon="84.7987318"><ele>71.6</ele><time>1970-01-01T00:00:00.000Z</time></trkpt><trkpt lat="56.2919857" lon="84.7986713"><ele>71.3</ele><time>1970-01-01T00:00:00.000Z</time></trkpt><trkpt lat="56.2920305" lon="84.798586"><ele>70.8</ele><time>1970-01-01T00:00:00.000Z</time></trkpt><trkpt lat="56.2920802" lon="84.7984932"><ele>71.3</ele><time>1970-01-01T00:00:00.000Z</time></trkpt><trkpt lat="56.2921426" lon="84.7984192"><ele>71.3</ele><time>1970-01-01T00:00:00.000Z</time></trkpt><trkpt lat="56.2921946" lon="84.798348"><ele>70.8</ele><time>1970-01-01T00:00:00.000Z</time></trkpt><trkpt lat="56.2922326" lon="84.7982639"><ele>70.9</ele><time>1970-01-01T00:00:00.000Z</time></trkpt><trkpt lat="56.2922799" lon="84.7981642"><ele>71.6</ele><time>1970-01-01T00:00:00.000Z</time></trkpt><trkpt lat="56.2923363" lon="84.7981023"><ele>71.5</ele><time>1970-01-01T00:00:00.000Z</time></trkpt><trkpt lat="56.2923986" lon="84.7980347"><ele>70.7</ele><time>1970-01-01T00:00:00.000Z</time></trkpt><trkpt lat="56.2924652" lon="84.7980073"><ele>70</ele><time>1970-01-01T00:00:00.000Z</time></trkpt><trkpt lat="56.2925282" lon="84.7980819"><ele>69</ele><time>1970-01-01T00:00:00.000Z</time></trkpt><trkpt lat="56.292565" lon="84.7981968"><ele>69.2</ele><time>1970-01-01T00:00:00.000Z</time></trkpt><trkpt lat="56.2926013" lon="84.7982837"><ele>68.9</ele><time>1970-01-01T00:00:00.000Z</time></trkpt><trkpt lat="56.2926544" lon="84.7983886"><ele>69.5</ele><time>1970-01-01T00:00:00.000Z</time></trkpt><trkpt lat="56.2926989" lon="84.7984985"><ele>70.1</ele><time>1970-01-01T00:00:00.000Z</time></trkpt><trkpt lat="56.2927418" lon="84.7986178"><ele>71.1</ele><time>1970-01-01T00:00:00.000Z</time></trkpt><trkpt lat="56.2927929" lon="84.798718"><ele>70.8</ele><time>1970-01-01T00:00:00.000Z</time></trkpt><trkpt lat="56.2928344" lon="84.798825"><ele>71.5</ele><time>1970-01-01T00:00:00.000Z</time></trkpt><trkpt lat="56.2928663" lon="84.798938"><ele>71.3</ele><time>1970-01-01T00:00:00.000Z</time></trkpt><trkpt lat="56.2928926" lon="84.7990306"><ele>71.6</ele><time>1970-01-01T00:00:00.000Z</time></trkpt><trkpt lat="56.2929141" lon="84.7991004"><ele>72</ele><time>1970-01-01T00:00:00.000Z</time></trkpt><trkpt lat="56.2929465" lon="84.799203"><ele>72.9</ele><time>1970-01-01T00:00:00.000Z</time></trkpt><trkpt lat="56.292977" lon="84.7992905"><ele>72.6</ele><time>1970-01-01T00:00:00.000Z</time></trkpt><trkpt lat="56.2930152" lon="84.7993827"><ele>72.2</ele><time>1970-01-01T00:00:00.000Z</time></trkpt><trkpt lat="56.2930452" lon="84.7994675"><ele>72.7</ele><time>1970-01-01T00:00:00.000Z</time></trkpt><trkpt lat="56.2930783" lon="84.7995642"><ele>71.2</ele><time>1970-01-01T00:00:00.000Z</time></trkpt><trkpt lat="56.2931348" lon="84.7995815"><ele>74</ele><time>1970-01-01T00:00:00.000Z</time></trkpt><trkpt lat="56.2931732" lon="84.7997089"><ele>75.1</ele><time>1970-01-01T00:00:00.000Z</time></trkpt><trkpt lat="56.2932029" lon="84.7998282"><ele>73</ele><time>1970-01-01T00:00:00.000Z</time></trkpt><trkpt lat="56.2932454" lon="84.7999568"><ele>72.2</ele><time>1970-01-01T00:00:00.000Z</time></trkpt><trkpt lat="56.2932767" lon="84.8000527"><ele>71.4</ele><time>1970-01-01T00:00:00.000Z</time></trkpt><trkpt lat="56.2933042" lon="84.8001359"><ele>72</ele><time>1970-01-01T00:00:00.000Z</time></trkpt><trkpt lat="56.2933482" lon="84.8002436"><ele>71.3</ele><time>1970-01-01T00:00:00.000Z</time></trkpt><trkpt lat="56.2933824" lon="84.8003471"><ele>71.2</ele><time>1970-01-01T00:00:00.000Z</time></trkpt><trkpt lat="56.2934235" lon="84.800438"><ele>71.1</ele><time>1970-01-01T00:00:00.000Z</time></trkpt><trkpt lat="56.2934569" lon="84.800531"><ele>71.7</ele><time>1970-01-01T00:00:00.000Z</time></trkpt><trkpt lat="56.2934893" lon="84.8006219"><ele>70.4</ele><time>1970-01-01T00:00:00.000Z</time></trkpt><trkpt lat="56.2935302" lon="84.8007172"><ele>69.4</ele><time>1970-01-01T00:00:00.000Z</time></trkpt><trkpt lat="56.2935748" lon="84.8008419"><ele>69.8</ele><time>1970-01-01T00:00:00.000Z</time></trkpt><trkpt lat="56.2936139" lon="84.800934"><ele>70.1</ele><time>1970-01-01T00:00:00.000Z</time></trkpt><trkpt lat="56.2936588" lon="84.801033"><ele>69.7</ele><time>1970-01-01T00:00:00.000Z</time></trkpt><trkpt lat="56.2936983" lon="84.8011169"><ele>69.9</ele><time>1970-01-01T00:00:00.000Z</time></trkpt><trkpt lat="56.2937398" lon="84.8012158"><ele>69.4</ele><time>1970-01-01T00:00:00.000Z</time></trkpt><trkpt lat="56.29378" lon="84.8013155"><ele>70.6</ele><time>1970-01-01T00:00:00.000Z</time></trkpt><trkpt lat="56.2938181" lon="84.801414"><ele>71.3</ele><time>1970-01-01T00:00:00.000Z</time></trkpt><trkpt lat="56.29386" lon="84.8014997"><ele>71.1</ele><time>1970-01-01T00:00:00.000Z</time></trkpt><trkpt lat="56.2938977" lon="84.8015932"><ele>71.3</ele><time>1970-01-01T00:00:00.000Z</time></trkpt><trkpt lat="56.2939322" lon="84.8016915"><ele>71.5</ele><time>1970-01-01T00:00:00.000Z</time></trkpt><trkpt lat="56.293965" lon="84.8018015"><ele>70.8</ele><time>1970-01-01T00:00:00.000Z</time></trkpt><trkpt lat="56.294005" lon="84.8018984"><ele>71.5</ele><time>1970-01-01T00:00:00.000Z</time></trkpt><trkpt lat="56.2940423" lon="84.802003"><ele>71.8</ele><time>1970-01-01T00:00:00.000Z</time></trkpt><trkpt lat="56.294096" lon="84.8021221"><ele>71</ele><time>1970-01-01T00:00:00.000Z</time></trkpt><trkpt lat="56.2941522" lon="84.8021936"><ele>71.4</ele><time>1970-01-01T00:00:00.000Z</time></trkpt><trkpt lat="56.2941907" lon="84.802278"><ele>71</ele><time>1970-01-01T00:00:00.000Z</time></trkpt><trkpt lat="56.2942411" lon="84.8023533"><ele>71.4</ele><time>1970-01-01T00:00:00.000Z</time></trkpt><trkpt lat="56.2942612" lon="84.8024654"><ele>71.3</ele><time>1970-01-01T00:00:00.000Z</time></trkpt><trkpt lat="56.2942893" lon="84.8025782"><ele>70.3</ele><time>1970-01-01T00:00:00.000Z</time></trkpt><trkpt lat="56.2943387" lon="84.802675"><ele>70.4</ele><time>1970-01-01T00:00:00.000Z</time></trkpt><trkpt lat="56.2943873" lon="84.8027523"><ele>70.6</ele><time>1970-01-01T00:00:00.000Z</time></trkpt><trkpt lat="56.294433" lon="84.8028431"><ele>70.5</ele><time>1970-01-01T00:00:00.000Z</time></trkpt><trkpt lat="56.2944755" lon="84.802943"><ele>70.8</ele><time>1970-01-01T00:00:00.000Z</time></trkpt><trkpt lat="56.2945195" lon="84.8030282"><ele>70.1</ele><time>1970-01-01T00:00:00.000Z</time></trkpt><trkpt lat="56.2945566" lon="84.8031394"><ele>70.6</ele><time>1970-01-01T00:00:00.000Z</time></trkpt><trkpt lat="56.2945982" lon="84.8032542"><ele>70.3</ele><time>1970-01-01T00:00:00.000Z</time></trkpt><trkpt lat="56.2946451" lon="84.8033568"><ele>70.5</ele><time>1970-01-01T00:00:00.000Z</time></trkpt><trkpt lat="56.294686" lon="84.803464"><ele>70.6</ele><time>1970-01-01T00:00:00.000Z</time></trkpt><trkpt lat="56.2947272" lon="84.8036035"><ele>71.4</ele><time>1970-01-01T00:00:00.000Z</time></trkpt><trkpt lat="56.2947674" lon="84.803728"><ele>70.5</ele><time>1970-01-01T00:00:00.000Z</time></trkpt><trkpt lat="56.2948085" lon="84.8038345"><ele>71.4</ele><time>1970-01-01T00:00:00.000Z</time></trkpt><trkpt lat="56.2948472" lon="84.8039356"><ele>71.9</ele><time>1970-01-01T00:00:00.000Z</time></trkpt><trkpt lat="56.2948942" lon="84.804031"><ele>72.1</ele><time>1970-01-01T00:00:00.000Z</time></trkpt><trkpt lat="56.2949198" lon="84.8041294"><ele>72.2</ele><time>1970-01-01T00:00:00.000Z</time></trkpt><trkpt lat="56.2949553" lon="84.8042384"><ele>71.8</ele><time>1970-01-01T00:00:00.000Z</time></trkpt><trkpt lat="56.2949894" lon="84.8043379"><ele>72.2</ele><time>1970-01-01T00:00:00.000Z</time></trkpt><trkpt lat="56.2950255" lon="84.8044631"><ele>72.2</ele><time>1970-01-01T00:00:00.000Z</time></trkpt><trkpt lat="56.2950597" lon="84.8045674"><ele>70.7</ele><time>1970-01-01T00:00:00.000Z</time></trkpt><trkpt lat="56.2951024" lon="84.8046873"><ele>70.7</ele><time>1970-01-01T00:00:00.000Z</time></trkpt><trkpt lat="56.2951356" lon="84.8047931"><ele>70.1</ele><time>1970-01-01T00:00:00.000Z</time></trkpt><trkpt lat="56.2951771" lon="84.804926"><ele>69.2</ele><time>1970-01-01T00:00:00.000Z</time></trkpt><trkpt lat="56.2952001" lon="84.805036"><ele>69.2</ele><time>1970-01-01T00:00:00.000Z</time></trkpt><trkpt lat="56.2952311" lon="84.8051584"><ele>69.8</ele><time>1970-01-01T00:00:00.000Z</time></trkpt><trkpt lat="56.2952611" lon="84.8052685"><ele>70</ele><time>1970-01-01T00:00:00.000Z</time></trkpt><trkpt lat="56.2952891" lon="84.8053917"><ele>69.2</ele><time>1970-01-01T00:00:00.000Z</time></trkpt><trkpt lat="56.2953218" lon="84.8055098"><ele>70</ele><time>1970-01-01T00:00:00.000Z</time></trkpt><trkpt lat="56.295345" lon="84.8055467"><ele>71.5</ele><time>1970-01-01T00:00:00.000Z</time></trkpt><trkpt lat="56.2953517" lon="84.8055409"><ele>71.4</ele><time>1970-01-01T00:00:00.000Z</time></trkpt><trkpt lat="56.2953831" lon="84.8056853"><ele>71.7</ele><time>1970-01-01T00:00:00.000Z</time></trkpt><trkpt lat="56.2954176" lon="84.8058275"><ele>73</ele><time>1970-01-01T00:00:00.000Z</time></trkpt><trkpt lat="56.2954499" lon="84.8059592"><ele>73.5</ele><time>1970-01-01T00:00:00.000Z</time></trkpt><trkpt lat="56.295481" lon="84.806075"><ele>72.9</ele><time>1970-01-01T00:00:00.000Z</time></trkpt><trkpt lat="56.2955021" lon="84.8061682"><ele>72.3</ele><time>1970-01-01T00:00:00.000Z</time></trkpt><trkpt lat="56.2955278" lon="84.8062492"><ele>73.6</ele><time>1970-01-01T00:00:00.000Z</time></trkpt><trkpt lat="56.2955556" lon="84.8063094"><ele>74.3</ele><time>1970-01-01T00:00:00.000Z</time></trkpt><trkpt lat="56.2955807" lon="84.8063884"><ele>73.9</ele><time>1970-01-01T00:00:00.000Z</time></trkpt><trkpt lat="56.2956039" lon="84.8064835"><ele>72.8</ele><time>1970-01-01T00:00:00.000Z</time></trkpt><trkpt lat="56.2956261" lon="84.8065769"><ele>72.4</ele><time>1970-01-01T00:00:00.000Z</time></trkpt><trkpt lat="56.2956586" lon="84.8066818"><ele>72.5</ele><time>1970-01-01T00:00:00.000Z</time></trkpt><trkpt lat="56.2956829" lon="84.8068069"><ele>72.4</ele><time>1970-01-01T00:00:00.000Z</time></trkpt><trkpt lat="56.2956642" lon="84.806897"><ele>72</ele><time>1970-01-01T00:00:00.000Z</time></trkpt><trkpt lat="56.2956745" lon="84.8069899"><ele>72.6</ele><time>1970-01-01T00:00:00.000Z</time></trkpt><trkpt lat="56.2957131" lon="84.8070972"><ele>72.1</ele><time>1970-01-01T00:00:00.000Z</time></trkpt><trkpt lat="56.2957485" lon="84.8071746"><ele>71.6</ele><time>1970-01-01T00:00:00.000Z</time></trkpt><trkpt lat="56.2957858" lon="84.807273"><ele>70.5</ele><time>1970-01-01T00:00:00.000Z</time></trkpt><trkpt lat="56.29582" lon="84.8073711"><ele>70.3</ele><time>1970-01-01T00:00:00.000Z</time></trkpt><trkpt lat="56.2958529" lon="84.807472"><ele>70.6</ele><time>1970-01-01T00:00:00.000Z</time></trkpt><trkpt lat="56.29589" lon="84.8075845"><ele>70.8</ele><time>1970-01-01T00:00:00.000Z</time></trkpt><trkpt lat="56.295932" lon="84.8076965"><ele>71.5</ele><time>1970-01-01T00:00:00.000Z</time></trkpt><trkpt lat="56.2959671" lon="84.8078057"><ele>71.2</ele><time>1970-01-01T00:00:00.000Z</time></trkpt><trkpt lat="56.2960003" lon="84.8079171"><ele>70.6</ele><time>1970-01-01T00:00:00.000Z</time></trkpt><trkpt lat="56.2960339" lon="84.8080143"><ele>70.7</ele><time>1970-01-01T00:00:00.000Z</time></trkpt><trkpt lat="56.2960687" lon="84.8080507"><ele>70.7</ele><time>1970-01-01T00:00:00.000Z</time></trkpt><trkpt lat="56.2960913" lon="84.8081456"><ele>71.4</ele><time>1970-01-01T00:00:00.000Z</time></trkpt><trkpt lat="56.2961282" lon="84.8082863"><ele>71.8</ele><time>1970-01-01T00:00:00.000Z</time></trkpt><trkpt lat="56.2961816" lon="84.8083836"><ele>71.9</ele><time>1970-01-01T00:00:00.000Z</time></trkpt><trkpt lat="56.2962194" lon="84.8084751"><ele>71.8</ele><time>1970-01-01T00:00:00.000Z</time></trkpt><trkpt lat="56.2962453" lon="84.8085762"><ele>71.3</ele><time>1970-01-01T00:00:00.000Z</time></trkpt><trkpt lat="56.2962765" lon="84.808691"><ele>71.4</ele><time>1970-01-01T00:00:00.000Z</time></trkpt><trkpt lat="56.2962939" lon="84.8088055"><ele>70.9</ele><time>1970-01-01T00:00:00.000Z</time></trkpt><trkpt lat="56.296314" lon="84.8089189"><ele>71.4</ele><time>1970-01-01T00:00:00.000Z</time></trkpt><trkpt lat="56.2963395" lon="84.809025"><ele>72.3</ele><time>1970-01-01T00:00:00.000Z</time></trkpt><trkpt lat="56.296381" lon="84.8091431"><ele>71.8</ele><time>1970-01-01T00:00:00.000Z</time></trkpt><trkpt lat="56.2963833" lon="84.8091975"><ele>71.2</ele><time>1970-01-01T00:00:00.000Z</time></trkpt><trkpt lat="56.2964406" lon="84.8093167"><ele>71</ele><time>1970-01-01T00:00:00.000Z</time></trkpt><trkpt lat="56.2964712" lon="84.8094199"><ele>70.7</ele><time>1970-01-01T00:00:00.000Z</time></trkpt><trkpt lat="56.2965075" lon="84.8095079"><ele>71</ele><time>1970-01-01T00:00:00.000Z</time></trkpt><trkpt lat="56.296559" lon="84.8095823"><ele>70.8</ele><time>1970-01-01T00:00:00.000Z</time></trkpt><trkpt lat="56.2966177" lon="84.8096178"><ele>70.3</ele><time>1970-01-01T00:00:00.000Z</time></trkpt><trkpt lat="56.2966699" lon="84.8096532"><ele>70.6</ele><time>1970-01-01T00:00:00.000Z</time></trkpt><trkpt lat="56.296717" lon="84.8097143"><ele>70.5</ele><time>1970-01-01T00:00:00.000Z</time></trkpt><trkpt lat="56.2967422" lon="84.8097446"><ele>71.9</ele><time>1970-01-01T00:00:00.000Z</time></trkpt><trkpt lat="56.2967335" lon="84.8097393"><ele>73.2</ele><time>1970-01-01T00:00:00.000Z</time></trkpt><trkpt lat="56.2967321" lon="84.8097357"><ele>73.3</ele><time>1970-01-01T00:00:00.000Z</time></trkpt><trkpt lat="56.2967316" lon="84.8097274"><ele>73.3</ele><time>1970-01-01T00:00:00.000Z</time></trkpt><trkpt lat="56.2967321" lon="84.8097159"><ele>73.4</ele><time>1970-01-01T00:00:00.000Z</time></trkpt><trkpt lat="56.2967317" lon="84.8097167"><ele>73.5</ele><time>1970-01-01T00:00:00.000Z</time></trkpt><trkpt lat="56.296732" lon="84.8097195"><ele>74</ele><time>1970-01-01T00:00:00.000Z</time></trkpt><trkpt lat="56.2967319" lon="84.8097205"><ele>74</ele><time>1970-01-01T00:00:00.000Z</time></trkpt><trkpt lat="56.2967314" lon="84.8097244"><ele>74.6</ele><time>1970-01-01T00:00:00.000Z</time></trkpt><trkpt lat="56.2967312" lon="84.8097247"><ele>74.6</ele><time>1970-01-01T00:00:00.000Z</time></trkpt><trkpt lat="56.2967216" lon="84.8097109"><ele>73.5</ele><time>1970-01-01T00:00:00.000Z</time></trkpt><trkpt lat="56.2967238" lon="84.8097125"><ele>74.7</ele><time>1970-01-01T00:00:00.000Z</time></trkpt><trkpt lat="56.2967239" lon="84.8097124"><ele>74.7</ele><time>1970-01-01T00:00:00.000Z</time></trkpt><trkpt lat="56.296724" lon="84.8097128"><ele>74.7</ele><time>1970-01-01T00:00:00.000Z</time></trkpt><trkpt lat="56.2967206" lon="84.8097144"><ele>74.6</ele><time>1970-01-01T00:00:00.000Z</time></trkpt><trkpt lat="56.2967205" lon="84.8097147"><ele>74.6</ele><time>1970-01-01T00:00:00.000Z</time></trkpt><trkpt lat="56.2967203" lon="84.8097153"><ele>74.7</ele><time>1970-01-01T00:00:00.000Z</time></trkpt><trkpt lat="56.2967185" lon="84.809716"><ele>74.3</ele><time>1970-01-01T00:00:00.000Z</time></trkpt><trkpt lat="56.2967184" lon="84.809716"><ele>74.3</ele><time>1970-01-01T00:00:00.000Z</time></trkpt><trkpt lat="56.2967185" lon="84.8097163"><ele>74.3</ele><time>1970-01-01T00:00:00.000Z</time></trkpt><trkpt lat="56.2967186" lon="84.8097167"><ele>74.4</ele><time>1970-01-01T00:00:00.000Z</time></trkpt><trkpt lat="56.2967243" lon="84.8097334"><ele>74.4</ele><time>1970-01-01T00:00:00.000Z</time></trkpt><trkpt lat="56.2967274" lon="84.8097387"><ele>73.9</ele><time>1970-01-01T00:00:00.000Z</time></trkpt><trkpt lat="56.296732" lon="84.8097405"><ele>73.4</ele><time>1970-01-01T00:00:00.000Z</time></trkpt><trkpt lat="56.2967362" lon="84.8097401"><ele>72</ele><time>1970-01-01T00:00:00.000Z</time></trkpt><trkpt lat="56.2967456" lon="84.8097371"><ele>71.8</ele><time>1970-01-01T00:00:00.000Z</time></trkpt><trkpt lat="56.2967533" lon="84.8097432"><ele>71.4</ele><time>1970-01-01T00:00:00.000Z</time></trkpt><trkpt lat="56.2967527" lon="84.8097387"><ele>71.4</ele><time>1970-01-01T00:00:00.000Z</time></trkpt><trkpt lat="56.2967454" lon="84.8097402"><ele>71.4</ele><time>1970-01-01T00:00:00.000Z</time></trkpt><trkpt lat="56.296743" lon="84.8097405"><ele>71.4</ele><time>1970-01-01T00:00:00.000Z</time></trkpt><trkpt lat="56.2967512" lon="84.8097614"><ele>72.4</ele><time>1970-01-01T00:00:00.000Z</time></trkpt><trkpt lat="56.2967603" lon="84.8097701"><ele>72.3</ele><time>1970-01-01T00:00:00.000Z</time></trkpt><trkpt lat="56.2967653" lon="84.8097501"><ele>71.5</ele><time>1970-01-01T00:00:00.000Z</time></trkpt><trkpt lat="56.296802" lon="84.8097341"><ele>71.4</ele><time>1970-01-01T00:00:00.000Z</time></trkpt><trkpt lat="56.2968071" lon="84.8097382"><ele>71.4</ele><time>1970-01-01T00:00:00.000Z</time></trkpt><trkpt lat="56.2968028" lon="84.8097402"><ele>71.4</ele><time>1970-01-01T00:00:00.000Z</time></trkpt><trkpt lat="56.2968007" lon="84.8097413"><ele>71.2</ele><time>1970-01-01T00:00:00.000Z</time></trkpt><trkpt lat="56.296805" lon="84.8097193"><ele>70</ele><time>1970-01-01T00:00:00.000Z</time></trkpt><trkpt lat="56.2968036" lon="84.8097225"><ele>70</ele><time>1970-01-01T00:00:00.000Z</time></trkpt><trkpt lat="56.2968032" lon="84.8097239"><ele>70</ele><time>1970-01-01T00:00:00.000Z</time></trkpt><trkpt lat="56.2968001" lon="84.8097204"><ele>69.8</ele><time>1970-01-01T00:00:00.000Z</time></trkpt><trkpt lat="56.296815" lon="84.8097097"><ele>70.3</ele><time>1970-01-01T00:00:00.000Z</time></trkpt><trkpt lat="56.2968021" lon="84.8097681"><ele>69.7</ele><time>1970-01-01T00:00:00.000Z</time></trkpt><trkpt lat="56.296796" lon="84.8097501"><ele>69.6</ele><time>1970-01-01T00:00:00.000Z</time></trkpt><trkpt lat="56.2967965" lon="84.8097449"><ele>69.6</ele><time>1970-01-01T00:00:00.000Z</time></trkpt><trkpt lat="56.2967963" lon="84.8097423"><ele>69.3</ele><time>1970-01-01T00:00:00.000Z</time></trkpt><trkpt lat="56.2967934" lon="84.80975"><ele>70</ele><time>1970-01-01T00:00:00.000Z</time></trkpt><trkpt lat="56.2967915" lon="84.8097536"><ele>70</ele><time>1970-01-01T00:00:00.000Z</time></trkpt><trkpt lat="56.2967888" lon="84.8097515"><ele>69.9</ele><time>1970-01-01T00:00:00.000Z</time></trkpt><trkpt lat="56.2967851" lon="84.8097334"><ele>69.8</ele><time>1970-01-01T00:00:00.000Z</time></trkpt><trkpt lat="56.2967909" lon="84.8096727"><ele>69</ele><time>1970-01-01T00:00:00.000Z</time></trkpt><trkpt lat="56.2967904" lon="84.8096715"><ele>69.2</ele><time>1970-01-01T00:00:00.000Z</time></trkpt><trkpt lat="56.2967838" lon="84.8096923"><ele>69.1</ele><time>1970-01-01T00:00:00.000Z</time></trkpt><trkpt lat="56.2967817" lon="84.8097021"><ele>68.6</ele><time>1970-01-01T00:00:00.000Z</time></trkpt><trkpt lat="56.2967811" lon="84.8097033"><ele>68.7</ele><time>1970-01-01T00:00:00.000Z</time></trkpt><trkpt lat="56.2967844" lon="84.8096869"><ele>69</ele><time>1970-01-01T00:00:00.000Z</time></trkpt><trkpt lat="56.2968043" lon="84.8097182"><ele>69.4</ele><time>1970-01-01T00:00:00.000Z</time></trkpt><trkpt lat="56.2968346" lon="84.8097956"><ele>68.8</ele><time>1970-01-01T00:00:00.000Z</time></trkpt><trkpt lat="56.2968629" lon="84.8097958"><ele>68.8</ele><time>1970-01-01T00:00:00.000Z</time></trkpt><trkpt lat="56.2968551" lon="84.8097979"><ele>67.3</ele><time>1970-01-01T00:00:00.000Z</time></trkpt><trkpt lat="56.2967788" lon="84.8098006"><ele>65.1</ele><time>1970-01-01T00:00:00.000Z</time></trkpt><trkpt lat="56.2966854" lon="84.8098086"><ele>65.5</ele><time>1970-01-01T00:00:00.000Z</time></trkpt><trkpt lat="56.2966686" lon="84.8098105"><ele>65.5</ele><time>1970-01-01T00:00:00.000Z</time></trkpt><trkpt lat="56.2966875" lon="84.8098084"><ele>65.5</ele><time>1970-01-01T00:00:00.000Z</time></trkpt><trkpt lat="56.296721" lon="84.8097927"><ele>60.2</ele><time>1970-01-01T00:00:00.000Z</time></trkpt><trkpt lat="56.2967607" lon="84.8097851"><ele>60.2</ele><time>1970-01-01T00:00:00.000Z</time></trkpt><trkpt lat="56.296758" lon="84.8097857"><ele>60.1</ele><time>1970-01-01T00:00:00.000Z</time></trkpt><trkpt lat="56.2967647" lon="84.8097915"><ele>69.7</ele><time>1970-01-01T00:00:00.000Z</time></trkpt><trkpt lat="56.2967953" lon="84.8097049"><ele>60.4</ele><time>1970-01-01T00:00:00.000Z</time></trkpt><trkpt lat="56.2968094" lon="84.8096174"><ele>52.7</ele><time>1970-01-01T00:00:00.000Z</time></trkpt><trkpt lat="56.296752" lon="84.8096704"><ele>77.7</ele><time>1970-01-01T00:00:00.000Z</time></trkpt><trkpt lat="56.29669" lon="84.8097093"><ele>74</ele><time>1970-01-01T00:00:00.000Z</time></trkpt><trkpt lat="56.296697" lon="84.8097319"><ele>72.7</ele><time>1970-01-01T00:00:00.000Z</time></trkpt><trkpt lat="56.2967029" lon="84.8097386"><ele>74.8</ele><time>1970-01-01T00:00:00.000Z</time></trkpt><trkpt lat="56.2967135" lon="84.809738"><ele>75.9</ele><time>1970-01-01T00:00:00.000Z</time></trkpt><trkpt lat="56.2967229" lon="84.8097414"><ele>75.8</ele><time>1970-01-01T00:00:00.000Z</time></trkpt><trkpt lat="56.2967217" lon="84.8097106"><ele>76.1</ele><time>1970-01-01T00:00:00.000Z</time></trkpt><trkpt lat="56.2966994" lon="84.8097455"><ele>75.3</ele><time>1970-01-01T00:00:00.000Z</time></trkpt><trkpt lat="56.2966808" lon="84.809764"><ele>74.6</ele><time>1970-01-01T00:00:00.000Z</time></trkpt><trkpt lat="56.2966766" lon="84.8097655"><ele>74.4</ele><time>1970-01-01T00:00:00.000Z</time></trkpt><trkpt lat="56.2966589" lon="84.8097899"><ele>74.7</ele><time>1970-01-01T00:00:00.000Z</time></trkpt><trkpt lat="56.296668" lon="84.809793"><ele>74.9</ele><time>1970-01-01T00:00:00.000Z</time></trkpt><trkpt lat="56.2966669" lon="84.8097902"><ele>74.9</ele><time>1970-01-01T00:00:00.000Z</time></trkpt><trkpt lat="56.296651" lon="84.8097966"><ele>74.4</ele><time>1970-01-01T00:00:00.000Z</time></trkpt><trkpt lat="56.2966478" lon="84.8097811"><ele>74.5</ele><time>1970-01-01T00:00:00.000Z</time></trkpt><trkpt lat="56.2966522" lon="84.8097805"><ele>74.5</ele><time>1970-01-01T00:00:00.000Z</time></trkpt><trkpt lat="56.2966424" lon="84.8097789"><ele>74.3</ele><time>1970-01-01T00:00:00.000Z</time></trkpt><trkpt lat="56.2966432" lon="84.8097727"><ele>75.3</ele><time>1970-01-01T00:00:00.000Z</time></trkpt><trkpt lat="56.2966566" lon="84.8097551"><ele>75.2</ele><time>1970-01-01T00:00:00.000Z</time></trkpt></trkseg></trk></gpx>